event_id,ticker,catalyst_type,catalyst_date,indication_text,is_cns,status
1,ADAG,Other,2026-04-20,Cancer; Colorectal cancer ; Solid tumor/s,0,occurred
4,AGEN,Phase2,2026-04-21,Metastatic colorectal cancer,0,occurred
6,AGEN,Phase2,2026-04-20,Gastroesophageal adenocarcinomas; Gastroesophageal junction tumors,0,occurred
7,AGIO,Other,,Beta thalessemia,0,occurred
8,ALZN,Phase2,,,0,occurred
9,AMRX,Other,,Osteoporosis,0,occurred
10,APGE,Other,,Asthma,0,occurred
11,ARGX,Phase3,2026-04-20,Myasthenia gravis,0,occurred
12,ARVN,Other,2026-12-31,B-cell lymphoma; Blood cancer; Cancer,0,upcoming
13,ASMB,Other,2026-04-17,Genital herpes (HSV); Sexually transmitted infections,0,occurred
15,ATAI,Phase2,,Mental health; Social Anxiety Disorder,0,occurred
16,ATNM,Other,2026-04-21,Solid tumor/s,0,occurred
18,AZN,Other,,Breast cancer; Cancer,0,occurred
19,BCAB,Other,,Cancer; Carcinoma ,0,occurred
20,BCRX,Other,,Hereditary angioedema ; Rare diseases; Rare genetic disease,0,occurred
21,BCYC,Phase2/3,2026-05-31,Bladder cancer; Cancer; Solid tumor/s; Urothelial cancer,0,occurred
22,BCYC,Other,,Cancer; Solid tumor/s,0,occurred
23,BCYC,Other,,Breast cancer; Cancer; Solid tumor/s,0,occurred
24,BIIB,Other,,Spinal muscular atrophy ,1,occurred
25,BOLD,Other,,Cancer; Solid tumor/s,0,occurred
26,CABA,Other,2026-04-20,Myasthenia gravis,0,occurred
27,CALC,Phase2,2026-06-30, Acute Kidney Injury; Kidney disease,0,upcoming
28,CAMP,Other,,Urea cycle disorder,0,occurred
29,CATX,Other,2026-12-31,Neuroendocrine tumor,0,upcoming
30,CLDX,Phase3,,Chronic inducible urticaria,0,occurred
31,CNTB,Other,,Respiratory conditions,0,occurred
33,COCP,Other,2026-04-27,COVID-19; Norovirus,0,occurred
34,CORT,Other,,Cancer; Ovarian cancer; Solid tumor/s,0,occurred
35,HELP,Phase2,,Anxiety Disorders,0,occurred
36,CYTK,Other,,Hypertrophic cardiomyopathies ,0,occurred
37,DNLI,Other,,Hunter syndrome MPS II,0,occurred
38,DRUG,Phase2,,Developmental and Epileptic Encephalopathy ; Epilepsy,1,occurred
39,ELDN,PDUFA,2026-12-31,Islet Cell Transplantation; Type 1 diabetes,0,upcoming
40,ELDN,Other,2026-12-31,Kidney transplantation,0,upcoming
41,ENTA,Phase2,2026-05-19,Respiratory syncytial virus; Respiratory virus; Viral infection,0,occurred
42,ENTX,Other,,Osteoporosis,0,occurred
43,FGEN,Other,,Cancer; Castration-resistant prostate cancer,0,occurred
44,FULC,Other,2026-06-30,Sickle cell disease,0,upcoming
45,GLPG,Other,,High Refractory Multiple Myeloma; Multiple myeloma,0,occurred
46,GLSI,Phase3,,Breast cancer,0,occurred
47,GOSS,PDUFA,2026-06-15,Lung disease; Pulmonary arterial hypertension; Rare diseases,0,upcoming
48,GRCE,PDUFA,2026-04-23,Aneurysmal subarachnoid hemorrhage ,1,occurred
49,GSK,Other,,Asthma; Chronic rhinosinusitis with nasal polyps,0,occurred
50,IDYA,Other,,Bladder cancer; Cancer; Solid tumor/s; Urothelial cancer,0,occurred
51,IDYA,Other,2026-12-31,Melanoma; Neuroendocrine tumor; Small cell lung cancer,1,upcoming
52,IMMP,Other,,Cancer; Non-small cell lung carcinoma,1,occurred
53,IMVT,Other,,Thyroid Eye Disease ,0,occurred
54,INKT,Phase2,2026-04-20,Gastric cancer; Gastroesophageal adenocarcinomas,0,occurred
55,INVA,Other,,Uncomplicated Gonorrhoea,0,occurred
56,IPHA,Phase2,2026-04-21,Cancer; Lung cancer; Non-small cell lung carcinoma,1,occurred
57,IPHA,Other,,Cancer; Non-Hodgkin lymphoma,0,occurred
58,IPSEY,Other,,Follicular lymphoma,0,occurred
59,JAZZ,Phase2,2026-04-18,Breast cancer; Cancer,0,occurred
60,JSPR,Other,,Chronic inducible urticaria; Urticaria,0,occurred
61,KMDA,Other,,Severe alpha-1 antitrypsin deficiency,0,occurred
62,KOD,Other,,Non-proliferative diabetic retinopathy,0,occurred
63,KURA,Other,2026-12-31,Cancer; Renal cell carcinoma; Solid tumor/s,0,upcoming
64,KYTX,Phase2,2026-12-31,Myasthenia gravis,0,upcoming
65,KYTX,Phase2,2026-04-21,Stiff Person Syndrome,0,occurred
66,LLY,Other,,Obesity,0,occurred
67,LLY,Phase3,,Obesity; Psoriasis,0,occurred
68,LPCN,Phase3,2026-05-26,Postpartum depression,1,occurred
69,MGNX,Other,,Cancer; Castration-resistant prostate cancer; Solid tumor/s,0,occurred
70,MGTX,Other,,Salivary gland,0,occurred
71,MIST,Other,,Paroxysmal supraventricular tachycardia,1,occurred
72,MLTX,Phase2,,Axial spondyloarthritis ,0,occurred
73,MLYS,Phase2,,Hypertension; Obstructive sleep apnea ,0,occurred
74,MRK,Other,,Human immunodeficiency virus; Viral infection,0,occurred
75,MRK,Other,,Ovarian cancer,0,occurred
76,MURA,Other,,Cancer; Ovarian cancer; Platinum-resistant ovarian cancer; Solid tumor/s,0,occurred
77,NVCR,Phase2,,Cancer; Pancreatic cancer,0,occurred
78,OMER,Other,,Hematopoietic cell transplantation ,0,occurred
79,PHGE,Other,,Cystic fibrosis; Infectious disease,0,occurred
80,PLRX,Other,2026-05-30,Cancer; Solid tumor/s,0,occurred
81,PTGX,Other,,Psoriasis,0,occurred
82,QURE,Other,,Fabry disease; Genetic disorder,0,occurred
83,RCKT,Other,,Immunodeficiency; Leukocyte Adhesion Deficiency,0,occurred
84,RCUS,Other,,Cancer; Gastroesophageal adenocarcinomas; Gastroesophageal junction tumors; Gastrointestinal stromal tumors,0,occurred
85,ABSI,Other,2026-06-30,Androgenetic alopecia,0,upcoming
86,ABVX,Phase3,2026-06-30,Ulcerative colitis,0,upcoming
87,ACHV,PDUFA,2026-06-20,Smoking cessation,0,upcoming
88,ACIU,Other,2026-06-30,Alzheimer's disease; Down Syndrome; Neurological disorder,1,upcoming
89,ADCT,Phase3,2026-06-30,Diffuse large B cell lymphoma,0,upcoming
90,AKRO,Phase3,2026-06-30,Cirrhosis; Non-alcoholic steatohepatitis,0,delisted
92,ALGS,Phase2,2026-12-31,Chronic hepatitis B,0,upcoming
93,ALLO,Other,2026-12-31,Autoimmune disease,0,upcoming
94,ALXO,Other,,Breast cancer; Cancer,0,occurred
95,AMLX,Other,2026-06-30,Amyotrophic lateral sclerosis,1,upcoming
96,APGE,Phase2,2026-06-30,Atopic dermatitis,0,upcoming
97,APRE,Other,2026-06-30,Cancer; Solid tumor/s,0,upcoming
98,AQST,Other,2026-06-30,Alopecia areata,0,upcoming
99,ARGX,Phase2,2026-06-30,Dermatomyositis ,0,upcoming
100,ARGX,Phase2,2026-06-30,Amyotrophic lateral sclerosis,1,upcoming
101,ARGX,Other,2026-06-30,,0,upcoming
103,ARGX,Other,,Autoimmune disease; Myasthenia gravis,0,occurred
104,ARQT,PDUFA,2026-06-29,Psoriasis; Skin disease/disorder,0,upcoming
105,ARTV,Phase2,2026-06-06,Chronic granulomatous disease; Mucosal Pemphigus Vulgaris; Rheumatoid arthritis; Systemic lupus erythematosus,0,occurred
106,ARVN,Other,,Breast cancer; Cancer; Solid tumor/s,0,occurred
107,ASMB,Other,2026-05-27,Hepatitis D; Hepatitis Delta Virus; Liver disease; Liver infection,0,occurred
108,ASND,Phase2,2026-06-30,Achondroplasia,0,upcoming
110,AVDL,Phase3,2026-06-30,Idiopathic hypersomnia,0,delisted
111,AVTX,Other,,Autoimmune disease; Hidradenitis suppurativa,0,occurred
112,AXSM,PDUFA,2026-04-30,Alzheimer's disease,1,occurred
113,AZN,Other,,Breast cancer,0,occurred
114,AZN,Other,,Resistant Hypertension,0,occurred
115,AZN,Other,,Non-muscle invasive bladder cancer,0,occurred
116,AZN,Phase3,,Chronic obstructive pulmonary disease,0,occurred
117,BCAX,Other,2026-05-30,Cancer; Head and neck squamous cell carcinoma,0,occurred
118,BCDA,Phase2,,Angina; Myocardial ischemia,0,occurred
119,BCTX,Phase3,2026-06-02,Breast cancer; Cancer,0,occurred
120,BCYC,Other,2026-06-30,Cancer; Solid tumor/s,0,upcoming
121,BCYC,Phase2,2026-06-30,Cancer; Pancreatic ductal adenocarcinoma ,0,upcoming
122,BDTX,Phase2,2026-05-30,Cancer; Non-small cell lung carcinoma,1,occurred
124,BIIB,PDUFA,2026-08-24,Alzheimer's disease,1,upcoming
125,BINV,Phase2,2026-06-30,Cancer; Non-Hodgkin lymphoma; Solid tumor/s,0,upcoming
127,BIOA,Other,,Obesity,0,occurred
128,BMEA,Phase2,2026-06-05,Type 1 diabetes,0,occurred
129,BMEA,Other,2026-09-30,Obesity,0,upcoming
130,BMRN,Other,2026-09-30,Hypochondroplasia,0,upcoming
132,CABA,Other,2026-06-30,Systemic sclerosis,0,upcoming
135,CADL,Phase3,2026-05-15,Cancer; Intermediate/high-risk Prostate cancer; Solid tumor/s,0,occurred
136,CAPR,Other,2026-06-30,COVID-19,0,upcoming
137,CGEM,Other,2026-09-30,Rheumatoid arthritis,0,upcoming
139,CGON,Phase3,2026-06-30,Cancer; Non-muscle invasive bladder cancer,0,upcoming
140,CGON,Phase2,2026-12-31,Cancer; Non-muscle invasive bladder cancer,0,upcoming
141,CHRS,Other,2026-06-30,Cancer; Colorectal cancer ; Gastric cancer; Head and neck squamous cell carcinoma; Solid tumor/s,0,upcoming
142,CING,PDUFA,2026-05-31,Attention deficit hyperactivity disorder; Mental health,0,occurred
143,CMPX,Other,2026-12-31,Biliary Tract Cancer; Cancer,0,upcoming
144,CMPX,Other,2026-12-31,Cancer; Solid tumor/s,0,upcoming
145,CNTX,Other,2026-06-30,Cervical cancer; Ovarian cancer; Solid tumor/s; Testicular cancer,0,upcoming
146,COGT,PDUFA,2026-11-30,Cancer; Gastrointestinal stromal tumors,0,upcoming
147,CRBP,Other,2026-05-21,Cancer; Solid tumor/s; Urothelial cancer,0,occurred
148,CRDF,Other,,Cancer; Metastatic colorectal cancer,0,occurred
149,CRMD,Other,2026-12-31,Fungal infections,0,upcoming
150,CTNM,Other,2026-04-30,Chronic pain,0,occurred
151,CYTK,Phase3,,Hypertrophic cardiomyopathies ; non-obstructive Hypertropic Cardiomyopathy (nHCM),0,occurred
152,MNMD,Phase3,2026-08-15,Anxiety Disorders,0,upcoming
153,DNLI,Phase2,2026-06-30,Cutaneous lupus erythematosus; Lupus nephritis; Ulcerative colitis,0,upcoming
154,DTIL,Other,,Ornithine transcarbmylase deficiency,0,occurred
156,EDSA,Phase3,2026-06-05, Acute Kidney Injury,0,occurred
157,ELTX,Phase2,2026-06-30,Cancer; Pancreatic cancer,0,upcoming
158,ERAS,Other,,Solid tumor/s,0,occurred
159,EVAX,Phase2,2026-12-31,Cancer; Melanoma; Solid tumor/s,0,upcoming
160,EVMN,Phase2,2026-06-30,Chronic spontaneous urticaria,0,upcoming
161,EWTX,Phase2,2026-06-30,Heart disease; Hypertrophic cardiomyopathies ,0,upcoming
162,EWTX,Other,2026-06-30,Heart failure,0,upcoming
163,FBRX,Other,2026-06-30,Vitiligo,0,upcoming
164,GALT,Phase2/3,,Metabolic dysfunction-associated steatohepatitis ; Non-alcoholic steatohepatitis,0,occurred
165,GLPG,Phase2,2026-06-30,Systemic lupus erythematosus,0,upcoming
166,GNPX,Phase2,2026-06-30,Cancer; Lung cancer; Non-small cell lung carcinoma,1,upcoming
167,GUTS,Phase2,2026-09-30,Obesity; Type 2 diabetes,0,upcoming
168,HCWB,Other,2026-06-30,Alopecia areata,0,upcoming
169,HOWL,Other,2026-06-30,Cancer; Non-Hodgkin lymphoma; Solid tumor/s,0,upcoming
170,IMMP,Other,2026-12-31,Autoimmune disease,0,upcoming
171,IMRX,Phase2,,Cancer; Pancreatic cancer; Solid tumor/s,0,occurred
172,IMTX,Other,2026-12-31,Endometrial cancer,0,upcoming
174,INBX,Phase2/3,2026-06-30,Cancer; Head and neck squamous cell carcinoma; Solid tumor/s,0,upcoming
175,INBX,Other,2026-06-30,Cancer; Colorectal cancer ; Metastatic colorectal cancer,0,upcoming
176,IONS,PDUFA,2026-06-30,Severe hypertriglyceridemia,0,upcoming
177,IONS,Phase3,2026-06-30,Cardiovascular disease ; Heart disease,0,upcoming
178,IPHA,Other,2026-06-30,Cancer; Solid tumor/s,0,upcoming
179,IPSEY,Phase2,2026-12-31,Glabellar lines ,0,upcoming
180,JBIO,Other,2026-06-30,IgA nephropathy,0,upcoming
181,KTTA,Other,2026-06-30,Cancer; Solid tumor/s,0,upcoming
182,KURA,Other,2026-05-30,Cancer; Non-small cell lung carcinoma; Solid tumor/s,1,occurred
183,KURA,Other,2026-06-12,Acute myeloid leukemia; Blood cancer; Cancer,0,upcoming
185,LLY,Phase3,2026-06-06,Type 2 diabetes,0,occurred
186,LNTH,PDUFA,2026-06-29,Neuroendocrine tumor,0,upcoming
187,LYEL,Other,2026-12-31,Metastatic colorectal cancer,0,upcoming
188,MBRX,Phase3,2026-06-30,Acute myeloid leukemia; Blood cancer; Cancer,0,upcoming
189,MBX,Other,,Post-Bariatric Hypoglycemia,0,occurred
190,MCRB,Other,2026-06-30,Bowel disorder; Inflammatory bowel disease,0,upcoming
191,MIRA,Other,2026-04-30,Acute Suicidal Ideation and Behavior; Major depressive disorder; Mental health; Neuropathic pain; Post-traumatic stress disorder; Treatment Resistant Depression,1,occurred
192,MIRM,Phase2,2026-05-30,Liver disease; Primary sclerosing cholangitis,0,occurred
193,MIRM,Phase3,2026-12-31,Hepatitis D; Hepatitis Delta Virus,0,upcoming
195,MLTX,Phase3,2026-06-30,Hidradenitis suppurativa,0,upcoming
196,MNKD,PDUFA,2026-05-29,Diabetes; Type 1 diabetes; Type 2 diabetes,0,occurred
197,MRK,PDUFA,2026-06-19,Renal cell carcinoma,0,upcoming
198,MRKR,Other,2026-06-30,Cancer; Non-Hodgkin lymphoma,0,upcoming
199,NKTR,Phase2,2026-12-31,Alopecia areata; Autoimmune disease,0,upcoming
200,NMRA,Phase3,2026-06-30,Major depressive disorder; Mental health,0,upcoming
201,NVCR,Phase3,2026-06-30,Cancer; Glioblastoma,0,upcoming
202,NXTC,Other,,Solid tumor/s,0,occurred
203,OLMA,Other,2026-05-30,Cancer; ER+/HER2- breast cancer,0,occurred
204,ONC,Other,,Mantle cell lymphoma,0,occurred
205,ONC,Other,2026-06-30,Chronic spontaneous urticaria,0,upcoming
206,ORKA,Phase2,2026-12-31,Psoriasis,0,upcoming
207,OSTX,Other,2026-06-30,Prostate cancer,0,upcoming
208,PASG,Other,2026-06-30,Frontotemporal dementia; Neurological disorder,1,upcoming
209,PBYI,Phase2,2026-06-30,Breast cancer; Cancer; ER+/HER2- breast cancer,0,upcoming
211,PFE,Phase2,2026-06-06,Obesity,0,occurred
212,PHIO,Other,2026-06-30,Cancer; Cutaneous squamous cell carcinoma; Melanoma; Metastatic merkel cell carcinoma,0,upcoming
213,PRAX,Phase2/3,,Epilepsy; Focal Onset Seizures,1,occurred
214,PRQR,Other,2026-06-30,Cholestatic Liver Disease,0,upcoming
215,QURE,Other,,Amyotrophic lateral sclerosis,1,occurred
217,RARE,Other,2026-12-31,Rare diseases; Wilson's disease,0,upcoming
218,RGNX,Other,,Duchenne muscular dystrophy; Genetic disorder; Rare diseases; Rare genetic disease,0,occurred
219,CYDY,Phase2,2026-04-21,Cancer; Metastatic colorectal cancer; Solid tumor/s,0,occurred
220,ABCL,Other,2026-08-15,Atopic dermatitis,0,upcoming
221,ABCL,Phase2,2026-09-30,Hot flashes,0,upcoming
222,ABOS,Phase2,2026-12-31,Alzheimer's disease,1,upcoming
223,ABVX,Phase2,2026-12-31,Crohns disease,0,upcoming
224,ACET,Other,2026-12-31,Rheumatoid arthritis,0,upcoming
225,ACIU,Phase2,2026-12-31,Parkinson's disease,1,upcoming
226,ACIU,Other,2026-12-31,Neurological disorder,1,upcoming
227,ACRS,Phase2,2026-12-31,Atopic dermatitis,0,upcoming
228,ACRS,Other,2026-12-31,Asthma; Atopic dermatitis,0,upcoming
229,ADAG,Phase2,2026-12-31,Cancer; Colorectal cancer ,0,upcoming
230,ADCT,Other,2026-12-31,Blood cancer; Cancer; Diffuse large B cell lymphoma; Non-Hodgkin lymphoma,0,upcoming
231,ADCT,Phase2,2026-12-31,Blood cancer; Cancer; Marginal zone lymphoma,0,upcoming
232,AGEN,Phase2,2026-12-31,Colorectal cancer ,0,upcoming
233,AGIO,Phase2,2026-12-31,Blood disorder; Sickle cell disease,0,upcoming
234,ALMS,Phase2,2026-09-30,Systemic lupus erythematosus,0,upcoming
235,ALT,Phase2,2026-09-30,Alcohol use disorder,0,upcoming
236,ALXO,Other,2026-12-31,Cancer; Solid tumor/s,0,upcoming
237,ALZN,Phase2,2026-09-30,Bipolar disease,1,upcoming
238,AMLX,Phase3,2026-09-30,Congenital Hyperinsulinism; Hyperinsulinism; Post-Bariatric Hypoglycemia,0,upcoming
239,ANAB,Other,2026-12-31,Inflammatory disease,0,upcoming
240,ANAB,Phase3,2028-12-31,Cancer; Colorectal cancer ; Solid tumor/s,0,upcoming
241,ANAB,Phase2,2026-12-31,Cancer; Colorectal cancer ,0,upcoming
242,ANNX,Phase3,2026-12-31,Eye disease ; Geographic atrophy,0,upcoming
243,ANNX,Other,2026-12-31,Autoimmune disease; Cold agglutinin disease,0,upcoming
244,ANRO,Phase2,2026-08-15,Major depressive disorder,0,upcoming
245,ANRO,Phase2,2026-12-31,Bipolar depression,1,upcoming
246,ANTX,Phase2,2027-12-31,Nontuberculous mycobacterial lung disease,0,upcoming
247,APGE,Other,2026-12-31,Atopic dermatitis,0,upcoming
248,ARDX,Phase3,2027-12-31,Constipation,0,upcoming
249,ARGX,Phase3,2026-12-31,Primary immune thrombocytopenia,0,upcoming
250,ARGX,Phase3,2027-12-31,Polyneuropathy,0,upcoming
251,ARGX,Phase2,2026-08-15,Delayed graft function,0,upcoming
252,ARGX,Phase2/3,2026-09-30,Anti-synthetase syndrome; Dermatomyositis ; Idiopathic inflammatory myopathy / myositis; Immune-mediated necrotizing myopathy,0,upcoming
253,ARVN,Other,2026-12-31,Cancer,0,upcoming
254,ARWR,Phase3,2026-08-15,Severe hypertriglyceridemia,0,upcoming
255,ARWR,Other,2026-12-31,Alzheimer's disease,1,upcoming
256,ATAI,Phase2,2026-12-31,Treatment Resistant Depression,1,upcoming
257,ATOS,Phase2,2026-12-31,Metastatic breast cancer,0,upcoming
258,AURA,Phase3,2027-12-31,Choroidal Melanoma; Primary Choroidal Melanoma,0,upcoming
259,AURA,Other,2026-08-15,Muscle-invasive bladder cancer; Non-muscle invasive bladder cancer,0,upcoming
260,AURA,Phase2,2026-12-31,Choroidal Metastasis,0,upcoming
261,AURA,Other,2026-12-31,Cancer; Eye disease ; Opthalmology,0,upcoming
262,AUTL,Other,2026-12-31,relapsed or refractory light chain amyloidosis,0,upcoming
263,AUTL,Phase2,2027-12-31,B-cell acute lymphoblastic leukemia; B-cell lymphoma; Non-Hodgkin lymphoma,0,upcoming
264,AUTL,Phase2,2028-12-31,Lupus nephritis,0,upcoming
265,AVBP,Phase3,2026-08-15,Non-small cell lung carcinoma,1,upcoming
266,AVBP,Other,2026-12-31,Cancer; Digestive tract; Solid tumor/s,0,upcoming
267,AVIR,Phase3,2026-08-15,Hepatitis C,0,upcoming
268,AXSM,Phase3,2026-12-31,Binge eating disorder,0,upcoming
269,AXSM,Phase3,2027-12-31,Shift work disorder,0,upcoming
270,AZTR,Other,2026-12-31,Netherton syndrome,0,upcoming
271,AZTR,Other,2026-12-31,Skin disease/disorder,0,upcoming
272,BCAX,Other,2026-12-31,Cancer; Metastatic colorectal cancer,0,upcoming
273,BCRX,Other,2026-12-31,Netherton syndrome,0,upcoming
274,BEAM,Other,2026-12-31,Gene & Cell therapies; Glycogen Storage Disease Type Ia ,0,upcoming
275,BFRI,PDUFA,2026-09-28,Superficial basal cell carcinoma,0,upcoming
276,BHVN,Phase2,2026-12-31,Obesity,0,upcoming
277,BHVN,Phase2/3,2026-12-31,Bipolar disease; Epilepsy; Focal Onset Seizures; Major depressive disorder,1,upcoming
278,BIIB,Phase3,2027-12-31,Cutaneous lupus erythematosus,0,upcoming
279,BINV,Phase2,2026-12-31,Non-small cell lung carcinoma; Uveal melanoma,1,upcoming
280,BIVI,Phase2,2026-09-30,Parkinson's disease,1,upcoming
281,BIVI,Phase2,2026-09-15,COVID-19,0,upcoming
282,BLRX,Phase2,2026-12-31,Cancer; Pancreatic cancer; Solid tumor/s,0,upcoming
283,BMEA,Phase2,2026-12-31,Obesity; Type 2 diabetes,0,upcoming
284,BMEA,Phase2,2026-12-31,Type 2 diabetes,0,upcoming
285,BMY,Phase3,2026-12-31,Alzheimer's disease; Mental health; Schizophrenia,1,upcoming
286,BMY,PDUFA,2026-08-17,Multiple myeloma,0,upcoming
287,BOLD,Other,2028-12-31,,0,upcoming
288,BOLT,Other,2026-09-30,Cancer; Gastric cancer,0,upcoming
289,BRNS,Other,2026-12-31,Celiac disease,0,upcoming
290,CADL,Other,2026-12-31,Cancer; Glioma; Solid tumor/s,0,upcoming
291,CAPR,PDUFA,2026-08-22,Duchenne muscular dystrophy,0,upcoming
292,CATX,Other,2026-12-31,Solid tumor/s,0,upcoming
293,CELC,PDUFA,2026-07-17,Breast cancer,0,upcoming
294,CGEM,Phase3,2026-12-31,Non-small cell lung carcinoma,1,upcoming
295,CGEM,Other,2026-12-31,Sjögren’s Disease ,0,upcoming
296,CGEN,Phase2,2026-12-31,Cancer; Hepatobiliary cancer; Non-small cell lung carcinoma,1,upcoming
297,CGTX,Phase2,2027-12-31,Alzheimer's disease,1,upcoming
298,CHRS,Phase2,2026-08-15,Cancer; Hepatocellular carcinoma,0,upcoming
299,CHRS,Other,2026-08-15,Castration-resistant prostate cancer; Colorectal cancer ; Esophageal Squamous Cell Carcinoma; Gastroesophageal adenocarcinomas; Head and neck squamous cell carcinoma,0,upcoming
300,CLDX,Phase3,2026-12-31,Chronic spontaneous urticaria; Chronic urticaria; KIT/Mast cell diseases,0,upcoming
301,CLDX,Phase2,2026-08-31,Prurigo nodularis; Skin disease/disorder,0,upcoming
302,CLDX,Phase2,2026-12-31,Atopic dermatitis; Skin disease/disorder,0,upcoming
303,CLDX,Other,2026-09-30,Inflammatory disease,0,upcoming
304,CLLS,Other,2026-06-13,Cancer; Non-Hodgkin lymphoma,0,upcoming
305,CLRB,Other,2026-08-15,Triple-negative breast cancer ,0,upcoming
306,CLYM,Phase2,2026-12-31,Kidney disease; Primary Membranous Nephropathy,0,upcoming
307,CMPS,Phase3,2026-08-15,Treatment Resistant Depression,1,upcoming
308,CNTB,Phase2,2026-08-15,Chronic obstructive pulmonary disease,0,upcoming
309,CNTX,Other,2026-09-30,Solid tumor/s,0,upcoming
310,COGT,Other,,Cholangiocarcinoma,0,occurred
311,CORT,Phase2,2026-12-31,Non-alcoholic steatohepatitis,0,upcoming
312,CORT,Phase2,2026-12-31,Platinum-resistant ovarian cancer,0,upcoming
313,CORT,Phase2,2027-12-31,Endometrial cancer,0,upcoming
314,COYA,Phase2,2027-12-31,Amyotrophic lateral sclerosis,1,upcoming
315,COYA,Phase2,2026-12-31,Alzheimer's disease; Neurodegenerative disease,1,upcoming
316,CRBP,Other,2026-08-15,Obesity,0,upcoming
317,CRBU,Other,2026-06-14,Blood cancer; Cancer; Multiple myeloma,0,upcoming
318,CRSP,Phase2,2026-12-31,Venous thromboembolism,0,upcoming
319,CRSP,Other,2026-12-31,Atherosclerotic cardiovascular disease ,0,upcoming
320,CRSP,Other,2026-12-31,Systemic lupus erythematosus,0,upcoming
321,CRVS,Phase3,2026-12-31,Blood cancer; Cancer; Peripheral T-cell Lymphomas,0,upcoming
322,CTMX,Other,2026-12-31,Cancer; Metastatic colorectal cancer,0,upcoming
323,CTMX,Other,2026-12-31,Cancer; Melanoma; Solid tumor/s,0,upcoming
324,HELP,Phase3,2026-12-31,Major depressive disorder,0,upcoming
325,CYTK,PDUFA,2026-11-14,Hypertrophic cardiomyopathies ,0,upcoming
326,DARE,Phase3,2027-12-31,Contraceptive,0,upcoming
327,DAWN,Other,2026-12-31,Solid tumor/s,0,upcoming
328,DAWN,Other,2026-08-15,Cancer; Carcinoma ,0,upcoming
329,MNMD,Phase3,2026-06-30,Major depressive disorder,0,upcoming
330,DMAC,Phase2/3,2026-12-31,Heart disease; Ischemic stroke,0,upcoming
331,DNLI,Phase2,2026-08-15,Parkinson's disease,1,upcoming
332,DNLI,Other,2026-12-31,Frontotemporal dementia with GRN mutations ,1,upcoming
333,DNTH,Phase2,2026-12-31,Multifocal motorneuropathy ,0,upcoming
334,DNTH,Other,2026-12-31,Systemic lupus erythematosus,0,upcoming
335,DSGN,Other,2026-12-31,Friedreich’s Ataxia,0,upcoming
336,DSGN,Phase2,2026-12-31,Eye disease ; Fuchs Endothelial Corneal Dystrophy ,0,upcoming
337,DTIL,Other,2026-12-31,B-cell lymphoma; Cancer; Diffuse large B cell lymphoma,0,upcoming
338,DVAX,Other,2026-12-31,Influenza,0,upcoming
339,DWTX,Phase2,2026-09-30,Chemotherapy-induced neuropathic pain; Neuropathic pain,0,upcoming
340,ELVN,Other,2026-06-11,Blood cancer; Cancer; Chronic myelomonocytic leukemia,0,upcoming
341,ENGN,Phase2,2026-12-31,Non-muscle invasive bladder cancer,0,upcoming
342,ENTA,Other,2026-12-31,Chronic spontaneous urticaria,0,upcoming
343,ENTX,Other,2026-12-31,Metabolic disorder; Obesity,0,upcoming
344,ERAS,Other,2026-12-31,Solid tumor/s,0,upcoming
345,EVMN,Phase2,2026-09-30,Atopic dermatitis,0,upcoming
346,EWTX,Phase2,2026-12-31,Becker Muscular Dystrophy,0,upcoming
347,EYPT,Phase3,2026-08-15,Macular degeneration; Wet age-related macular degeneration ,0,upcoming
348,EYPT,Phase3,2027-12-31,Diabetic macular edema,0,upcoming
349,FATE,Other,2026-12-31,Multiple myeloma,0,upcoming
350,FBRX,Phase2,2026-12-31,Celiac disease,0,upcoming
351,FBRX,Other,2026-12-31,Alopecia areata,0,upcoming
352,FDMT,Other,2026-09-30,Wet age-related macular degeneration ,0,upcoming
353,FGEN,Phase2,2026-12-31,Castration-resistant prostate cancer; Prostate cancer,0,upcoming
354,GANX,Other,2026-10-31,Parkinson's disease,1,upcoming
355,GLUE,Other,2026-12-31,Inflammatory disease,0,upcoming
356,GMAB,Phase3,2026-12-31,Diffuse large B cell lymphoma,0,upcoming
357,GNLX,Phase3,2026-12-31,Cancer; Ovarian cancer; Platinum-resistant ovarian cancer,0,upcoming
358,GNLX,Phase2,2026-12-31,Cancer; Non-small cell lung carcinoma,1,upcoming
359,GNPX,Other,2026-12-31,Cancer; Lung cancer; Small cell lung cancer,1,upcoming
360,GPCR,Other,2026-09-30,Obesity,0,upcoming
361,GRTX,Other,2026-12-31,Cancer; Metastatic breast cancer,0,upcoming
362,GRTX,Phase2,2027-12-31,Melanoma,0,upcoming
363,HCM,Phase3,2026-12-31,Cancer; Non-small cell lung carcinoma,1,upcoming
364,HRMY,Phase3,2026-12-31,Excessive daytime sleepiness; Genetic disorder; Prader-Willi syndrome; Rare genetic disease,0,upcoming
365,HRMY,Phase3,2027-12-31,Narcolepsy,0,upcoming
366,HRMY,Other,2026-08-15,Idiopathic hypersomnia; Narcolepsy,0,upcoming
367,IDYA,Other,2026-12-31,Cancer; Small cell lung cancer; Solid tumor/s,1,upcoming
368,IFRX,Phase2,2026-12-31,Hidradenitis suppurativa; Skin disease/disorder,0,upcoming
369,IMAB,Phase2,2026-12-31,Cancer; Non-small cell lung carcinoma,1,upcoming
370,IMCR,Other,2026-12-31,Human immunodeficiency virus; Viral infection,0,upcoming
371,IMCR,Phase3,2026-12-31,Cancer; Melanoma,0,upcoming
372,IMCR,Other,2027-12-31,Cancer; Colorectal cancer ; Gastrointestinal stromal tumors,0,upcoming
373,IMCR,Other,2026-12-31,Cancer; Solid tumor/s,0,upcoming
374,IMNM,Other,2026-12-31,B-cell lymphoma,0,upcoming
375,IMTX,Phase3,2026-12-31,Cancer; Melanoma; Solid tumor/s,0,upcoming
376,IMTX,Other,2026-12-31,Cancer; Solid tumor/s,0,upcoming
377,IMTX,Other,2026-05-21,Metastatic Uveal Melanoma,0,occurred
378,IMUX,Phase3,2026-12-31,Autoimmune disease; Multiple sclerosis,1,upcoming
379,IMVT,Phase2,2027-12-31,Graves’ disease ,0,upcoming
380,IMVT,Phase2,2026-12-31,Rheumatoid arthritis,0,upcoming
381,IMVT,Phase2,2027-12-31,Sjögren’s Disease ,0,upcoming
382,IMVT,Phase3,2027-12-31,Myasthenia gravis,0,upcoming
383,IMVT,Phase2,2026-12-31,Cutaneous lupus erythematosus,0,upcoming
384,INAB,Other,,Glioblastoma,0,occurred
385,INAB,Other,2026-12-31,Blood cancer; Cancer; Leukemia,0,upcoming
386,INAB,Phase2,2026-05-07,Cancer; Glioblastoma,0,occurred
387,INBX,Other,2026-12-31,Cancer; Non-small cell lung carcinoma,1,upcoming
388,INCY,Phase3,2026-08-15,Vitiligo,0,upcoming
389,INCY,Phase3,2026-12-31,Prurigo nodularis,0,upcoming
390,INCY,Other,2026-12-31,Cancer,0,upcoming
391,INCY,PDUFA,2026-12-31,Alopecia areata,0,upcoming
392,INKT,Phase2,2026-12-31,Virus-Induced  Acute Respiratory Disease Syndrome,0,upcoming
393,INMB,Other,2026-12-31,Cancer; Castration-resistant prostate cancer; Prostate cancer,0,upcoming
394,INSM,Phase2,2026-12-31,Pulmonary arterial hypertension,0,upcoming
395,IONS,Phase2,2026-12-31,Alzheimer's disease,1,upcoming
396,IONS,Phase3,2026-12-31,IgA nephropathy,0,upcoming
397,IONS,PDUFA,2026-09-22,Alexander Disease ,0,upcoming
398,IONS,Phase3,2027-12-31,Angelman Syndrome,0,upcoming
399,IOVA,Phase2,2026-12-31,Cancer; Non-small cell lung carcinoma,1,upcoming
400,IPHA,Phase3,2026-12-31,Cancer; Non-small cell lung carcinoma; Solid tumor/s,1,upcoming
401,IPSC,Other,2026-12-31,Autoimmune disease; Immune Disorders,0,upcoming
402,IPSEY,Phase3,2026-12-31,Migraines,1,upcoming
403,IRON,Phase3,2026-12-31,erythropoietic porphyrias; X-linked protoporphyria ,0,upcoming
404,IRON,Phase2,2026-12-31,Blood cancer; Cancer; Polycythemia vera,0,upcoming
405,IRON,Phase2,2027-12-31,Anemia; Inflammatory bowel disease,0,upcoming
406,IRON,Other,2026-12-31,Sickle cell disease,0,upcoming
407,IVA,Phase3,2026-12-31,Fatty liver disease; Liver disease; Non-alcoholic steatohepatitis,0,upcoming
408,IVVD,Phase3,2026-09-30,COVID-19,0,upcoming
409,JANX,Other,2026-12-31,Cancer; Castration-resistant prostate cancer; Prostate cancer,0,upcoming
410,JANX,Other,2026-12-31,Autoimmune disease,0,upcoming
411,KNSA,Phase2/3,2026-12-31,Recurrent pericarditis,0,upcoming
412,KOD,Phase3,2026-09-30,Eye disease ; Wet age-related macular degeneration ,0,upcoming
413,KOD,Phase3,2026-12-31,Eye disease ; Macular edema,0,upcoming
414,KPTI,Phase3,2026-08-15,Cancer; Endometrial cancer,0,upcoming
415,KPTI,Phase3,2026-12-31,Multiple myeloma,0,upcoming
416,KPTI,Phase2,2026-12-31,Myelofibrosis; Primary immune thrombocytopenia,0,upcoming
417,KRYS,Other,2026-12-31,Rare genetic disease; Skin disease/disorder,0,upcoming
418,KRYS,Phase3,2026-12-31,Dystrophic epidermolysis bullosa,0,upcoming
419,KRYS,Other,2026-12-31,Neurotrophic Keratopathy,0,upcoming
420,KTTA,Other,2026-12-31,Neurofibromatosis type 1 ,0,upcoming
421,KURA,Other,2026-12-31,Cancer; Gastrointestinal stromal tumors,0,upcoming
422,KURA,Phase3,2028-12-31,Acute myeloid leukemia; Blood cancer; Cancer,0,upcoming
423,KYMR,Phase2,2027-12-31,Asthma,0,upcoming
424,KYMR,Other,2026-12-31,Inflammatory disease,0,upcoming
425,KYTX,Other,2026-12-31,Multiple sclerosis,1,upcoming
426,KYTX,Phase2,2026-12-31,Rheumatoid arthritis,0,upcoming
427,LGVN,Phase2,2026-08-31,Hypoplastic Left Heart Syndrome,0,upcoming
428,LNTH,PDUFA,2026-08-13,Alzheimer's disease,1,upcoming
429,LSTA,Other,2026-12-31,Cancer; Pancreatic cancer,0,upcoming
430,LTRN,Phase2,2026-12-31,Cancer; Non-small cell lung carcinoma,1,upcoming
431,LXEO,Other,2026-12-31,Arrhythmogenic cardiomyopathy,0,upcoming
432,MBX,Other,2026-12-31,Obesity,0,upcoming
433,MDGL,Phase3,2027-12-31,Cirrhosis; Liver disease,0,upcoming
434,MDWD,Phase3,2026-12-31,Venous Leg Ulcers,0,upcoming
435,MGNX,Other,2026-08-15,Cancer; Solid tumor/s,0,upcoming
436,MGNX,Other,2026-12-31,Advanced malignancies; Cancer; Solid tumor/s,0,upcoming
437,MIRM,Phase2,2027-12-31,Fragile X syndrome,0,upcoming
438,MIRM,Phase3,2026-12-31,Cholestatic Liver Disease,0,upcoming
439,MLTX,Phase3,2026-08-15,Hidradenitis suppurativa,0,upcoming
440,MNKD,PDUFA,2026-07-26,Chronic kidney disease; Heart failure,0,upcoming
441,MNOV,Phase2,2026-12-31,Neurological disorder; Neuropathy,1,upcoming
442,MNOV,Phase2/3,2026-12-31,Amyotrophic lateral sclerosis; Neurodegenerative disease,1,upcoming
443,MNOV,Phase2,2026-09-30,Liver disease; Non-alcoholic steatohepatitis,0,upcoming
444,MOLN,Other,2026-12-31,Small cell lung cancer,1,upcoming
445,MPLT,Phase2,2026-08-15,Autism spectrum disorders,1,upcoming
446,MPLT,Phase2,2027-12-31,Psychosis associated with Alzheimer's Disease,1,upcoming
447,MRK,PDUFA,2026-10-10,Cancer; Small cell lung cancer,1,upcoming
448,MRK,PDUFA,2026-10-04,Kidney cancer; Renal cell carcinoma,0,upcoming
449,MRNA,PDUFA,2026-08-05,Influenza,0,upcoming
450,MRNA,Other,2026-12-31,Human immunodeficiency virus,0,upcoming
451,MRNA,Phase3,2026-12-31,Gastroenteritis; Norovirus,0,upcoming
452,MRNA,Other,2026-12-31,Multiple myeloma,0,upcoming
453,NAMS,Phase3,2026-12-31,Metabolic disorder; Type 2 diabetes,0,upcoming
454,NBTX,Other,2026-12-31,Cancer; Non-small cell lung carcinoma,1,upcoming
455,NBTX,Other,2026-12-31,Cancer; Pancreatic cancer,0,upcoming
456,NBTX,Other,2026-12-31,Cancer; Esophageal cancer,0,upcoming
457,NCNA,Other,2026-12-31,Cancer; Melanoma; Solid tumor/s,0,upcoming
458,NERV,Phase3,2027-12-31,Central nervous system illness; Mental health; Schizophrenia,1,upcoming
459,NGNE,Other,2026-08-15,Rare genetic disease; Rett syndrome,0,upcoming
460,NKTR,Phase2,2027-12-31,Autoimmune disease; Type 1 diabetes,0,upcoming
461,NKTX,Other,2026-12-31,ANCA-Associated Vasculitis; Autoimmune disease; Idiopathic inflammatory myopathy / myositis; Scleroderma; Systemic sclerosis,0,upcoming
462,NMRA,Other,2026-12-31,Agitation in Alzheimer's Disease; Alzheimer's disease,1,upcoming
463,NMRA,Other,2026-12-31,Schizophrenia,1,upcoming
464,NRIX,Other,2026-12-31,Autoimmune disease; Chronic Autoimmune and Inflammatory Diseases; Inflammation (General); Inflammatory disease,0,upcoming
465,NRIX,Other,2026-12-31,B-cell malignancies,0,upcoming
466,NTLA,Phase3,2026-08-15,Hereditary angioedema ; Rare diseases; Rare genetic disease,0,upcoming
467,NUVB,Phase3,2027-12-31,"Cancer; High-grade Glioma
",0,upcoming
468,NUVL,PDUFA,2026-09-18,Cancer; Non-small cell lung carcinoma; Solid tumor/s,1,upcoming
469,NXTC,Other,2026-12-31,Breast cancer; Cancer; Endometrial cancer; Ovarian cancer; Solid tumor/s,0,upcoming
470,OCGN,Phase2/3,2026-09-30,Rare genetic disease; Stargardt disease,0,upcoming
471,OLMA,Phase3,2026-09-30,Cancer; Metastatic breast cancer,0,upcoming
472,ONC,Other,2026-12-31,Rheumatoid arthritis,0,upcoming
473,ONCY,Phase2,2026-12-31,Metastatic colorectal cancer,0,upcoming
474,ORIC,Other,2026-12-31,Cancer; Non-small cell lung carcinoma,1,upcoming
475,ORKA,Phase2,2027-12-31,Psoriasis,0,upcoming
476,ORKA,Phase2,2027-12-31,Psoriasis,0,upcoming
477,PCRX,Phase2,2026-12-31,Knee osteoarthritis; Osteoarthritis; Osteoarthritis pain,0,upcoming
478,PCVX,Phase3,2026-12-31,Infectious disease; Invasive pneumococcal disease; Vaccine,0,upcoming
479,PEPG,Phase2,2026-12-31,Myotonic Dystrophy Type 1,0,upcoming
480,PHAR,Phase2,2026-12-31,Immunodeficiency,0,upcoming
481,PHAR,Phase3,2027-12-31,Mitochondrial disease; primary mitochondrial myopathies,0,upcoming
482,PHAT,Phase2,2026-12-31,Eosinophilic Esophagitis,0,upcoming
483,PHVS,Phase3,2026-09-30,Hereditary angioedema ,0,upcoming
484,PLX,Phase2,2027-12-31,Chronic refractory gout,0,upcoming
485,PMN,Other,2026-08-15,Alzheimer's disease; Neurodegenerative disease,1,upcoming
486,PRAX,PDUFA,2026-09-27,Developmental and Epileptic Encephalopathy ,0,upcoming
487,PRAX,Phase3,2027-12-31,Developmental and Epileptic Encephalopathy ,0,upcoming
488,PRTA,Other,2026-12-31,Neurodegenerative disease,0,upcoming
489,PSTV,Phase2,2026-12-31,Cancer; Glioblastoma,0,upcoming
490,PSTV,Phase2,2026-09-30,Breast cancer; Cancer,0,upcoming
491,PTGX,PDUFA,2026-08-31,Blood cancer; Cancer; Polycythemia vera,0,upcoming
492,PTHS,Other,2026-12-31,Dry eye disease ; Neuropathic Corneal Pain,0,upcoming
493,PTN,Phase2,2026-12-31,"Erectile dysfunction
",0,upcoming
494,PYXS,Other,2026-12-31,Cancer; Solid tumor/s,0,upcoming
495,PYXS,Other,2026-08-15,Cancer; Head and neck squamous cell carcinoma,0,upcoming
496,QNRX,Phase3,2026-12-31,Netherton syndrome,0,upcoming
497,QTTB,Phase2,2026-08-15,Alopecia areata; Skin disease/disorder,0,upcoming
498,RARE,Phase3,2026-12-31,Angelman Syndrome,0,upcoming
499,RARE,PDUFA,2026-08-23,Glycogen Storage Disease Type Ia ,0,upcoming
500,RARE,PDUFA,2026-09-19,Rare diseases; Sanfilippo Syndrome,0,upcoming
501,RCUS,Other,2026-08-15,Cancer; Renal cell carcinoma; Solid tumor/s,0,upcoming
502,RCUS,Other,2026-12-31,Cancer; Kidney cancer; Renal cell carcinoma,0,upcoming
503,REGN,PDUFA,2026-08-31,Fibrodysplasia ossificans progressiva,0,upcoming
504,REPL,Phase2,2026-12-31,Cancer; Hepatocellular carcinoma,0,upcoming
505,RFL,Phase3,2026-09-30,Niemann Pick Disease Type C,0,upcoming
506,RGNX,Phase3,2026-12-31,Age-related macular degeneration; Eye disease ; Wet age-related macular degeneration ,0,upcoming
507,RHHBY,Phase3,2026-06-02,Breast cancer; ER+/HER2- breast cancer; Metastatic breast cancer,0,occurred
508,RHHBY,Phase3,2027-12-31,Breast cancer; ER+/HER2- breast cancer,0,upcoming
509,RHHBY,Phase2,2026-12-31,Obesity,0,upcoming
510,RIGL,Other,2026-12-31,Lower-risk myeloid dysplastic syndrome ,0,upcoming
511,RLAY,Other,2026-12-31,Breast cancer; Cancer,0,upcoming
512,RLAY,Other,,Breast cancer; Cancer,0,occurred
513,RLAY,Phase2,,Vascular Malformations,0,occurred
514,RNA,Phase3,2026-12-31,Myotonic Dystrophy Type 1,0,upcoming
515,RNA,Phase3,2026-06-30,Facioscapulohumeral muscular dystrophy ,0,upcoming
516,RNTX,Phase2,2026-09-30,Idiopathic pulmonary fibrosis,0,upcoming
517,ROIV,Phase3,2026-12-31,Chronic non-infectious uveitis; Dermatomyositis ; Systemic lupus erythematosus,0,upcoming
518,ROIV,PDUFA,2026-09-30,Dermatomyositis ,0,upcoming
519,ROIV,Phase2,2026-12-31,Pulmonary hypertension associated with interstitial lung disease,0,upcoming
520,ROIV,Phase3,2027-12-31,Graves’ disease ,0,upcoming
521,RPTX,Other,2026-08-15,Cancer; Solid tumor/s,0,delisted
522,RVMD,Other,2026-04-20,Cancer; Non-small cell lung carcinoma; Pancreatic cancer; Solid tumor/s,1,occurred
523,RVMD,Other,2026-04-19,Cancer; Colorectal cancer ; Non-small cell lung carcinoma; Pancreatic cancer,1,occurred
524,RVMD,Phase3,2026-05-31,Cancer; Pancreatic ductal adenocarcinoma ,0,occurred
525,RVMD,Other,2026-04-21,Pancreatic ductal adenocarcinoma ,0,occurred
526,RXRX,Other,2026-12-31,Cancer,0,upcoming
527,RXRX,Other,2027-12-31,Cancer; Small cell lung cancer,1,upcoming
528,RYTM,Phase3,,Genetic disorder; Obesity,0,occurred
529,RYTM,Other,,Obesity,0,occurred
530,RYTM,Phase2,2026-06-13,Prader-Willi syndrome,0,upcoming
531,RZLT,Phase3,2026-12-31,Hyperinsulinism; Hypoglycemia,0,upcoming
532,SABS,Phase2,2027-12-31,Type 1 diabetes,0,upcoming
533,SANA,Other,2026-12-31,B-cell malignancies,0,upcoming
534,SCYX,Other,2026-09-30,Fungal infections,0,upcoming
535,SDGR,Other,,Solid tumor/s,0,occurred
536,SION,Other,2026-08-15,Cystic fibrosis,0,upcoming
537,SION,Phase2,2026-08-15,Cystic fibrosis,0,upcoming
538,SKYE,Phase2,2026-12-31,Obesity,0,upcoming
539,SLDB,Other,2026-12-31,Friedreich’s Ataxia,0,upcoming
540,SLGL,Phase3,2026-12-31,Basal cell carcinoma; Gorlin Syndrome,0,upcoming
541,SLGL,Other,, Darier disease; Pachyonychia congenita; Skin disease/disorder,0,occurred
542,SLN,Phase2,2026-08-31,Polycythemia vera,0,upcoming
543,SLS,Phase3,,Acute myeloid leukemia; Blood cancer; Cancer,0,occurred
544,SLS,Phase2,2026-12-31,Acute myeloid leukemia; Blood cancer; Cancer; Lymphoma,0,upcoming
545,SMMT,Phase3,2026-12-31,Cancer; Non-small cell lung carcinoma; Squamous cancers,1,upcoming
546,SNDX,Phase2,2026-12-31,Idiopathic pulmonary fibrosis,0,upcoming
547,SNSE,Phase2,2026-12-31,Endometrial cancer,0,upcoming
548,SPRB,Phase2,2026-06-30,Major depressive disorder,0,upcoming
549,SPRO,PDUFA,2026-06-18,Bacterial infection; Urinary tract infection,0,upcoming
550,SPRY,Phase2,2026-12-31,Urticaria,0,upcoming
551,SRRK,Other,2026-12-31,Obesity,0,upcoming
552,STRO,Other,2026-08-15,Cancer,0,upcoming
553,STTK,Other,2026-06-30,Inflammatory bowel disease,0,upcoming
554,SVRA,PDUFA,2026-11-22,Autoimmune Pulmonary Alveolar Proteinosis (aPAP),0,upcoming
555,SXTP,Phase2,2026-09-30,Babesiosis,0,upcoming
556,SYRE,Phase2,2027-12-31,Crohns disease; Inflammatory bowel disease,0,upcoming
557,SYRE,Phase2,2026-08-15,Inflammatory bowel disease; Ulcerative colitis,0,upcoming
558,SYRE,Phase2,2026-09-30,Axial spondyloarthritis ; Psoriatic arthritis; Rheumatoid arthritis,0,upcoming
559,TARA,Phase2/3,2026-12-31,Intestinal failure associated liver disease; Liver disease,0,upcoming
560,TBPH,Other,,Multiple System Atrophy; Neurogenic orthostatic hypotension,0,occurred
561,TCRX,Other,2026-06-30,Acute lymphoblastic leukemia; Acute myeloid leukemia; Cancer; Hematologic malignancies; Myelodysplastic syndrome,0,upcoming
562,TCRX,Other,,Cancer; Human papillomavirus; Solid tumor/s,0,occurred
563,TECX,Phase2,2026-12-31,Heart failure; Pulmonary hypertension,0,upcoming
564,TECX,Other,2026-09-30,Heart failure; Hereditary Hemorrhagic Telangiectasia; Pulmonary hypertension,0,upcoming
565,TENX,Phase3,2026-09-30,Pulmonary hypertension,0,upcoming
566,TEVA,Phase3,2026-12-31,Asthma,0,upcoming
567,TGTX,Phase3,2026-12-31,Multiple sclerosis,1,upcoming
568,TGTX,Other,2026-12-31,Multiple sclerosis,1,upcoming
569,TLSA,Phase2,2026-09-30,Multiple sclerosis,1,upcoming
570,TLSA,Phase2,2026-12-31,Alzheimer's disease; Neurodegenerative disease,1,upcoming
571,TNGX,Other,2026-12-31,Cancer; Glioblastoma; Solid tumor/s,0,upcoming
572,TNXP,Phase2,2026-12-31,Acute stress disorder; Post-traumatic stress disorder,0,upcoming
573,TNYA,Other,2026-06-30,Hypertrophic cardiomyopathies ,0,upcoming
574,TNYA,Other,,Arrhythmogenic Right Ventricular Cardiomyopathy,0,occurred
575,TOVX,Phase2,2026-04-17,Pancreatic ductal adenocarcinoma ,0,occurred
576,TSHA,Other,2026-06-30,Rett syndrome,0,upcoming
577,TYRA,Phase2,2026-12-31,Cancer; Intrahepatic cholangiocarcinoma ,0,upcoming
578,TYRA,Phase2,2026-06-30,Cancer; Non-muscle invasive bladder cancer,0,upcoming
579,UNCY,PDUFA,2026-06-29,Chronic kidney disease; Hyperphosphatemia,0,upcoming
580,UPB,Phase2,2027-12-31,Chronic obstructive pulmonary disease,0,upcoming
581,URGN,Other,,Cancer; Non-muscle invasive bladder cancer,0,occurred
582,UTHR,Other,2026-12-31,Acute liver failure,0,upcoming
583,VALN,Phase3,,Bacterial infection; Lyme disease,0,occurred
584,VALN,Phase2,2026-08-15,Nasolabial fold lines; Shigella,0,upcoming
585,VERA,PDUFA,2026-07-07,IgA nephropathy,0,upcoming
586,VIR,Phase3,2026-12-31,Hepatitis Delta Virus; Infectious disease,0,upcoming
587,VIR,Other,2026-12-31,Cancer; HER2-expressing cancers; Metastatic breast cancer; Metastatic colorectal cancer,0,upcoming
588,VKTX,Phase3,2027-12-31,Metabolic disorder; Obesity,0,upcoming
589,VKTX,Other,2026-12-31,Metabolic disorder; Obesity,0,upcoming
590,VNDA,Phase3,2026-12-31,Nausea and vomiting; Obesity,0,upcoming
591,VRCA,Phase2,2026-05-15,Basal cell carcinoma,0,occurred
592,VRDN,PDUFA,2026-06-30,Thyroid Eye Disease ,0,upcoming
593,VRDN,Phase3,2026-06-30,Thyroid Eye Disease ,0,upcoming
594,VRDN,Other,2026-12-31,,0,upcoming
595,VSTM,Other,,Cancer; Non-small cell lung carcinoma,1,occurred
596,VSTM,Other,2026-06-30,Cancer,0,upcoming
597,VTGN,Phase3,2026-06-30,Social Anxiety Disorder,0,upcoming
598,VTRS,Phase3,,Pain,0,occurred
599,VTRS,PDUFA,2026-07-30,Birth control; Contraceptive,0,upcoming
600,VTVT,Phase3,2026-12-31,Diabetes; Type 1 diabetes,0,upcoming
601,VXRT,Phase2,2026-06-30,COVID-19,0,upcoming
602,VXRT,Other,2026-12-31,Infectious disease; Norovirus,0,upcoming
603,VYGR,Other,2026-12-31,Alzheimer's disease; Neurodegenerative disease,1,upcoming
604,WVE,Other,2026-05-18,Alpha-1 Antitrypsin Deficiency,0,occurred
605,XENE,Phase3,2026-04-19,Epilepsy; Focal Onset Seizures,1,occurred
606,XENE,Other,2026-12-31,,0,upcoming
607,XFOR,Phase3,2026-12-31,Severe Congenital Neutropenia,0,upcoming
608,XNCR,Other,2026-12-31,Ovarian cancer; Solid tumor/s,0,upcoming
609,XNCR,Phase2,2026-12-31,Inflammatory bowel disease,0,upcoming
610,XOMA,Phase3,2026-12-31,Hyperinsulinism,0,upcoming
611,XOMA,Phase2,2026-06-30,Primary sclerosing cholangitis,0,upcoming
612,YMAB,Other,2026-12-31,Cancer; Melanoma; Neuroblastoma; Sarcoma; Small cell lung cancer; Solid tumor/s,1,upcoming
613,ZBIO,Phase2,,Multiple sclerosis,1,occurred
614,ZBIO,Phase2,2026-12-31,Systemic lupus erythematosus,0,upcoming
615,ZLAB,Other,2026-12-31,Atopic dermatitis,0,upcoming
616,ZLAB,Other,2026-04-21,Carcinoma ,0,occurred
617,ZEAL,Other,2026-12-31,Chronic Autoimmune and Inflammatory Diseases; Inflammatory disease,0,upcoming
618,ZEAL,Phase3,2026-12-31,Obesity,0,upcoming
619,ZNTL,Phase2,2026-06-30,Cancer; Uterine disease,0,upcoming
620,ZURA,Phase2,2026-12-31,Hidradenitis suppurativa,0,upcoming
621,ZVSA,Phase2,,Diabetic Kidney Disease,0,occurred
622,ZYME,Phase3,2026-08-15,Cancer; Cholangiocarcinoma; Gastroesophageal adenocarcinomas,0,upcoming
623,ZYME,Other,2026-04-21,Cancer; Solid tumor/s,0,occurred
624,ZYME,Phase2,2026-04-18,Breast cancer; HER2-expressing cancers,0,occurred
625,ABBV,Phase3,2026-03-26,Glabellar lines ,0,occurred
626,ABBV,Other,2026-03-26,Glabellar lines ,0,occurred
627,ACRS,Phase2,2024-01-10,Atopic dermatitis; Skin disease/disorder,0,occurred
628,ACRS,Other,2021-02-28,COVID-19,0,occurred
629,ACRS,Other,2023-11-30,Rheumatoid arthritis,0,occurred
630,ACRS,Other,2023-03-06,Hidradenitis suppurativa,0,occurred
631,ACRS,Phase2,2023-06-30,Psoriatic arthritis,0,occurred
632,ACRS,Phase2,2025-06-30,Asthma; Chronic rhinosinusitis with nasal polyps,0,occurred
633,ADXN,Other,2023-06-30,Dystonia (Blepharospasm),0,occurred
634,ADXN,Other,2023-06-30,Levodopa-induced dyskinesia associated with Parkinson’s disease,1,occurred
635,ADXN,Phase2,2025-06-30,Epilepsy,1,occurred
636,AFMD,Phase2,2023-09-30,Cancer;  Eosinophilic granulomatosis with polyangiitis,0,occurred
637,AKTX,Other,2024-01-01,Hematopoietic stem cell transplantation thrombotic microangiopathies,0,occurred
638,ALGS,Phase2,2025-06-30,Non-alcoholic steatohepatitis,0,occurred
639,ALGS,Other,2022-01-06,Chronic hepatitis B,0,occurred
640,ALGS,Other,2023-08-25,Chronic hepatitis B; Liver disease,0,occurred
641,ALGS,Other,2024-03-31,COVID-19,0,occurred
642,ALVO,Other,2026-02-05,Crohns disease; Ulcerative colitis,0,occurred
643,ALVO,Other,2026-02-05,Crohns disease; Ulcerative colitis,0,occurred
644,AMGN,Phase3,2024-09-14,Non-small cell lung carcinoma,1,occurred
645,AMGN,Other,2024-09-15,Cancer; Colorectal cancer ,0,occurred
646,AMGN,Other,2024-09-16,Cancer; Solid tumor/s,0,occurred
647,AMGN,Other,2024-09-15,Cancer; Castration-resistant prostate cancer,0,occurred
648,ANAB,Phase3,2025-08-15,Cancer; Non-small cell lung carcinoma,1,occurred
649,ATAI,Phase2,2025-08-15,Cognitive Dysfunction; Schizophrenia,1,occurred
650,ATAI,Other,2023-01-06,Treatment Resistant Depression,1,occurred
651,ATAI,Other,2024-06-30,Opioid use disorder,0,occurred
652,ATAI,Phase2,2023-04-28,Anxiety Disorders,0,occurred
653,ATAI,Phase3,2024-09-30,Treatment Resistant Depression,1,occurred
654,ATAI,Other,2023-08-10,Treatment Resistant Depression,1,occurred
655,ATAI,Phase2,2024-05-08,Post-traumatic stress disorder,0,occurred
656,ATAI,Phase2,2025-01-15,Alcohol use disorder,0,occurred
657,ATHA,Phase2,2023-05-31,Dementia; Parkinson's disease,1,occurred
658,ATHA,Other,2024-09-03,Alzheimer's disease,1,occurred
659,ATYR,Phase3,2026-04-15,Pulmonary sarcoidosis ,0,occurred
660,AURA,Phase2,2024-09-12,Choroidal Melanoma; Primary Choroidal Melanoma,0,occurred
661,AXSM,Other,2026-03-31,Narcolepsy,0,occurred
662,AXSM,Other,2026-03-31,Major depressive disorder,0,occurred
663,AZN,Phase2,2024-06-30,Amyloid light chain amyloidosis,0,occurred
664,BBIO,Other,2024-06-30,Hyperglycemia,0,occurred
665,BCDA,Phase3,2026-03-31,Heart failure; Myocardial ischemia,0,occurred
666,BCRX,Phase2,2026-06-14,Hereditary angioedema ,0,upcoming
667,BHVN,Other,2026-03-31,IgA nephropathy,0,occurred
668,BIIB,Other,2024-08-15,Angelman Syndrome,0,occurred
669,BIIB,Phase2,2024-08-15,Essential tremor,0,occurred
670,BMY,Phase3,2025-06-01,Cancer; Lung cancer; Non-small cell lung carcinoma; Solid tumor/s,1,occurred
671,BMY,Phase3,2023-03-02,Acute coronary syndrome; Atrial fibrillation; Stroke,0,occurred
672,BMY,Other,2023-12-11,Blood cancer; Diffuse large B cell lymphoma; Non-Hodgkin lymphoma,0,occurred
673,BMY,Other,2025-06-02,Castration-resistant prostate cancer,0,occurred
674,BMY,PDUFA,2024-09-26,Gastric cancer; Gastroesophageal adenocarcinomas,0,occurred
675,BMY,Phase3,2023-09-11,Cancer; Non-small cell lung carcinoma,1,occurred
676,CAPR,Other,2026-03-31,COVID-19,0,occurred
677,CBIO,Other,2026-03-31,Solid tumor/s,0,occurred
678,CCCC,Other,2026-03-31,Cancer; Non-small cell lung carcinoma; Solid tumor/s,1,occurred
679,CDTX,Phase3,2026-03-31,Infectious disease; Influenza,0,occurred
680,CFRX,Other,2024-06-30,Bacteremia; Prosthetic joint infection,0,occurred
681,CLLS,Other,2026-06-13,Acute lymphoblastic leukemia; B-cell acute lymphoblastic leukemia; Cancer; Rare genetic disease,0,upcoming
682,CLNN,Other,2025-08-31,COVID-19,0,occurred
683,CLNN,Other,2025-08-31,Parkinson's disease,1,occurred
684,CLNN,Phase2,2026-03-31,Amyotrophic lateral sclerosis,1,occurred
685,CMPX,Other,2026-12-31,Solid tumor/s,0,upcoming
686,CNTA,Other,2026-03-31,Narcolepsy; Sleep-wake disorder,0,occurred
687,CNTA,Phase2,2026-03-31,Sleeping disorder,0,occurred
688,CNTA,Other,2026-03-31,Mental health; Neurological disorder; Psychiatric disorder,1,occurred
689,CNTX,Other,2025-06-30,Cancer; Endometrial cancer; Ovarian cancer; Solid tumor/s,0,occurred
690,CORT,Phase2,2023-10-23,Antipsychotic-Induced Weight Gain; Obesity,0,occurred
691,CORT,Other,2021-06-30,Pancreatic cancer,0,occurred
692,CORT,Other,2024-07-27,Adrenal cancer; Cancer,0,occurred
693,CORT,Other,2025-02-26,Cushing’s syndrome; Hypercortisolism,0,occurred
694,CTXR,Phase2,2024-06-30,Hemorrhoids,0,occurred
695,CYTK,Other,2024-06-30,Epilepsy; Heart disease; Heart failure,1,occurred
696,CYTK,Phase2,2026-03-31,Heart disease; Heart failure,0,occurred
697,DCPH,Other,2024-06-30,Cancer; Tenosynovial Giant Cell Tumors,0,occurred
701,EXAI,Other,2025-01-31,Cancer,0,occurred
702,EXAI,Other,2025-01-31,B-cell malignancies; Cancer; Chronic lymphocytic leukemia,0,occurred
703,EXEL,Other,2025-05-31,Cancer; Solid tumor/s,0,occurred
704,GLTO,Other,2026-03-31,Acute myeloid leukemia; Blood cancer; Cancer,0,occurred
705,GLYC,Phase3,2024-12-09,Acute myeloid leukemia; Cancer,0,occurred
706,GRCL,Other,2025-01-01,Autoimmune disease; Systemic lupus erythematosus,0,occurred
707,HCM,Other,2026-03-20,Diffuse large B cell lymphoma; Relapsed/ refractory lymphoma,0,occurred
708,HRMY,Other,2025-09-24,Fragile X syndrome; Genetic disorder; Rare genetic disease,0,occurred
709,IMGN,Phase2,2024-08-15,Cancer; Ovarian cancer,0,occurred
710,INCY,Phase2,2024-08-15,Myelofibrosis,0,occurred
711,INCY,Other,2025-12-30,Cancer; Non-small cell lung carcinoma; Solid tumor/s,1,occurred
712,INCY,Other,2025-06-03,Solid tumor/s,0,occurred
713,INCY,Phase2,2024-09-27,Cutaneous Lichen Planus,0,occurred
714,IPSC,Other,2023-02-08,Cancer; Relapsed/ refractory lymphoma,0,occurred
715,IPSC,Other,2023-12-06,Systemic lupus erythematosus,0,occurred
716,IRON,Other,2025-11-08,Anemia; Chronic kidney disease,0,occurred
717,IRWD,Other,2020-12-28,Bowel disorder; Constipation; Inflammatory bowel disease; Irritable bowel syndrome,0,occurred
718,IRWD,Phase2,2022-10-13,Short bowel syndrome; Short bowel syndrome with  colon-in-continuity ,0,occurred
719,IRWD,Other,2024-03-28,Acute graft-versus host disease,0,occurred
720,IRWD,Other,2024-05-09,Endometriosis; Interstitial cystitis/bladder pain syndrome; Visceral pain,0,occurred
721,IRWD,Other,2025-03-31,Autoimmune disease; Liver disease; Primary biliary cholangitis,0,occurred
722,JAZZ,Other,2024-09-14,Cancer; Soft tissue sarcoma,0,occurred
723,JNJ,Other,2025-06-17,B-cell lymphoma,0,occurred
724,JUNS,Phase2,2026-02-28,Parkinson's disease,1,occurred
725,LLY,Phase2,2024-07-01,Crohns disease,0,occurred
726,LTRN,Phase2,2023-06-30,Cancer; Castration-resistant prostate cancer,0,occurred
727,LTRN,Other,2025-06-30,"Cancer; High-grade Glioma
; Mantle cell lymphoma; Non-Hodgkin lymphoma",0,occurred
728,LTRN,Other,2026-03-31,Cancer; Central nervous system illness; Glioblastoma; Triple-negative breast cancer ,1,occurred
729,LTRN,Other,2026-03-31,Cancer; Non-small cell lung carcinoma,1,occurred
730,LTRN,Other,2026-03-31,Glioblastoma,0,occurred
731,LYEL,Other,2023-11-04,Breast cancer; Cancer; Non-small cell lung carcinoma; Solid tumor/s,1,occurred
732,LYEL,Other,2023-11-09,Cancer; Colorectal cancer ; Melanoma; Non-small cell lung carcinoma; Solid tumor/s,1,occurred
733,LYEL,Other,2024-06-30,Cancer; Solid tumor/s,0,occurred
734,MNPR,Other,2025-03-31,Cancer,0,occurred
735,MOR,Phase3,2024-05-31,Bone marrow cancer; Cancer; Myelofibrosis,0,occurred
736,MRK,Phase3,2025-06-01,Non-small cell lung carcinoma,1,occurred
737,MTEM,Other,2024-09-30,Cancer; Solid tumor/s,0,occurred
738,MTEM,Other,2024-09-30,Cancer; Solid tumor/s,0,occurred
739,NBTX,Phase2,2026-03-30,Cancer; Non-small cell lung carcinoma,1,occurred
740,NBTX,Other,2025-05-04,Cancer; Pancreatic cancer,0,occurred
741,NGM,Other,2024-08-15,Cancer; Solid tumor/s,0,occurred
742,NKTR,Other,2023-02-28,Autoimmune disease; Systemic lupus erythematosus,0,occurred
743,NKTR,Other,2022-04-14,Bladder cancer; Cancer,0,occurred
744,NKTR,Other,2022-04-26,Cancer; Non-small cell lung carcinoma,1,occurred
745,NKTR,Other,2022-04-25,Autoimmune disease; Ulcerative colitis,0,occurred
746,NKTR,Other,2022-04-14,Bladder cancer; Cancer; Urothelial cancer,0,occurred
747,NKTR,Other,2022-04-25,Cancer; Head and neck cancer,0,occurred
748,NKTR,Phase2,2025-09-30,Cancer; Urothelial carcinoma,0,occurred
749,NKTR,Other,2025-09-30,Cancer; Non-small cell lung carcinoma,1,occurred
750,NRIX,Other,2026-12-31,Atopic dermatitis; Rheumatoid arthritis,0,upcoming
751,NVCT,Other,2026-08-15,Cancer; Non-small cell lung carcinoma; Solid tumor/s; Squamous cancers,1,upcoming
752,NVS,PDUFA,2025-02-24,C3 Glomerulopathy; Kidney disease,0,occurred
754,OCGN,Phase2,2026-03-24,Age-related macular degeneration; Geographic atrophy,0,occurred
755,ONC,Other,2026-06-01,Chronic lymphocytic leukemia,0,occurred
756,ONC,Phase3,2024-09-13,Cancer; Non-small cell lung carcinoma,1,occurred
757,ONC,Other,2024-06-01,Cancer; Solid tumor/s,0,occurred
761,PBYI,Phase2,2022-06-04,Bile duct disease; Cancer,0,occurred
762,PBYI,Phase2,2025-04-28,Breast cancer,0,occurred
763,PBYI,Other,2024-06-03,Cancer; Non-small cell lung carcinoma,1,occurred
764,PCRX,Other,2022-09-30,Pain; Post operative acute pain ,0,occurred
765,PCSA,Phase2/3,2025-11-07,Focal segmental glomerulosclerosis,0,occurred
766,PHAR,PDUFA,2026-10-24,Activated Phosphoniositide 3-kinase Delta Syndrome,0,upcoming
767,PTGX,Other,2023-03-31,Inflammatory bowel disease; Inflammatory disease,0,occurred
768,PTGX,Phase2,2025-10-27,Ulcerative colitis,0,occurred
769,PTIX,Phase2,2026-02-28,Addiction; Post-traumatic stress disorder; Social Anxiety Disorder; Treatment Resistant Depression,1,occurred
770,QTTB,Phase2,2025-06-30,Atopic dermatitis; Skin disease/disorder,0,occurred
771,QTTB,Other,2025-06-30,ANCA-Associated Vasculitis; Renal disease,0,occurred
772,RARE,Phase3,2026-01-12,Osteogenesis imperfecta,0,occurred
773,REGN,Other,2025-06-02,Multiple myeloma,0,occurred
774,REGN,Other,2026-03-31,Myasthenia gravis,0,occurred
775,RHHBY,Other,2026-03-31,Obesity,0,occurred
776,RHHBY,Other,2024-12-30,Diabetes mellitus ; Obesity; Type 2 diabetes,0,occurred
777,RLMD,Phase2,2026-01-31,Tourette Syndrome,0,occurred
778,RPTX,Other,2025-09-30,Cancer; Neuroblastoma,0,occurred
779,RYTM,Other,2026-08-15,Obesity,0,upcoming
780,RYZB,Other,2024-06-30,Cancer; Gastroenteropancreatic neuroendocrine tumors,0,occurred
781,SCLX,Phase3,2025-05-17,Pain,0,occurred
782,SGMT,Phase2,2026-01-10,Non-alcoholic steatohepatitis,0,occurred
783,SNDX,Other,2024-08-16,Graft-versus-host disease ,0,occurred
784,SNDX,Other,2025-03-31,Acute myeloid leukemia; Blood cancer; Cancer; Leukemia,0,occurred
785,SNTI,Other,2026-03-24,Acute myeloid leukemia; Hematologic malignancies,0,occurred
786,SNY,PDUFA,2026-03-31,Autoimmune disease; Multiple sclerosis,1,occurred
787,SRPT,Other,2025-09-30,Spinocerebellar Ataxia,0,occurred
788,SURF,Phase2,2023-06-30,Cancer; Solid tumor/s,0,occurred
789,SWTX,Other,2024-11-22,Cancer; Glioma,0,occurred
790,SYRS,Phase2,2024-09-30,Acute myeloid leukemia; Cancer,0,occurred
791,TNGX,Other,2024-03-31,Breast cancer; Cancer; Ovarian cancer; Pancreatic cancer; Prostate cancer,0,occurred
792,TNGX,Other,2024-03-31,Cancer; Glioblastoma; Solid tumor/s,0,occurred
793,TNGX,Other,2025-11-07,Cancer; Lung cancer; Solid tumor/s,0,occurred
794,TRVN,Other,2024-08-15,Central nervous system illness; Epilepsy; Pain,1,occurred
795,UTHR,Other,2025-08-15,End-stage renal disease,0,occurred
796,VAXX,Other,2024-08-15,Hypercholesterolemia,0,occurred
797,VERU,Other,2026-03-31,Atherosclerotic cardiovascular disease ,0,occurred
798,VIGL,Phase2,2025-09-30,Alzheimer's disease; Neurodegenerative disease,1,occurred
799,VIR,Other,2026-02-26,Cancer; Castration-resistant prostate cancer,0,occurred
800,VRTX,PDUFA,2026-11-30,IgA nephropathy,0,upcoming
801,VTRS,Phase3,2026-04-11,Eye disease ,0,occurred
802,VTVT,Phase2,2026-03-31,Diabetes; Type 2 diabetes,0,occurred
803,XCUR,Phase2,2026-02-05,Multiple myeloma,0,occurred
804,ZBIO,Other,2024-12-06,Warm autoimmune hemolytic anemia,0,occurred
805,ZBIO,Other,2026-03-31,Multiple sclerosis,1,occurred
806,ZLDPF,Other,2024-06-30,Obesity,0,occurred
807,ZNTL,Other,2025-01-31,Cancer; Ovarian cancer; Platinum Sensitive Ovarian Cancer,0,occurred
808,ZVRA,Other,2025-06-30,Stimulant Use Disorder,0,occurred
809,ZVRA,Other,2025-03-31,Narcolepsy; Sleeping disorder,0,occurred
810,ABUS,Other,2026-04-15,,0,occurred
811,DWTX,Other,2026-04-15,,0,occurred
812,IMMP,Other,2026-04-15,,0,occurred
813,TVTX,Other,2026-04-14,,0,occurred
814,NBIX,Other,2026-04-14,,0,occurred
815,CRBP,Other,2026-04-14,,0,occurred
816,ALGS,Phase2,2026-04-14,,0,occurred
817,PRAX,PDUFA,2026-04-14,,0,occurred
818,KYMR,Phase2,2026-04-13,,0,occurred
819,CLLS,Phase2,2026-04-13,,0,occurred
820,ENTA,Other,2026-04-13,,0,occurred
821,AKBA,Other,2026-04-13,,0,occurred
822,KYMR,Phase2,2026-04-13,,0,occurred
823,TVTX,Other,2026-04-13,,0,occurred
824,IDYA,Phase2/3,2026-04-13,,0,occurred
825,SYRE,Phase2,2026-04-13,,0,occurred
826,SYRE,Phase2,2026-04-13,,0,occurred
827,OGEN,Phase2,2026-04-13,,0,occurred
828,SYRE,Phase2,2026-04-13,,0,occurred
829,ALLO,Phase2,2026-04-13,,0,occurred
830,PRAX,Phase3,2026-04-13,,0,occurred
831,PYPD,Phase3,2026-04-13,,0,occurred
832,SEPN,Other,2026-04-13,,0,occurred
833,VIR,Other,2026-04-13,,0,occurred
834,SYRE,Phase2,2026-04-13,,0,occurred
835,RVMD,Phase3,2026-04-13,,0,occurred
836,OCUL,Phase3,2026-04-13,,0,occurred
837,SYRE,Phase2,2026-04-13,,0,occurred
838,ALLO,Phase3,2026-04-13,,0,occurred
839,SYRE,Phase2,2026-04-13,,0,occurred
840,MRK,PDUFA,2026-04-13,,0,occurred
841,LIXT,Other,2026-04-13,,0,occurred
842,JNJ,Other,2026-04-10,,0,occurred
843,VSTM,Phase2,2026-04-10,,0,occurred
844,WHWK,Other,2026-04-10,,0,occurred
845,REPL,Other,2026-04-10,,0,occurred
846,CORT,Other,2026-04-10,,0,occurred
847,REPL,Other,2026-04-10,,0,occurred
848,MESO,Phase3,2026-04-10,,0,occurred
849,ZNTL,Phase2,2026-04-09,,0,occurred
850,JAZZ,Phase3,2026-04-09,,0,occurred
851,JAZZ,Other,2026-04-09,,0,occurred
852,LLY,Other,2026-04-09,,0,occurred
853,JAZZ,Other,2026-04-09,,0,occurred
854,IBIO,Other,2026-04-08,,0,occurred
855,MGNX,Phase2,2026-04-08,,0,occurred
856,OPK,Other,2026-04-08,,0,occurred
857,UTHR,Other,2026-04-08,,0,occurred
858,ATAI,Phase2,2026-04-08,,0,occurred
859,PSTV,Other,2026-04-08,,0,occurred
860,ASND,Phase2,2026-04-08,,0,occurred
861,JAGX,Other,2026-04-08,,0,occurred
862,VNDA,Other,2026-04-08,,0,occurred
863,INSM,Phase2,2026-04-07,,0,occurred
864,CLYM,Phase2,2026-04-07,,0,occurred
865,MESO,Phase3,2026-04-07,,0,occurred
866,ALZN,Other,2026-04-07,,0,occurred
867,NXTC,Other,2026-04-07,,0,occurred
868,NUVL,Other,2026-04-07,,0,occurred
869,AMGN,Phase3,2026-04-06,,0,occurred
870,IDYA,Other,2026-04-06,,0,occurred
871,PRAX,Other,2026-04-06,,0,occurred
872,ATNM,Other,2026-04-06,,0,occurred
873,ATNM,Other,2026-04-06,,0,occurred
874,DNLI,Other,2026-04-03,,0,occurred
875,LPCN,Phase3,2026-04-02,,0,occurred
876,ADAG,Phase2,2026-04-02,,0,occurred
877,RVMD,Phase3,2026-04-02,,0,occurred
878,COCP,Other,2026-04-02,,0,occurred
879,ROIV,Phase2/3,2026-04-02,,0,occurred
880,ROIV,PDUFA,2026-04-02,,0,occurred
881,SKYE,Phase2,2026-04-02,,0,occurred
882,RARE,PDUFA,2026-04-02,,0,occurred
883,ROIV,Phase3,2026-04-02,,0,occurred
884,IMVT,Phase3,2026-04-02,,0,occurred
885,ROIV,Phase2/3,2026-04-02,,0,occurred
886,REGN,Other,2026-04-02,,0,occurred
887,BCDA,Phase3,2026-04-02,,0,occurred
888,ROIV,PDUFA,2026-04-02,,0,occurred
889,CNTX,Other,2026-04-02,,0,occurred
890,MRK,Other,2026-04-02,,0,occurred
891,VRTX,Other,2026-04-01,,0,occurred
892,BTAI,PDUFA,2026-04-01,,0,occurred
893,VRTX,Other,2026-04-01,,0,occurred
894,KTTA,Other,2026-04-01,,0,occurred
895,TLSA,Other,2026-04-01,,0,occurred
896,ANRO,Phase2,2026-04-01,,0,occurred
897,COGT,Other,2026-04-01,,0,occurred
898,ANIX,Other,2026-04-01,,0,occurred
899,LLY,Other,2026-04-01,,0,occurred
900,PYPD,Other,2026-03-31,,0,occurred
901,TAK,Phase3,2026-03-31,,0,occurred
902,TELO,Other,2026-03-31,,0,occurred
903,MAIA,Phase2,2026-03-31,,0,occurred
904,CRBU,Other,2026-03-31,,0,occurred
905,SRRK,Other,2026-03-31,,0,occurred
906,TEVA,Other,2026-03-30,,0,occurred
907,PCRX,Other,2026-03-30,,0,occurred
908,REVB,Other,2026-03-30,,0,occurred
909,BBIO,Phase3,2026-03-30,,0,occurred
910,IDYA,Other,2026-03-30,,0,occurred
911,NBTX,Phase2,2026-03-30,,0,occurred
912,PCRX,Other,2026-03-30,,0,occurred
913,APRE,Other,2026-03-30,,0,occurred
914,VRDN,PDUFA,2026-03-30,,0,occurred
915,CNTB,Phase3,2026-03-30,,0,occurred
916,VRDN,Phase3,2026-03-30,,0,occurred
917,UTHR,Phase3,2026-03-30,,0,occurred
918,AQST,Other,2026-03-30,,0,occurred
919,ALNY,Phase2,2026-03-30,,0,occurred
920,ESPR,Other,2026-03-30,,0,occurred
921,TEVA,Other,2026-03-30,,0,occurred
922,RARE,Other,2026-03-30,,0,occurred
923,VOR,Phase3,2026-03-30,,0,occurred
924,BBIO,Other,2026-03-30,,0,occurred
925,PEPG,Phase2,2026-03-30,,0,occurred
926,PHIO,Other,2026-03-30,,0,occurred
927,KALV,Phase3,2026-03-30,,0,occurred
928,ZYME,Other,2026-03-30,,0,occurred
929,PRAX,PDUFA,2026-03-30,,0,occurred
930,IDYA,Other,2026-03-30,,0,occurred
931,ALNY,Phase3,2026-03-30,,0,occurred
932,BIIB,Other,2026-03-30,,0,occurred
933,AVXL,Other,2026-03-30,,0,occurred
934,CNTB,Other,2026-03-30,,0,occurred
935,ESPR,Other,2026-03-30,,0,occurred
936,IFRX,Phase3,2026-03-30,,0,occurred
937,PALI,Other,2026-03-30,,0,occurred
938,SVRA,PDUFA,2026-03-30,,0,occurred
939,ARQT,Phase3,2026-03-28,,0,occurred
940,ALMS,Phase3,2026-03-28,,0,occurred
941,ARWR,Phase2,2026-03-28,,0,occurred
942,ARQT,Phase2,2026-03-28,,0,occurred
943,PTGX,Phase3,2026-03-28,,0,occurred
944,MLTX,Phase3,2026-03-28,,0,occurred
945,NKTR,Phase2,2026-03-28,,0,occurred
946,ARQT,Phase3,2026-03-28,,0,occurred
947,KYMR,Other,2026-03-28,,0,occurred
948,ARQT,Phase3,2026-03-28,,0,occurred
949,ARQT,Phase3,2026-03-28,,0,occurred
950,PVLA,Phase3,2026-03-27,,0,occurred
951,ACRS,Phase2,2026-03-27,,0,occurred
952,CLDX,Phase2,2026-03-27,,0,occurred
953,LTRN,Other,2026-03-27,,0,occurred
954,RCKT,Other,2026-03-27,,0,occurred
955,CLDX,Phase2,2026-03-27,,0,occurred
956,LLY,Phase3,2026-03-27,,0,occurred
957,AZN,Phase3,2026-03-27,,0,occurred
958,SPRY,Other,2026-03-27,,0,occurred
959,ALZN,Phase2,2026-03-26,,0,occurred
960,BLRX,Other,2026-03-26,,0,occurred
961,ACHV,Other,2026-03-26,,0,occurred
962,VKTX,Phase3,2026-03-26,,0,occurred
963,ALZN,Phase2,2026-03-26,,0,occurred
964,RYTM,Other,2026-03-26,,0,occurred
965,KOD,Phase3,2026-03-26,,0,occurred
966,NVCR,Phase2,2026-03-26,,0,occurred
967,NBIX,Other,2026-03-26,,0,occurred
968,VKTX,Phase3,2026-03-26,,0,occurred
969,TNXP,Other,2026-03-26,,0,occurred
970,WVE,Other,2026-03-26,,0,occurred
971,IBRX,Phase2,2026-03-26,,0,occurred
972,EDSA,Phase2,2026-03-26,,0,occurred
973,DNLI,Other,2026-03-25,,0,occurred
974,NERV,Other,2026-03-25,,0,occurred
975,IMNN,Phase2,2026-03-25,,0,occurred
976,SRPT,Other,2026-03-25,,0,occurred
977,CORT,Other,2026-03-25,,0,occurred
978,SRPT,Other,2026-03-25,,0,occurred
979,MAZE,Phase2,2026-03-25,,0,occurred
980,AVXL,Other,2026-03-25,,0,occurred
981,BEAM,Other,2026-03-25,,0,occurred
982,BNTX,Phase3,2026-03-24,,0,occurred
983,BNTX,Phase2,2026-03-24,,0,occurred
984,OCGN,Phase2,2026-03-24,,0,occurred
985,BNTX,Other,2026-03-24,,0,occurred
986,KPTI,Phase3,2026-03-24,,0,occurred
987,RZLT,Phase3,2026-03-24,,0,occurred
988,BNTX,Phase2,2026-03-24,,0,occurred
989,LCTX,Other,2026-03-24,,0,occurred
990,BNTX,Phase2,2026-03-24,,0,occurred
991,TOVX,Phase3,2026-03-23,,0,occurred
992,INSM,Phase3,2026-03-23,,0,occurred
993,IONS,PDUFA,2026-03-23,,0,occurred
994,AVXL,Phase2/3,2026-03-23,,0,occurred
995,HCM,Phase3,2026-03-23,,0,occurred
996,APGE,Phase2,2026-03-23,,0,occurred
997,MBRX,Phase2/3,2026-03-23,,0,occurred
998,LXRX,Other,2026-03-23,,0,occurred
999,NKGN,Other,2026-03-23,,0,occurred
1000,PHIO,Other,2026-03-23,,0,occurred
1001,PCVX,Phase3,2026-03-23,,0,occurred
1002,ENLV,Phase2,2026-03-23,,0,occurred
1003,PRTA,Other,2026-03-21,,0,occurred
1004,PRTA,Phase2,2026-03-21,,0,occurred
1005,SRPT,Phase3,2026-03-19,,0,occurred
1006,NVO,Other,2026-03-19,,0,occurred
1007,PSTV,Other,2026-03-19,,0,occurred
1008,SRPT,Phase3,2026-03-19,,0,occurred
1009,BIIB,Other,2026-03-19,,0,occurred
1010,RYTM,Other,2026-03-19,,0,occurred
1011,LLY,Phase3,2026-03-19,,0,occurred
1012,SRPT,Phase3,2026-03-19,,0,occurred
1013,GRCE,Phase3,2026-03-19,,0,occurred
1014,GLSI,Phase3,2026-03-19,,0,occurred
1015,BHVN,Phase2,2026-03-19,,0,occurred
1016,PFE,Phase3,2026-03-19,,0,occurred
1017,GANX,Other,2026-03-18,,0,occurred
1018,OKYO,Phase2,2026-03-18,,0,occurred
1019,ARVN,Other,2026-03-18,,0,occurred
1020,PTGX,Other,2026-03-18,,0,occurred
1021,JNJ,Other,2026-03-18,,0,occurred
1022,ASND,Phase2,2026-03-17,,0,occurred
1023,PFE,Phase2,2026-03-17,,0,occurred
1024,LNTH,PDUFA,2026-03-17,,0,occurred
1025,AVXL,Other,2026-03-17,,0,occurred
1026,GLSI,Phase3,2026-03-17,,0,occurred
1027,ALDX,Other,2026-03-17,,0,occurred
1028,PYPD,Other,2026-03-17,,0,occurred
1029,CADL,Phase2,2026-03-17,,0,occurred
1030,CGTX,Phase2,2026-03-17,,0,occurred
1031,MIST,Phase3,2026-03-16,,0,occurred
1032,LLY,Phase3,2026-03-16,,0,occurred
1033,CYTK,Other,2026-03-16,,0,occurred
1034,GLUE,Other,2026-03-16,,0,occurred
1035,AGEN,Phase3,2026-03-16,,0,occurred
1036,ASND,Phase3,2026-03-16,,0,occurred
1037,SRPT,Other,2026-03-16,,0,occurred
1038,GLSI,Phase3,2026-03-16,,0,occurred
1039,COGT,PDUFA,2026-03-16,,0,occurred
1040,ALZN,Phase2,2026-03-16,,0,occurred
1041,ELDN,Other,2026-03-16,,0,occurred
1042,MIRM,Phase3,2026-03-16,,0,occurred
1043,NRXP,Other,2026-03-16,,0,occurred
1044,NRXP,Other,2026-03-16,,0,occurred
1045,AGEN,Other,2026-03-16,,0,occurred
1046,AGEN,Other,2026-03-16,,0,occurred
1047,CTMX,Other,2026-03-16,,0,occurred
1048,RLAY,Phase3,2026-03-16,,0,occurred
1049,RYTM,Phase3,2026-03-16,,0,occurred
1050,AGEN,Other,2026-03-16,,0,occurred
1051,SYRE,Phase2,2026-03-16,,0,occurred
1052,GPCR,Phase2,2026-03-16,,0,occurred
1053,BMEA,Phase2,2026-03-14,,0,occurred
1054,SANA,Other,2026-03-13,,0,occurred
1055,JNJ,Other,2026-03-13,,0,occurred
1056,GSK,Other,2026-03-13,,0,occurred
1057,IMMP,Phase3,2026-03-13,,0,occurred
1058,INTS,Phase2,2026-03-12,,0,occurred
1059,IXHL,Phase2,2026-03-12,,0,occurred
1060,CAPR,PDUFA,2026-03-12,,0,occurred
1061,RARE,Phase3,2026-03-12,,0,occurred
1062,ATOS,Other,2026-03-12,,0,occurred
1063,BMRN,Other,2026-03-12,,0,occurred
1064,RGNX,Other,2026-03-11,,0,occurred
1065,BBIO,Phase3,2026-03-11,,0,occurred
1066,LXRX,Other,2026-03-11,,0,occurred
1067,SXTP,Other,2026-03-11,,0,occurred
1068,QNRX,Other,2026-03-11,,0,occurred
1069,BIIB,Phase3,2026-03-11,,0,occurred
1070,TNXP,Other,2026-03-10,,0,occurred
1071,ELDN,Other,2026-03-10,,0,occurred
1072,APVO,Other,2026-03-10,,0,occurred
1073,CTXR,Other,2026-03-10,,0,occurred
1074,EWTX,Phase3,2026-03-10,,0,occurred
1075,CAPR,PDUFA,2026-03-10,,0,occurred
1076,SABS,Other,2026-03-10,,0,occurred
1077,KROS,Other,2026-03-09,,0,occurred
1078,PFE,Phase2,2026-03-09,,0,occurred
1079,MLYS,Phase2,2026-03-09,,0,occurred
1080,BNTC,Other,2026-03-09,,0,occurred
1081,DNTH,Phase3,2026-03-09,,0,occurred
1082,VERU,Phase2,2026-03-09,,0,occurred
1083,COCP,Other,2026-03-09,,0,occurred
1084,MLYS,PDUFA,2026-03-09,,0,occurred
1085,VRTX,Phase3,2026-03-09,,0,occurred
1086,MBX,Phase3,2026-03-09,,0,occurred
1087,IBIO,Other,2026-03-09,,0,occurred
1088,REGN,Phase3,2026-03-09,,0,occurred
1089,SGMO,Other,2026-03-09,,0,occurred
1090,MBX,Phase2,2026-03-09,,0,occurred
1091,PLX,Other,2026-03-09,,0,occurred
1092,IPSEY,Other,2026-03-09,,0,occurred
1093,BFRI,Phase2,2026-03-09,,0,occurred
1094,KROS,Other,2026-03-09,,0,occurred
1095,IBRX,Other,2026-03-09,,0,occurred
1096,RLMD,Phase2,2026-03-09,,0,occurred
1097,IDYA,Other,2026-03-09,,0,occurred
1098,DTIL,Other,2026-03-09,,0,occurred
1099,RHHBY,Phase3,2026-03-09,,0,occurred
1100,AZN,Other,2026-03-09,,0,occurred
1101,KROS,Other,2026-03-09,,0,occurred
1102,AZN,Other,2026-03-09,,0,occurred
1103,AZN,PDUFA,2026-03-09,,0,occurred
1104,RHHBY,Other,2026-03-09,,0,occurred
1105,PFE,Phase2,2026-03-09,,0,occurred
1106,IBRX,Other,2026-03-09,,0,occurred
1107,PFE,Phase2/3,2026-03-09,,0,occurred
1108,XENE,Phase3,2026-03-09,,0,occurred
1109,ACXP,Phase2,2026-03-09,,0,occurred
1110,PLX,Other,2026-03-09,,0,occurred
1111,OSTX,Other,2026-03-09,,0,occurred
1112,ABBV,Other,2026-03-09,,0,occurred
1113,MNKD,PDUFA,2026-03-09,,0,occurred
1114,TNXP,Other,2026-03-09,,0,occurred
1115,BMY,Phase3,2026-03-08,,0,occurred
1116,DYN,Phase3,2026-03-08,,0,occurred
1117,DYN,Other,2026-03-08,,0,occurred
1118,RHHBY,Phase3,2026-03-08,,0,occurred
1119,RHHBY,Other,2026-03-08,,0,occurred
1120,HALO,Other,2026-03-06,,0,occurred
1121,AZN,PDUFA,2026-03-06,,0,occurred
1122,INCY,Other,2026-03-06,,0,occurred
1123,BMY,Other,2026-03-06,,0,occurred
1124,SVRA,PDUFA,2026-03-06,,0,occurred
1125,LNTH,Other,2026-03-06,,0,occurred
1126,DMAC,Phase2,2026-03-05,,0,occurred
1127,OTLK,Other,2026-03-05,,0,occurred
1128,JNJ,Other,2026-03-05,,0,occurred
1129,BTAI,Phase2,2026-03-05,,0,occurred
1130,HELP,Phase2,2026-03-05,,0,occurred
1131,RHHBY,Phase2,2026-03-05,,0,occurred
1132,MIRM,Phase3,2026-03-05,,0,occurred
1133,RHHBY,Phase2,2026-03-05,,0,occurred
1134,BBIO,Phase3,2026-03-04,,0,occurred
1135,PEPG,Phase2,2026-03-04,,0,occurred
1136,CTXR,Other,2026-03-04,,0,occurred
1137,ACHV,Phase3,2026-03-04,,0,occurred
1138,VNDA,Other,2026-03-03,,0,occurred
1139,ROIV,PDUFA,2026-03-03,,0,occurred
1140,GLSI,Phase3,2026-03-03,,0,occurred
1141,JNJ,Phase3,2026-03-03,,0,occurred
1142,TBPH,Phase3,2026-03-03,,0,occurred
1143,NTLA,Other,2026-03-03,,0,occurred
1144,BCDA,Phase3,2026-03-03,,0,occurred
1145,NTLA,Phase3,2026-03-02,,0,occurred
1146,KALV,Phase3,2026-03-02,,0,occurred
1147,PHVS,Phase2,2026-03-02,,0,occurred
1148,ONCY,Other,2026-03-02,,0,occurred
1149,NTLA,Phase3,2026-03-02,,0,occurred
1150,ABBV,Phase3,2026-03-02,,0,occurred
1151,ACAD,Other,2026-03-02,,0,occurred
1152,EYPT,Phase3,2026-03-02,,0,occurred
1153,RHHBY,Phase3,2026-03-02,,0,occurred
1154,PHVS,Phase3,2026-03-02,,0,occurred
1155,UTHR,Phase3,2026-03-02,,0,occurred
1156,ONCY,Phase2,2026-03-02,,0,occurred
1157,LNTH,Other,2026-03-02,,0,occurred
1158,OCGN,Phase3,2026-03-02,,0,occurred
1159,UPB,Phase2,2026-03-01,,0,occurred
1160,RYTM,PDUFA,2026-03-01,,0,occurred
1161,CLDX,Phase2,2026-03-01,,0,occurred
1162,SEPN,Other,2026-03-01,,0,occurred
1163,PTGX,PDUFA,2026-03-01,,0,occurred
1164,MRK,PDUFA,2026-02-28,,0,occurred
1165,MRK,PDUFA,2026-02-28,,0,occurred
1166,COGT,Phase3,2026-02-28,,0,occurred
1167,DBVT,Phase3,2026-02-28,,0,occurred
1168,BMRN,Other,2026-02-27,,0,occurred
1169,CLDX,Phase2,2026-02-27,,0,occurred
1170,URGN,Phase3,2026-02-27,,0,occurred
1171,PFE,Phase3,2026-02-27,,0,occurred
1172,MRK,Other,2026-02-27,,0,occurred
1173,CLDX,Phase2,2026-02-27,,0,occurred
1174,ASND,Other,2026-02-27,,0,occurred
1175,NTRA,Phase3,2026-02-27,,0,occurred
1176,AARD,Phase3,2026-02-27,,0,occurred
1177,IDYA,Other,2026-02-27,,0,occurred
1178,MRK,Phase3,2026-02-26,,0,occurred
1179,NGNE,Phase3,2026-02-26,,0,occurred
1180,LLY,Phase3,2026-02-26,,0,occurred
1181,PMVP,Other,2026-02-26,,0,occurred
1182,GUTS,Phase3,2026-02-26,,0,occurred
1183,TCRX,Other,2026-02-26,,0,occurred
1184,IONS,PDUFA,2026-02-26,,0,occurred
1185,TCRX,Other,2026-02-26,,0,occurred
1186,TCRX,Other,2026-02-26,,0,occurred
1187,JNJ,Other,2026-02-26,,0,occurred
1188,IBRX,Phase2,2026-02-26,,0,occurred
1189,ATAI,Phase2,2026-02-26,,0,occurred
1190,LLY,Other,2026-02-26,,0,occurred
1191,ARGX,Phase3,2026-02-26,,0,occurred
1192,SCYX,Other,2026-02-26,,0,occurred
1193,TLSA,Other,2026-02-25,,0,occurred
1194,ANAB,PDUFA,2026-02-25,,0,occurred
1195,ETON,Other,2026-02-25,,0,occurred
1196,VTRS,PDUFA,2026-02-25,,0,occurred
1197,MRK,PDUFA,2026-02-25,,0,occurred
1198,BMY,Phase3,2026-02-25,,0,occurred
1199,CLDX,Phase3,2026-02-25,,0,occurred
1200,LGVN,Phase2,2026-02-25,,0,occurred
1201,AMPH,Other,2026-02-24,,0,occurred
1202,LRMR,Phase3,2026-02-24,,0,occurred
1203,REGN,Other,2026-02-24,,0,occurred
1204,FULC,Other,2026-02-24,,0,occurred
1205,GLUE,Other,2026-02-24,,0,occurred
1206,JNJ,Other,2026-02-24,,0,occurred
1207,FULC,Other,2026-02-24,,0,occurred
1208,REGN,Other,2026-02-24,,0,occurred
1209,NTRA,Phase2,2026-02-24,,0,occurred
1210,PVLA,Phase3,2026-02-24,,0,occurred
1211,GILD,Phase3,2026-02-24,,0,occurred
1212,JNJ,Other,2026-02-24,,0,occurred
1213,IOVA,Phase2,2026-02-24,,0,occurred
1214,CVKD,Phase2,2026-02-24,,0,occurred
1215,RCUS,Other,2026-02-23,,0,occurred
1216,GOSS,Phase3,2026-02-23,,0,occurred
1217,TARA,Phase2,2026-02-23,,0,occurred
1218,ARMP,Other,2026-02-23,,0,occurred
1219,PALI,Other,2026-02-23,,0,occurred
1220,LLY,Other,2026-02-23,,0,occurred
1221,ALGS,Other,2026-02-23,,0,occurred
1222,ALGS,Other,2026-02-23,,0,occurred
1223,CCCC,Phase2,2026-02-23,,0,occurred
1224,BMY,Phase2,2026-02-23,,0,occurred
1225,DARE,Phase2,2026-02-23,,0,occurred
1226,RARE,PDUFA,2026-02-23,,0,occurred
1227,VIR,Other,2026-02-23,,0,occurred
1228,JNJ,Phase2,2026-02-21,,0,occurred
1229,ABVX,Phase3,2026-02-21,,0,occurred
1230,ABVX,Other,2026-02-21,,0,occurred
1231,JNJ,Other,2026-02-21,,0,occurred
1232,JNJ,Phase3,2026-02-21,,0,occurred
1233,FENC,Other,2026-02-20,,0,occurred
1234,ABBV,Other,2026-02-20,,0,occurred
1235,CYDY,Other,2026-02-20,,0,occurred
1236,AZN,Other,2026-02-20,,0,occurred
1237,SVRA,PDUFA,2026-02-20,,0,occurred
1238,VNDA,Other,2026-02-20,,0,occurred
1239,TEVA,Other,2026-02-20,,0,occurred
1240,LLY,Phase3,2026-02-19,,0,occurred
1241,RHHBY,Other,2026-02-19,,0,occurred
1242,IBRX,Other,2026-02-19,,0,occurred
1243,JNJ,Other,2026-02-19,,0,occurred
1244,IBRX,Other,2026-02-19,,0,occurred
1245,REGN,PDUFA,2026-02-19,,0,occurred
1246,BCAX,Other,2026-02-19,,0,occurred
1247,TRAW,Other,2026-02-19,,0,occurred
1248,LLY,Phase3,2026-02-19,,0,occurred
1249,TRAW,Other,2026-02-19,,0,occurred
1250,TRAW,Phase2,2026-02-19,,0,occurred
1251,AGEN,Other,2026-02-19,,0,occurred
1252,VTRS,Other,2026-02-19,,0,occurred
1253,MRK,Phase3,2026-02-19,,0,occurred
1254,LLY,Phase3,2026-02-18,,0,occurred
1255,MBRX,Phase2/3,2026-02-18,,0,occurred
1256,APRE,Other,2026-02-18,,0,occurred
1257,CMPS,Phase3,2026-02-17,,0,occurred
1258,TEVA,Phase2,2026-02-17,,0,occurred
1259,JNJ,Other,2026-02-17,,0,occurred
1260,GSK,Other,2026-02-17,,0,occurred
1261,CYCN,Other,2026-02-17,,0,occurred
1262,MRNA,Other,2026-02-17,,0,occurred
1263,BFRI,Other,2026-02-17,,0,occurred
1264,OCUL,Phase3,2026-02-17,,0,occurred
1265,PFE,Phase3,2026-02-17,,0,occurred
1266,HRMY,Other,2026-02-17,,0,occurred
1267,CYTK,Other,2026-02-17,,0,occurred
1268,RHHBY,Phase3,2026-02-16,,0,occurred
1269,RLYB,Other,2026-02-16,,0,occurred
1270,LLY,Phase3,2026-02-16,,0,occurred
1271,RHHBY,Phase3,2026-02-15,,0,occurred
1272,AZN,Other,2026-02-13,,0,occurred
1273,INMB,Phase2/3,2026-02-12,,0,occurred
1274,ANVS,Phase3,2026-02-12,,0,occurred
1275,MRK,Phase3,2026-02-12,,0,occurred
1276,BBIO,Phase3,2026-02-12,,0,occurred
1277,MRK,Phase3,2026-02-12,,0,occurred
1278,ANL,Other,2026-02-12,,0,occurred
1279,MRK,Phase3,2026-02-12,,0,occurred
1280,LYEL,Phase3,2026-02-12,,0,occurred
1281,LYEL,Other,2026-02-12,,0,occurred
1282,EBS,Other,2026-02-12,,0,occurred
1283,BCRX,Phase2,2026-02-11,,0,occurred
1284,UPB,Phase2,2026-02-11,,0,occurred
1285,BCRX,Other,2026-02-11,,0,occurred
1286,NVCR,Other,2026-02-11,,0,occurred
1287,PCVX,Phase3,2026-02-11,,0,occurred
1288,BFRI,PDUFA,2026-02-11,,0,occurred
1289,MRK,Other,2026-02-10,,0,occurred
1290,EVMN,Phase2,2026-02-10,,0,occurred
1291,PHIO,Other,2026-02-10,,0,occurred
1292,NKTR,Phase2,2026-02-10,,0,occurred
1293,GNPX,Other,2026-02-10,,0,occurred
1294,MRK,Other,2026-02-10,,0,occurred
1295,INMB,Other,2026-02-10,,0,occurred
1296,MRNA,Other,2026-02-10,,0,occurred
1297,TMDX,Other,2026-02-09,,0,occurred
1298,MNKD,PDUFA,2026-02-09,,0,occurred
1299,SLDB,Other,2026-02-09,,0,occurred
1300,TMDX,Phase3,2026-02-09,,0,occurred
1301,KRYS,Other,2026-02-09,,0,occurred
1302,ZBIO,Phase2,2026-02-09,,0,occurred
1303,ANIX,Other,2026-02-09,,0,occurred
1304,MNKD,Phase2,2026-02-09,,0,occurred
1305,BFRI,Phase3,2026-02-09,,0,occurred
1306,FDMT,Phase3,2026-02-09,,0,occurred
1307,BIIB,Other,2026-02-08,,0,occurred
1308,RHHBY,Phase3,2026-02-07,,0,occurred
1309,RHHBY,Phase3,2026-02-07,,0,occurred
1310,QURE,Other,2026-02-06,,0,occurred
1311,ROIV,Phase2,2026-02-06,,0,occurred
1312,PFE,PDUFA,2026-02-06,,0,occurred
1313,JNJ,Other,2026-02-06,,0,occurred
1314,TGTX,Other,2026-02-06,,0,occurred
1315,JNJ,Other,2026-02-06,,0,occurred
1316,SPRB,Other,2026-02-05,,0,occurred
1317,CGTX,Other,2026-02-05,,0,occurred
1318,DNLI,Other,2026-02-05,,0,occurred
1319,DNLI,PDUFA,2026-02-05,,0,occurred
1320,RNAZ,Phase2,2026-02-05,,0,occurred
1321,AAPG,Other,2026-02-05,,0,occurred
1322,ALVO,Other,2026-02-05,,0,occurred
1323,NUVB,Phase3,2026-02-04,,0,occurred
1324,ONCY,Other,2026-02-04,,0,occurred
1325,NUVB,Other,2026-02-04,,0,occurred
1326,SRPT,Other,2026-02-04,,0,occurred
1327,CPIX,Phase2,2026-02-04,,0,occurred
1328,ZVRA,Other,2026-02-04,,0,occurred
1329,IMUX,Phase2,2026-02-04,,0,occurred
1330,RARE,Other,2026-02-03,,0,occurred
1331,PFE,Phase3,2026-02-03,,0,occurred
1332,FOLD,Other,2026-02-03,,0,occurred
1333,SGMO,Other,2026-02-03,,0,occurred
1334,FOLD,Other,2026-02-03,,0,occurred
1335,MOLN,Other,2026-02-02,,0,occurred
1336,SGMT,Phase3,2026-02-02,,0,occurred
1337,REGN,Other,2026-02-02,,0,occurred
1338,IBRX,Phase2,2026-02-02,,0,occurred
1339,SKYE,Phase2,2026-02-02,,0,occurred
1340,OSTX,Other,2026-02-02,,0,occurred
1341,ARQT,Phase2,2026-02-02,,0,occurred
1342,DWTX,Phase2,2026-02-02,,0,occurred
1343,MLTX,Phase2,2026-02-02,,0,occurred
1344,AQST,Other,2026-02-02,,0,occurred
1345,PHAR,Other,2026-02-01,,0,occurred
1346,RARE,Other,2026-01-30,,0,occurred
1347,EXEL,PDUFA,2026-01-30,,0,occurred
1348,TNXP,Other,2026-01-30,,0,occurred
1349,ALXO,Other,2026-01-30,,0,occurred
1350,APRE,Other,2026-01-29,,0,occurred
1351,UNCY,PDUFA,2026-01-29,,0,occurred
1352,RVMD,Other,2026-01-29,,0,occurred
1353,KYMR,Phase2,2026-01-29,,0,occurred
1354,SMMT,PDUFA,2026-01-29,,0,occurred
1355,SGMT,Other,2026-01-29,,0,occurred
1356,QNCX,Phase3,2026-01-29,,0,occurred
1357,GUTS,Phase2,2026-01-29,,0,occurred
1358,GRI,Phase2,2026-01-28,,0,occurred
1359,GKOS,Other,2026-01-28,,0,occurred
1360,CALC,Phase2,2026-01-28,,0,occurred
1361,JNJ,Other,2026-01-27,,0,occurred
1362,RHHBY,Phase2,2026-01-27,,0,occurred
1363,CRDF,Phase2,2026-01-27,,0,occurred
1364,ACRS,Other,2026-01-27,,0,occurred
1365,KZIA,Other,2026-01-27,,0,occurred
1366,MNKD,Other,2026-01-26,,0,occurred
1367,LGVN,Phase2,2026-01-26,,0,occurred
1368,UTHR,Other,2026-01-26,,0,occurred
1369,NBIX,Phase2,2026-01-26,,0,occurred
1370,MIST,Other,2026-01-26,,0,occurred
1371,RHHBY,Phase2,2026-01-26,,0,occurred
1372,SRPT,Phase3,2026-01-26,,0,occurred
1373,TRAW,Phase2,2026-01-26,,0,occurred
1374,COGT,Other,2026-01-26,,0,occurred
1375,MESO,Other,2026-01-26,,0,occurred
1376,BIIB,PDUFA,2026-01-25,,0,occurred
1377,IBRX,Phase2,2026-01-23,,0,occurred
1378,ELDN,Other,2026-01-23,,0,occurred
1379,GLSI,Phase3,2026-01-22,,0,occurred
1380,CORT,PDUFA,2026-01-22,,0,occurred
1381,ALGS,Phase2,2026-01-21,,0,occurred
1382,IBRX,Other,2026-01-20,,0,occurred
1383,LPCN,Phase3,2026-01-20,,0,occurred
1384,COGT,Other,2026-01-20,,0,occurred
1385,LTRN,Other,2026-01-20,,0,occurred
1386,CELC,PDUFA,2026-01-20,,0,occurred
1387,BTAI,Other,2026-01-20,,0,occurred
1388,BIOA,Other,2026-01-20,,0,occurred
1389,CRVS,Other,2026-01-20,,0,occurred
1390,GILD,Other,2026-01-20,,0,occurred
1391,PHIO,Other,2026-01-20,,0,occurred
1392,RNTX,Other,2026-01-20,,0,occurred
1393,CAPR,Other,2026-01-20,,0,occurred
1394,QNRX,Other,2026-01-20,,0,occurred
1395,GILD,Other,2026-01-20,,0,occurred
1396,DYN,Other,2026-01-20,,0,occurred
1397,IBRX,Other,2026-01-20,,0,occurred
1398,MESO,Phase3,2026-01-18,,0,occurred
1399,ABBV,Phase3,2026-01-16,,0,occurred
1400,IBRX,Other,2026-01-16,,0,occurred
1401,GMAB,Phase3,2026-01-16,,0,occurred
1402,CASI,Other,2026-01-15,,0,occurred
1403,AXSM,Phase3,2026-01-15,,0,occurred
1404,OSTX,Phase2,2026-01-15,,0,occurred
1405,TEVA,Other,2026-01-14,,0,occurred
1406,EBS,Other,2026-01-14,,0,occurred
1407,EBS,Other,2026-01-14,,0,occurred
1408,TEVA,Other,2026-01-14,,0,occurred
1409,ANRO,Phase2,2026-01-13,,0,occurred
1410,BCTX,Other,2026-01-13,,0,occurred
1411,MBRX,Phase3,2026-01-13,,0,occurred
1412,ARGX,PDUFA,2026-01-13,,0,occurred
1413,FBIO,Other,2026-01-13,,0,occurred
1414,IBRX,Phase3,2026-01-13,,0,occurred
1415,TRAW,Phase2,2026-01-13,,0,occurred
1416,MBRX,Other,2026-01-13,,0,occurred
1417,LPCN,Phase3,2026-01-12,,0,occurred
1418,ORKA,Other,2026-01-12,,0,occurred
1419,CLNN,Phase2,2026-01-12,,0,occurred
1420,ANTX,Other,2026-01-12,,0,occurred
1421,CASI,Other,2026-01-12,,0,occurred
1422,SLDB,Other,2026-01-12,,0,occurred
1423,LXEO,Other,2026-01-12,,0,occurred
1424,SLDB,Other,2026-01-12,,0,occurred
1425,ACTU,Phase2,2026-01-12,,0,occurred
1426,ONCY,Other,2026-01-12,,0,occurred
1427,BIOA,Other,2026-01-12,,0,occurred
1428,SMMT,Other,2026-01-12,,0,occurred
1429,RLMD,Phase3,2026-01-12,,0,occurred
1430,RLMD,Phase3,2026-01-12,,0,occurred
1431,ATRA,Other,2026-01-12,,0,occurred
1432,ORKA,Phase2,2026-01-12,,0,occurred
1433,ACRS,Other,2026-01-12,,0,occurred
1434,ABCL,Phase2,2026-01-12,,0,occurred
1435,INAB,Phase2,2026-01-12,,0,occurred
1436,RGNX,Other,2026-01-11,,0,occurred
1437,RGNX,PDUFA,2026-01-11,,0,occurred
1438,BMY,Phase3,2026-01-11,,0,occurred
1439,BNTC,Other,2026-01-11,,0,occurred
1440,CATX,Other,2026-01-09,,0,occurred
1441,MIRM,Phase2,2026-01-09,,0,occurred
1442,VKTX,Phase3,2026-01-08,,0,occurred
1443,LLY,Phase3,2026-01-08,,0,occurred
1444,KRYS,Other,2026-01-08,,0,occurred
1445,PRQR,Other,2026-01-08,,0,occurred
1446,JSPR,Other,2026-01-08,,0,occurred
1447,RVMD,Other,2026-01-08,,0,occurred
1448,VNDA,Other,2026-01-08,,0,occurred
1449,JSPR,Other,2026-01-08,,0,occurred
1450,VKTX,Other,2026-01-08,,0,occurred
1451,MLTX,Phase3,2026-01-08,,0,occurred
1452,RANI,Other,2026-01-08,,0,occurred
1453,ASND,Phase2,2026-01-08,,0,occurred
1454,GLUE,Other,2026-01-07,,0,occurred
1455,HCM,Phase3,2026-01-07,,0,occurred
1456,IMRX,Phase2,2026-01-07,,0,occurred
1457,ARWR,Other,2026-01-06,,0,occurred
1458,ACRS,Other,2026-01-06,,0,occurred
1459,ZYME,Phase3,2026-01-06,,0,occurred
1460,ARWR,Other,2026-01-06,,0,occurred
1461,JNJ,Phase2,2026-01-06,,0,occurred
1462,ALMS,Phase3,2026-01-06,,0,occurred
1463,DRUG,Phase2,2026-01-06,,0,occurred
1464,IONS,Phase3,2026-01-06,,0,occurred
1465,ACTU,Other,2026-01-06,,0,occurred
1466,ACTU,Other,2026-01-06,,0,occurred
1467,TIL,Other,2026-01-06,,0,occurred
1468,APGE,Other,2026-01-06,,0,occurred
1469,TARA,Phase2,2026-01-05,,0,occurred
1470,INCY,Phase3,2026-01-05,,0,occurred
1471,RDHL,Phase3,2026-01-05,,0,occurred
1472,PTGX,Other,2026-01-05,,0,occurred
1473,GNLX,Phase2,2026-01-05,,0,occurred
1474,GHRS,Phase2,2026-01-05,,0,occurred
1475,RDHL,Other,2026-01-05,,0,occurred
1476,MPLT,Phase2,2026-01-05,,0,occurred
1477,NMRA,Other,2026-01-05,,0,occurred
1478,TARA,Phase2,2026-01-05,,0,occurred
1479,CRNX,Phase2,2026-01-05,,0,occurred
1480,CBIO,Other,2026-01-05,,0,occurred
1481,MRNA,Other,2026-01-05,,0,occurred
1482,COYA,Other,2026-01-05,,0,occurred
1483,GNLX,Other,2026-01-05,,0,occurred
1484,ALT,Phase2,2026-01-05,,0,occurred
1485,NTRA,Phase3,2026-01-05,,0,occurred
1486,RDHL,Phase2,2026-01-05,,0,occurred
1487,CBIO,Other,2026-01-05,,0,occurred
1488,HCM,Phase3,2026-01-05,,0,occurred
1489,PCSA,Phase2,2026-01-05,,0,occurred
1490,ZBIO,Phase3,2026-01-05,,0,occurred
1491,MOLN,Other,2026-01-01,,0,occurred
1492,VNDA,Other,2025-12-30,,0,occurred
1493,RARE,Other,2025-12-30,,0,occurred
1494,IFRX,Phase3,2025-12-30,,0,occurred
1495,PRAX,Phase3,2025-12-29,,0,occurred
1496,INO,PDUFA,2025-12-29,,0,occurred
1497,TOVX,Phase2,2025-12-29,,0,occurred
1498,VSTM,Other,2025-12-29,,0,occurred
1499,MREO,Phase3,2025-12-29,,0,occurred
1500,TNXP,Other,2025-12-29,,0,occurred
1501,UNCY,Other,2025-12-29,,0,occurred
1502,VSTM,Other,2025-12-29,,0,occurred
1503,SLS,Phase3,2025-12-29,,0,occurred
1504,RARE,Phase3,2025-12-29,,0,occurred
1505,OMER,Other,2025-12-24,,0,occurred
1506,PHIO,Other,2025-12-23,,0,occurred
1507,DNTH,Other,2025-12-23,,0,occurred
1508,AGIO,Other,2025-12-23,,0,occurred
1509,IVVD,Phase3,2025-12-23,,0,occurred
1510,IVVD,Phase3,2025-12-23,,0,occurred
1511,RVPH,Phase3,2025-12-23,,0,occurred
1512,COYA,Phase2,2025-12-23,,0,occurred
1513,AMRX,Other,2025-12-22,,0,occurred
1514,ENTX,Other,2025-12-22,,0,occurred
1515,IMMP,Other,2025-12-22,,0,occurred
1516,RHHBY,Other,2025-12-22,,0,occurred
1517,DWTX,Phase2,2025-12-22,,0,occurred
1518,AMRX,Other,2025-12-22,,0,occurred
1519,NBIX,Phase3,2025-12-22,,0,occurred
1520,RHHBY,Other,2025-12-21,,0,occurred
1521,RHHBY,Other,2025-12-21,,0,occurred
1522,ALT,Phase2,2025-12-19,,0,occurred
1523,IPSEY,Phase2,2025-12-19,,0,occurred
1524,SPRO,Other,2025-12-19,,0,occurred
1525,CYTK,Other,2025-12-19,,0,occurred
1526,SGMT,Other,2025-12-18,,0,occurred
1527,GLPG,Phase2,2025-12-18,,0,occurred
1528,SGMO,Other,2025-12-18,,0,occurred
1529,ONC,Other,2025-12-18,,0,occurred
1530,AVDL,Phase3,2025-12-18,,0,occurred
1531,RVMD,Phase3,2025-12-18,,0,occurred
1532,OVID,Other,2025-12-18,,0,occurred
1533,JNJ,Other,2025-12-18,,0,occurred
1534,GLPG,Phase2,2025-12-18,,0,occurred
1535,COCP,Other,2025-12-18,,0,occurred
1536,PMN,Other,2025-12-18,,0,occurred
1537,SABS,Phase2,2025-12-18,,0,occurred
1538,HALO,Other,2025-12-18,,0,occurred
1539,PYXS,Other,2025-12-18,,0,occurred
1540,HOWL,Other,2025-12-18,,0,occurred
1541,DMAC,Phase2,2025-12-18,,0,occurred
1542,GANX,Other,2025-12-18,,0,occurred
1543,MIST,Other,2025-12-17,,0,occurred
1544,SLGL,Other,2025-12-17,,0,occurred
1545,PFE,Other,2025-12-17,,0,occurred
1546,VTGN,Phase3,2025-12-17,,0,occurred
1547,JNJ,Other,2025-12-17,,0,occurred
1548,FDMT,Other,2025-12-17,,0,occurred
1549,PFE,Phase3,2025-12-17,,0,occurred
1550,JNJ,Phase3,2025-12-17,,0,occurred
1551,MBRX,Other,2025-12-17,,0,occurred
1552,SABS,Phase2,2025-12-17,,0,occurred
1553,TRAW,Phase2,2025-12-17,,0,occurred
1554,KLRS,Other,2025-12-17,,0,occurred
1555,IMRX,Phase3,2025-12-17,,0,occurred
1556,GSK,Other,2025-12-16,,0,occurred
1557,IMMP,Phase3,2025-12-16,,0,occurred
1558,ADAG,Phase2,2025-12-16,,0,occurred
1559,GLUE,Other,2025-12-16,,0,occurred
1560,IBRX,Phase2/3,2025-12-16,,0,occurred
1561,ONCY,Other,2025-12-16,,0,occurred
1562,NKTR,Phase2,2025-12-16,,0,occurred
1563,PVLA,Other,2025-12-16,,0,occurred
1564,NKTR,Phase2,2025-12-16,,0,occurred
1565,GLUE,Other,2025-12-16,,0,occurred
1566,DBVT,Phase3,2025-12-16,,0,occurred
1567,ZBIO,Phase2,2025-12-15,,0,occurred
1568,GLSI,Phase3,2025-12-15,,0,occurred
1569,AZN,Other,2025-12-15,,0,occurred
1570,RDHL,Other,2025-12-15,,0,occurred
1571,ARGX,Phase3,2025-12-15,,0,occurred
1572,KYTX,Phase2,2025-12-15,,0,occurred
1573,LLY,Other,2025-12-12,,0,occurred
1574,TLSA,Phase2,2025-12-12,,0,occurred
1575,AVXL,Other,2025-12-12,,0,occurred
1576,MLYS,Other,2025-12-12,,0,occurred
1577,LLY,Phase3,2025-12-12,,0,occurred
1578,LLY,Phase3,2025-12-12,,0,occurred
1579,JNJ,Other,2025-12-12,,0,occurred
1580,EBS,Other,2025-12-12,,0,occurred
1581,BYSI,Phase3,2025-12-12,,0,occurred
1582,BCRX,Other,2025-12-12,,0,occurred
1583,INVA,Other,2025-12-12,,0,occurred
1584,MIST,Other,2025-12-12,,0,occurred
1585,RLAY,Other,2025-12-12,,0,occurred
1586,AMGN,Other,2025-12-11,,0,occurred
1587,IDYA,Phase2/3,2025-12-11,,0,occurred
1588,OKYO,Phase2,2025-12-11,,0,occurred
1589,CRBP,Other,2025-12-11,,0,occurred
1590,RYTM,Phase2,2025-12-11,,0,occurred
1591,ANIX,Other,2025-12-11,,0,occurred
1592,BYSI,Phase3,2025-12-11,,0,occurred
1593,ATOS,Other,2025-12-11,,0,occurred
1594,KYMR,Other,2025-12-11,,0,occurred
1595,TNYA,Other,2025-12-11,,0,occurred
1596,BHVN,Other,2025-12-11,,0,occurred
1597,RNAZ,Other,2025-12-11,,0,occurred
1598,CELC,Phase3,2025-12-11,,0,occurred
1599,RZLT,Phase3,2025-12-11,,0,occurred
1600,TNYA,Other,2025-12-11,,0,occurred
1601,MAIA,Phase3,2025-12-11,,0,occurred
1602,BYSI,Phase3,2025-12-11,,0,occurred
1603,IMTX,Other,2025-12-11,,0,occurred
1604,MAIA,Phase3,2025-12-11,,0,occurred
1605,RYTM,Other,2025-12-11,,0,occurred
1606,OKYO,Phase2,2025-12-11,,0,occurred
1607,MDNAF,Other,2025-12-10,,0,occurred
1608,BRNS,Other,2025-12-10,,0,occurred
1609,PTCT,Other,2025-12-10,,0,occurred
1610,PFE,Phase3,2025-12-10,,0,occurred
1611,SGMT,Other,2025-12-10,,0,occurred
1612,KZIA,Other,2025-12-10,,0,occurred
1613,NCNA,Phase2,2025-12-10,,0,occurred
1614,MDWD,Phase2,2025-12-10,,0,occurred
1615,GRI,Phase2,2025-12-10,,0,occurred
1616,MDNAF,Other,2025-12-10,,0,occurred
1617,AARD,Phase3,2025-12-10,,0,occurred
1618,VALN,Phase2,2025-12-10,,0,occurred
1619,IDYA,Other,2025-12-10,,0,occurred
1620,SGMT,Other,2025-12-10,,0,occurred
1621,MDNAF,Other,2025-12-10,,0,occurred
1622,KZIA,Other,2025-12-10,,0,occurred
1623,AZN,Other,2025-12-10,,0,occurred
1624,MDNAF,Other,2025-12-10,,0,occurred
1625,AMRX,Other,2025-12-09,,0,occurred
1626,PTIX,Other,2025-12-09,,0,occurred
1627,BMY,Phase2,2025-12-09,,0,occurred
1628,COYA,Phase2,2025-12-09,,0,occurred
1629,JNJ,Other,2025-12-09,,0,occurred
1630,SNTI,Other,2025-12-09,,0,occurred
1631,CLDX,Phase3,2025-12-09,,0,occurred
1632,SNTI,Other,2025-12-09,,0,occurred
1633,CRIS,Other,2025-12-09,,0,occurred
1634,TEVA,Other,2025-12-09,,0,occurred
1635,RHHBY,Other,2025-12-09,,0,occurred
1636,ENSC,Phase3,2025-12-09,,0,occurred
1637,GERN,Other,2025-12-08,,0,occurred
1638,FATE,Other,2025-12-08,,0,occurred
1639,KURA,Other,2025-12-08,,0,occurred
1640,RHHBY,Phase3,2025-12-08,,0,occurred
1641,XCUR,Phase2,2025-12-08,,0,occurred
1642,KYMR,Phase2,2025-12-08,,0,occurred
1643,AUTL,Other,2025-12-08,,0,occurred
1644,AGIO,PDUFA,2025-12-08,,0,occurred
1645,AAPG,Phase3,2025-12-08,,0,occurred
1646,GERN,Phase2,2025-12-08,,0,occurred
1647,GLSI,Phase3,2025-12-08,,0,occurred
1648,RXRX,Phase2,2025-12-08,,0,occurred
1649,AUTL,Other,2025-12-08,,0,occurred
1650,ZLAB,Other,2025-12-08,,0,occurred
1651,ASMB,Other,2025-12-08,,0,occurred
1652,GERN,Phase2,2025-12-08,,0,occurred
1653,GPCR,Phase2,2025-12-08,,0,occurred
1654,AZN,Phase3,2025-12-08,,0,occurred
1655,PHGE,Phase2,2025-12-08,,0,occurred
1656,SNDX,Phase2,2025-12-08,,0,occurred
1657,AUTL,Phase2,2025-12-08,,0,occurred
1658,SNDX,Other,2025-12-08,,0,occurred
1659,CASI,Other,2025-12-08,,0,occurred
1660,TERN,Other,2025-12-08,,0,occurred
1661,DYN,Other,2025-12-08,,0,occurred
1662,CGEM,Other,2025-12-08,,0,occurred
1663,ASMB,Other,2025-12-08,,0,occurred
1664,COGT,Phase3,2025-12-08,,0,occurred
1665,AAPG,Phase2,2025-12-08,,0,occurred
1666,ARWR,Other,2025-12-08,,0,occurred
1667,AAPG,Phase3,2025-12-08,,0,occurred
1668,GERN,Other,2025-12-08,,0,occurred
1669,AUTL,Other,2025-12-08,,0,occurred
1670,WVE,Other,2025-12-08,,0,occurred
1671,PCVX,Phase3,2025-12-08,,0,occurred
1672,KMDA,Phase3,2025-12-08,,0,occurred
1673,NRIX,Other,2025-12-08,,0,occurred
1674,CRDF,Other,2025-12-08,,0,occurred
1675,MNOV,Phase2/3,2025-12-08,,0,occurred
1676,FATE,Other,2025-12-08,,0,occurred
1677,CYDY,Other,2025-12-08,,0,occurred
1678,CHRS,Phase3,2025-12-08,,0,occurred
1679,INCY,Other,2025-12-08,,0,occurred
1680,HRMY,Phase3,2025-12-08,,0,occurred
1681,CRVS,Other,2025-12-08,,0,occurred
1682,ATNM,Other,2025-12-08,,0,occurred
1683,CGEM,Other,2025-12-08,,0,occurred
1684,GLPG,Phase2,2025-12-08,,0,occurred
1685,LYEL,Phase3,2025-12-07,,0,occurred
1686,MOLN,Other,2025-12-07,,0,occurred
1687,ALXO,Phase2,2025-12-07,,0,occurred
1688,AAPG,Other,2025-12-07,,0,occurred
1689,SLS,Phase2,2025-12-07,,0,occurred
1690,AGIO,PDUFA,2025-12-07,,0,occurred
1691,RIGL,Other,2025-12-07,,0,occurred
1692,EVAX,Other,2025-12-06,,0,occurred
1693,LEGN,Other,2025-12-06,,0,occurred
1694,TCRX,Other,2025-12-06,,0,occurred
1695,COGT,Phase3,2025-12-06,,0,occurred
1696,NRIX,Other,2025-12-06,,0,occurred
1697,APTO,Other,2025-12-06,,0,occurred
1698,LEGN,Other,2025-12-06,,0,occurred
1699,BEAM,Other,2025-12-06,,0,occurred
1700,BCAX,Other,2025-12-06,,0,occurred
1701,FULC,Other,2025-12-06,,0,occurred
1702,ACLX,Phase2,2025-12-06,,0,occurred
1703,IRON,Phase2,2025-12-06,,0,occurred
1704,AAPG,Other,2025-12-06,,0,occurred
1705,CGON,Phase2,2025-12-05,,0,occurred
1706,PTGX,Phase3,2025-12-05,,0,occurred
1707,XENE,Other,2025-12-05,,0,occurred
1708,BMEA,Other,2025-12-05,,0,occurred
1709,ORIC,Other,2025-12-05,,0,occurred
1710,ORIC,Other,2025-12-05,,0,occurred
1711,XENE,Phase3,2025-12-05,,0,occurred
1712,GMAB,Phase2,2025-12-05,,0,occurred
1713,CGON,Phase3,2025-12-05,,0,occurred
1714,RAPP,Phase2,2025-12-05,,0,occurred
1715,AMLX,Other,2025-12-05,,0,occurred
1716,AAPG,Phase3,2025-12-04,,0,occurred
1717,QURE,Other,2025-12-04,,0,occurred
1718,BFRI,Phase3,2025-12-04,,0,occurred
1719,PLRX,Other,2025-12-04,,0,occurred
1720,ABSI,Other,2025-12-04,,0,occurred
1721,BIOA,Other,2025-12-04,,0,occurred
1722,VNDA,PDUFA,2025-12-04,,0,occurred
1723,STRO,Other,2025-12-03,,0,occurred
1724,TARA,Phase2,2025-12-03,,0,occurred
1725,LLY,Other,2025-12-03,,0,occurred
1726,LTRN,Other,2025-12-03,,0,occurred
1727,BDTX,Phase2,2025-12-03,,0,occurred
1728,CAPR,Other,2025-12-03,,0,occurred
1729,AXGN,Other,2025-12-03,,0,occurred
1730,BMY,Other,2025-12-03,,0,occurred
1731,CRNX,Other,2025-12-03,,0,occurred
1732,PHVS,Phase3,2025-12-03,,0,occurred
1733,IXHL,Phase2,2025-12-03,,0,occurred
1734,CLNN,Phase2,2025-12-03,,0,occurred
1735,ADCT,Other,2025-12-03,,0,occurred
1736,IONS,Phase3,2025-12-02,,0,occurred
1737,GUTS,Phase2,2025-12-02,,0,occurred
1738,AZN,PDUFA,2025-12-02,,0,occurred
1739,JSPR,Other,2025-12-02,,0,occurred
1740,BFRI,Other,2025-12-02,,0,occurred
1741,SGMO,Other,2025-12-02,,0,occurred
1742,ARWR,Other,2025-12-02,,0,occurred
1743,COGT,Other,2025-12-01,,0,occurred
1744,COGT,Other,2025-12-01,,0,occurred
1745,CRDL,Phase2,2025-12-01,,0,occurred
1746,SLDB,Other,2025-12-01,,0,occurred
1747,BLTE,Phase3,2025-12-01,,0,occurred
1748,MNKD,PDUFA,2025-12-01,,0,occurred
1749,IDYA,Other,2025-12-01,,0,occurred
1750,MIRM,Phase2,2025-12-01,,0,occurred
1751,DARE,Phase3,2025-12-01,,0,occurred
1752,CGEM,Other,2025-12-01,,0,occurred
1753,LGVN,Phase2,2025-12-01,,0,occurred
1754,INMB,Phase2,2025-12-01,,0,occurred
1755,JANX,Other,2025-12-01,,0,occurred
1756,CTXR,Other,2025-12-01,,0,occurred
1757,VNDA,PDUFA,2025-11-28,,0,occurred
1758,VALN,Phase2,2025-11-26,,0,occurred
1759,VTGN,Other,2025-11-26,,0,occurred
1760,PHGE,Phase2,2025-11-25,,0,occurred
1761,ASND,PDUFA,2025-11-25,,0,occurred
1762,KYMR,Phase2,2025-11-25,,0,occurred
1763,TNXP,Phase2,2025-11-24,,0,occurred
1764,ENLV,Phase2,2025-11-24,,0,occurred
1765,KTTA,Other,2025-11-24,,0,occurred
1766,OCUL,Phase3,2025-11-24,,0,occurred
1767,DAWN,Phase2,2025-11-24,,0,occurred
1768,GNTA,Other,2025-11-24,,0,occurred
1769,CDTX,Phase3,2025-11-24,,0,occurred
1770,HRMY,Other,2025-11-24,,0,occurred
1771,SRPT,Other,2025-11-24,,0,occurred
1772,KTTA,Other,2025-11-21,,0,occurred
1773,SGMO,Other,2025-11-21,,0,occurred
1774,MRK,Other,2025-11-21,,0,occurred
1775,MRK,Other,2025-11-21,,0,occurred
1776,SXTP,Phase2,2025-11-21,,0,occurred
1777,GANX,Other,2025-11-20,,0,occurred
1778,CGEM,Other,2025-11-20,,0,occurred
1779,EVAX,Other,2025-11-20,,0,occurred
1780,KTTA,Other,2025-11-20,,0,occurred
1781,CRNX,Phase3,2025-11-20,,0,occurred
1782,CTNM,Phase2,2025-11-20,,0,occurred
1783,CRNX,Other,2025-11-20,,0,occurred
1784,AGIO,Phase3,2025-11-19,,0,occurred
1785,HRMY,Other,2025-11-19,,0,occurred
1786,REGN,Other,2025-11-19,,0,occurred
1787,ALZN,Phase2,2025-11-19,,0,occurred
1788,TARA,Phase2,2025-11-19,,0,occurred
1789,VKTX,Phase3,2025-11-19,,0,occurred
1790,EYPT,Phase3,2025-11-19,,0,occurred
1791,NUVL,PDUFA,2025-11-19,,0,occurred
1792,AMGN,Other,2025-11-19,,0,occurred
1793,MRK,PDUFA,2025-11-19,,0,occurred
1794,ELDN,Other,2025-11-18,,0,occurred
1795,ABBV,Other,2025-11-18,,0,occurred
1796,PFE,Other,2025-11-17,,0,occurred
1797,ZYME,Phase3,2025-11-17,,0,occurred
1798,RNAC,Phase2,2025-11-13,,0,occurred
1799,ORIC,Other,2025-11-13,,0,occurred
1800,RNAC,Other,2025-11-13,,0,occurred
1801,AMRX,Other,2025-11-13,,0,occurred
1802,ARWR,Other,2025-11-12,,0,occurred
1803,ARTV,Other,2025-11-12,,0,occurred
1804,ENGN,Phase2,2025-11-11,,0,occurred
1805,IFRX,Phase2,2025-11-10,,0,occurred
1806,BCDA,Phase3,2025-11-10,,0,occurred
1807,ASMB,Other,2025-11-07,,0,occurred
1808,URGN,Phase3,2025-11-06,,0,occurred
1809,VKTX,Phase2,2025-11-06,,0,occurred
1810,CLDX,Phase3,2025-11-06,,0,occurred
1811,ANIK,Phase3,2025-11-05,,0,occurred
1812,NRIX,Other,2025-11-05,,0,occurred
1813,KOD,Phase2,2025-11-05,,0,occurred
1814,RLMD,Phase2,2025-11-04,,0,occurred
1815,BHVN,Other,2025-11-04,,0,occurred
1816,VALN,Other,2025-11-04,,0,occurred
1817,RLMD,Phase2,2025-11-04,,0,occurred
1818,OCUL,Phase3,2025-11-04,,0,occurred
1819,SRPT,Phase3,2025-11-03,,0,occurred
1820,BNTC,Other,2025-11-03,,0,occurred
1821,IOVA,Phase2,2025-11-03,,0,occurred
1822,OTLK,Other,2025-11-03,,0,occurred
1823,VIR,Phase3,2025-11-03,,0,occurred
1824,MRNA,Other,2025-11-03,,0,occurred
1825,TCRX,Other,2025-11-03,,0,occurred
1826,ACHV,PDUFA,2025-11-03,,0,occurred
1827,QURE,Other,2025-11-03,,0,occurred
1828,TERN,Other,2025-11-03,,0,occurred
1829,CRBU,Other,2025-11-03,,0,occurred
1830,SRPT,Phase3,2025-11-03,,0,occurred
1831,PHIO,Other,2025-11-03,,0,occurred
1832,ATRA,Other,2025-11-03,,0,occurred
1833,ACHV,PDUFA,2025-11-03,,0,occurred
1834,RNTX,Phase2,2025-11-03,,0,occurred
1835,CRBU,Other,2025-11-03,,0,occurred
1836,TCRX,Other,2025-11-03,,0,occurred
1837,INO,Other,2025-11-03,,0,occurred
1838,ALVO,Other,2025-11-02,,0,occurred
1839,CLDX,Other,2025-10-30,,0,occurred
1840,AVTX,Phase2,2025-10-29,,0,occurred
1841,BBIO,Phase3,2025-10-29,,0,occurred
1842,DNTH,Phase2,2025-10-29,,0,occurred
1843,KYTX,Phase2,2025-10-29,,0,occurred
1844,ANAB,Phase2,2025-10-29,,0,occurred
1845,BMRN,PDUFA,2025-10-29,,0,occurred
1846,PDSB,Phase3,2025-10-29,,0,occurred
1847,VOR,Phase3,2025-10-29,,0,occurred
1848,TECX,Other,2025-10-29,,0,occurred
1849,WVE,Phase2,2025-10-29,,0,occurred
1850,AVXL,Phase2/3,2025-10-29,,0,occurred
1851,AVXL,Phase2/3,2025-10-29,,0,occurred
1852,LNTH,PDUFA,2025-10-28,,0,occurred
1853,ONCY,Other,2025-10-28,,0,occurred
1854,UNCY,Other,2025-10-28,,0,occurred
1855,TGTX,Phase3,2025-10-28,,0,occurred
1856,ALDX,Phase2,2025-10-28,,0,occurred
1857,RAPT,Phase2,2025-10-27,,0,occurred
1858,MRK,Other,2025-10-27,,0,occurred
1859,NTLA,Phase3,2025-10-27,,0,occurred
1860,PTGX,Phase2,2025-10-27,,0,occurred
1861,RAPT,Phase2,2025-10-27,,0,occurred
1862,ZBIO,Phase2,2025-10-27,,0,occurred
1863,BBIO,Phase3,2025-10-27,,0,occurred
1864,PTGX,Phase3,2025-10-27,,0,occurred
1865,ZBIO,Phase2,2025-10-27,,0,occurred
1866,NTLA,Phase3,2025-10-27,,0,occurred
1867,FATE,Other,2025-10-26,,0,occurred
1868,RPTX,Other,2025-10-25,,0,occurred
1869,ARQT,Phase2,2025-10-24,,0,occurred
1870,ZLAB,Other,2025-10-24,,0,occurred
1871,SNDX,Other,2025-10-24,,0,occurred
1872,XNCR,Other,2025-10-24,,0,occurred
1873,PMVP,Phase2,2025-10-24,,0,occurred
1874,MRUS,Phase2,2025-10-24,,0,occurred
1875,KYTX,Other,2025-10-24,,0,occurred
1876,SION,Other,2025-10-24,,0,occurred
1877,MRUS,Phase2,2025-10-24,,0,occurred
1878,SGMT,Phase3,2025-10-24,,0,occurred
1879,NBTX,Phase3,2025-10-24,,0,occurred
1880,INCY,Phase3,2025-10-24,,0,occurred
1881,APRE,Other,2025-10-24,,0,occurred
1882,ZLAB,Phase3,2025-10-24,,0,occurred
1883,MRUS,Phase2,2025-10-24,,0,occurred
1884,APRE,Other,2025-10-24,,0,occurred
1885,ZLAB,Other,2025-10-24,,0,occurred
1886,JNJ,Phase3,2025-10-24,,0,occurred
1887,ENTX,Phase2,2025-10-23,,0,occurred
1888,VSTM,Other,2025-10-23,,0,occurred
1889,ZYME,Other,2025-10-23,,0,occurred
1890,ZYME,Other,2025-10-23,,0,occurred
1891,NUVB,Phase3,2025-10-23,,0,occurred
1892,TNGX,Other,2025-10-23,,0,occurred
1893,INBX,Other,2025-10-23,,0,occurred
1894,INBX,Phase3,2025-10-23,,0,occurred
1895,GSK,Other,2025-10-23,,0,occurred
1896,ALXO,Other,2025-10-23,,0,occurred
1897,INBX,Phase3,2025-10-23,,0,occurred
1898,SLN,Phase2,2025-10-23,,0,occurred
1899,VSTM,Other,2025-10-23,,0,occurred
1900,INBX,Other,2025-10-23,,0,occurred
1901,VTYX,Phase2,2025-10-22,,0,occurred
1902,ARCT,Phase2,2025-10-22,,0,occurred
1903,MRNA,Phase3,2025-10-22,,0,occurred
1904,ARMP,Other,2025-10-22,,0,occurred
1905,INVA,Phase3,2025-10-21,,0,occurred
1906,SPRO,Phase3,2025-10-21,,0,occurred
1907,MLYS,Phase2,2025-10-21,,0,occurred
1908,ALEC,Phase3,2025-10-21,,0,occurred
1909,SION,Phase2,2025-10-21,,0,occurred
1910,IRON,Other,2025-10-20,,0,occurred
1911,IDYA,Phase2,2025-10-20,,0,occurred
1912,CATX,Other,2025-10-20,,0,occurred
1913,KAPA,Phase2,2025-10-20,,0,occurred
1914,PALI,Other,2025-10-20,,0,occurred
1915,PALI,Other,2025-10-20,,0,occurred
1916,COGT,Phase3,2025-10-20,,0,occurred
1917,ARVN,Other,2025-10-20,,0,occurred
1918,GKOS,PDUFA,2025-10-20,,0,occurred
1919,STOK,Other,2025-10-20,,0,occurred
1920,AUTL,Other,2025-10-20,,0,occurred
1921,IDYA,Phase2,2025-10-20,,0,occurred
1922,PALI,Other,2025-10-20,,0,occurred
1923,IOBT,Phase3,2025-10-20,,0,occurred
1924,ENTA,Phase2,2025-10-20,,0,occurred
1925,REPL,PDUFA,2025-10-20,,0,occurred
1926,REPL,PDUFA,2025-10-20,,0,occurred
1927,RAPT,Phase2,2025-10-20,,0,occurred
1928,ENTA,Phase2,2025-10-20,,0,occurred
1929,BCAB,Other,2025-10-20,,0,occurred
1930,ENTA,Phase2,2025-10-20,,0,occurred
1931,PCRX,Other,2025-10-20,,0,occurred
1932,EXEL,Phase3,2025-10-20,,0,occurred
1933,RHHBY,Other,2025-10-19,,0,occurred
1934,NCNA,Other,2025-10-19,,0,occurred
1935,NUVL,Other,2025-10-19,,0,occurred
1936,RVMD,Phase3,2025-10-19,,0,occurred
1937,CRBP,Other,2025-10-19,,0,occurred
1938,INCY,Other,2025-10-19,,0,occurred
1939,NRIX,Other,2025-10-19,,0,occurred
1940,INCY,Other,2025-10-19,,0,occurred
1941,ARVN,Phase2,2025-10-19,,0,occurred
1942,RHHBY,Other,2025-10-19,,0,occurred
1943,RHHBY,Other,2025-10-19,,0,occurred
1944,IRON,Phase3,2025-10-19,,0,occurred
1945,KURA,Other,2025-10-18,,0,occurred
1946,CELC,Phase3,2025-10-18,,0,occurred
1947,KURA,Other,2025-10-18,,0,occurred
1948,CELC,Other,2025-10-18,,0,occurred
1949,CELC,Other,2025-10-18,,0,occurred
1950,CELC,Phase3,2025-10-18,,0,occurred
1951,AZN,Other,2025-10-18,,0,occurred
1952,DCTH,Phase2,2025-10-18,,0,occurred
1953,GMAB,Phase2,2025-10-18,,0,occurred
1954,CRVS,Other,2025-10-17,,0,occurred
1955,SNSE,Other,2025-10-17,,0,occurred
1956,PLX,Other,2025-10-17,,0,occurred
1957,KNSA,Phase2,2025-10-17,,0,occurred
1958,BMY,Other,2025-10-17,,0,occurred
1959,RHHBY,Phase3,2025-10-17,,0,occurred
1960,AZN,Phase3,2025-10-17,,0,occurred
1961,ACHV,PDUFA,2025-10-17,,0,occurred
1962,LLY,Phase3,2025-10-17,,0,occurred
1963,EVAX,Phase2,2025-10-17,,0,occurred
1964,AMGN,Other,2025-10-17,,0,occurred
1965,PRAX,Phase3,2025-10-16,,0,occurred
1966,ATAI,Phase2,2025-10-16,,0,occurred
1967,NXTC,Other,2025-10-16,,0,occurred
1968,KZR,Phase2,2025-10-16,,0,occurred
1969,ARTV,Phase2,2025-10-16,,0,occurred
1970,LLY,Phase3,2025-10-15,,0,occurred
1971,LLY,Phase3,2025-10-15,,0,occurred
1972,APRE,Other,2025-10-15,,0,occurred
1973,PFE,Phase3,2025-10-14,,0,occurred
1974,EYPT,Phase3,2025-10-14,,0,occurred
1975,TRAW,Phase2,2025-10-14,,0,occurred
1976,LXRX,Phase2,2025-10-14,,0,occurred
1977,BTAI,Phase3,2025-10-14,,0,occurred
1978,CADL,Other,2025-10-14,,0,occurred
1979,RNAZ,Other,2025-10-14,,0,occurred
1980,BTAI,Other,2025-10-14,,0,occurred
1981,NCNA,Other,2025-10-14,,0,occurred
1982,RNA,Other,2025-10-13,,0,occurred
1983,TEVA,Other,2025-10-13,,0,occurred
1984,PFE,Other,2025-10-12,,0,occurred
1985,RGNX,Phase2,2025-10-09,,0,occurred
1986,CDTX,Phase3,2025-10-09,,0,occurred
1987,CABA,Other,2025-10-09,,0,occurred
1988,BIIB,Phase3,2025-10-09,,0,occurred
1989,NGNE,Other,2025-10-09,,0,occurred
1990,CDTX,Phase3,2025-10-09,,0,occurred
1991,CDTX,Phase3,2025-10-09,,0,occurred
1992,REGN,Other,2025-10-08,,0,occurred
1993,ACET,Other,2025-10-07,,0,occurred
1994,JNJ,Other,2025-10-07,,0,occurred
1995,LXEO,Other,2025-10-07,,0,occurred
1996,ANIX,Other,2025-10-07,,0,occurred
1997,JNJ,Phase2/3,2025-10-07,,0,occurred
1998,ACET,Other,2025-10-07,,0,occurred
1999,AZN,Phase3,2025-10-07,,0,occurred
2000,ABBV,Phase2,2025-10-07,,0,occurred
2001,BMEA,Other,2025-10-06,,0,occurred
2002,SPRB,Phase3,2025-10-06,,0,occurred
2003,SKYE,Phase2,2025-10-06,,0,occurred
2004,RGNX,Phase2,2025-10-06,,0,occurred
2005,GANX,Other,2025-10-06,,0,occurred
2006,BMEA,Phase2,2025-10-06,,0,occurred
2007,MRKR,Other,2025-10-06,,0,occurred
2008,RCUS,Other,2025-10-06,,0,occurred
2009,SKYE,Phase2,2025-10-06,,0,occurred
2010,OVID,Other,2025-10-03,,0,occurred
2011,ANRO,Phase2,2025-10-03,,0,occurred
2012,JAZZ,Other,2025-10-02,,0,occurred
2013,AVXL,Phase2,2025-10-02,,0,occurred
2014,TSHA,Other,2025-10-02,,0,occurred
2015,FBIO,Other,2025-10-01,,0,occurred
2016,PHAR,Other,2025-10-01,,0,occurred
2017,NVS,Other,2025-09-30,,0,occurred
2018,SCYX,Other,2025-09-30,,0,occurred
2019,ATYR,Phase3,2025-09-30,,0,occurred
2020,CLRB,Other,2025-09-30,,0,occurred
2021,MLYS,Phase2,2025-09-30,,0,occurred
2022,KALA,Phase2,2025-09-29,,0,occurred
2023,NBTX,Other,2025-09-29,,0,occurred
2024,ENTA,Phase2,2025-09-29,,0,occurred
2025,LRMR,Phase3,2025-09-29,,0,occurred
2026,APLT,Phase2/3,2025-09-29,,0,occurred
2027,JNJ,Other,2025-09-29,,0,occurred
2028,MTSR,Phase2,2025-09-29,,0,occurred
2029,MLTX,Phase3,2025-09-28,,0,occurred
2030,GUTS,Other,2025-09-26,,0,occurred
2031,REGN,Other,2025-09-26,,0,occurred
2032,ABBV,Other,2025-09-26,,0,occurred
2033,AMRX,Other,2025-09-26,,0,occurred
2034,CLNN,Phase2,2025-09-25,,0,occurred
2035,LLY,Other,2025-09-25,,0,occurred
2036,CRNX,Other,2025-09-25,,0,occurred
2037,NTLA,Other,2025-09-25,,0,occurred
2038,RLYB,Other,2025-09-25,,0,occurred
2039,CAPR,Phase3,2025-09-25,,0,occurred
2040,ACAD,Phase3,2025-09-24,,0,occurred
2041,AZN,PDUFA,2025-09-24,,0,occurred
2042,KYTX,Other,2025-09-24,,0,occurred
2043,PEPG,Other,2025-09-24,,0,occurred
2044,QURE,Other,2025-09-24,,0,occurred
2045,HRMY,Phase3,2025-09-24,,0,occurred
2046,TGTX,Other,2025-09-24,,0,occurred
2047,ATAI,Phase2,2025-09-23,,0,occurred
2048,SRRK,Phase2,2025-09-23,,0,occurred
2049,BMY,Phase3,2025-09-23,,0,occurred
2050,MBX,Phase2,2025-09-22,,0,occurred
2051,LXRX,Other,2025-09-22,,0,occurred
2052,RHHBY,Phase3,2025-09-22,,0,occurred
2053,IONS,Phase3,2025-09-22,,0,occurred
2054,IPSEY,Phase2,2025-09-22,,0,occurred
2055,MIRA,Other,2025-09-22,,0,occurred
2056,GRCE,Phase3,2025-09-22,,0,occurred
2057,GRCE,Phase3,2025-09-22,,0,occurred
2058,RHHBY,Phase3,2025-09-22,,0,occurred
2059,NBIX,Phase2,2025-09-22,,0,occurred
2060,COYA,Phase2,2025-09-22,,0,occurred
2061,TEVA,Phase3,2025-09-21,,0,occurred
2062,MRK,Other,2025-09-19,,0,occurred
2063,JNJ,Phase2,2025-09-19,,0,occurred
2064,JNJ,Other,2025-09-19,,0,occurred
2065,SKYE,Other,2025-09-19,,0,occurred
2066,REPL,Other,2025-09-18,,0,occurred
2067,BCDA,Phase3,2025-09-18,,0,occurred
2068,KAPA,Phase2,2025-09-18,,0,occurred
2069,CTNM,Other,2025-09-18,,0,occurred
2070,INCY,Other,2025-09-18,,0,occurred
2071,AZN,Other,2025-09-18,,0,occurred
2072,NTLA,Phase3,2025-09-18,,0,occurred
2073,NBTX,Other,2025-09-17,,0,occurred
2074,REGN,Phase3,2025-09-17,,0,occurred
2075,LLY,Phase3,2025-09-17,,0,occurred
2076,ATXS,Other,2025-09-17,,0,occurred
2077,REGN,Phase2,2025-09-17,,0,occurred
2078,NBTX,Other,2025-09-17,,0,occurred
2079,PALI,Other,2025-09-17,,0,occurred
2080,PALI,Other,2025-09-17,,0,occurred
2081,ROIV,Phase3,2025-09-17,,0,occurred
2082,BIIB,Other,2025-09-17,,0,occurred
2083,ORKA,Other,2025-09-17,,0,occurred
2084,AZN,Phase3,2025-09-17,,0,occurred
2085,LTRN,Other,2025-09-16,,0,occurred
2086,BFRI,Phase3,2025-09-16,,0,occurred
2087,APVO,Other,2025-09-16,,0,occurred
2088,RFL,Phase3,2025-09-16,,0,occurred
2089,ONCY,Other,2025-09-16,,0,occurred
2090,MRK,Phase2/3,2025-09-15,,0,occurred
2091,ATYR,Phase3,2025-09-15,,0,occurred
2092,MRK,Phase2/3,2025-09-15,,0,occurred
2093,COCP,Other,2025-09-12,,0,occurred
2094,DTIL,Other,2025-09-12,,0,occurred
2095,GRI,Phase2,2025-09-12,,0,occurred
2096,MAZE,Other,2025-09-11,,0,occurred
2097,RVMD,Phase3,2025-09-10,,0,occurred
2098,TIL,Other,2025-09-10,,0,occurred
2099,PMVP,Phase2,2025-09-10,,0,occurred
2100,KPTI,Phase3,2025-09-10,,0,occurred
2101,VXRT,Other,2025-09-10,,0,occurred
2102,INTS,Phase2,2025-09-10,,0,occurred
2103,AVBP,Other,2025-09-09,,0,occurred
2104,CGEM,Phase2,2025-09-09,,0,occurred
2105,JNJ,Other,2025-09-09,,0,occurred
2106,IDYA,Other,2025-09-08,,0,occurred
2107,IDYA,Other,2025-09-08,,0,occurred
2108,AMGN,Phase3,2025-09-08,,0,occurred
2109,RAPP,Phase2,2025-09-08,,0,occurred
2110,DNTH,Phase2,2025-09-08,,0,occurred
2111,LLY,Phase3,2025-09-08,,0,occurred
2112,RARE,Phase3,2025-09-08,,0,occurred
2113,BNTX,Other,2025-09-08,,0,occurred
2114,MLYS,Phase3,2025-09-05,,0,occurred
2115,CGON,Phase3,2025-09-05,,0,occurred
2116,QURE,Other,2025-09-05,,0,occurred
2117,VALN,Phase3,2025-09-03,,0,occurred
2118,GMAB,Other,2025-09-03,,0,occurred
2119,LYEL,Other,2025-09-03,,0,occurred
2120,MRK,Phase3,2025-09-02,,0,occurred
2121,UPB,Phase2,2025-09-02,,0,occurred
2122,JBIO,Other,2025-09-02,,0,occurred
2123,UPB,Phase2,2025-09-02,,0,occurred
2124,RZLT,Phase3,2025-09-02,,0,occurred
2125,OTLK,Other,2025-09-02,,0,occurred
2126,IONS,Phase3,2025-09-02,,0,occurred
2127,ZYME,Other,2025-09-02,,0,occurred
2128,UTHR,Phase3,2025-09-02,,0,occurred
2129,TRML,Phase2,2025-08-31,,0,occurred
2130,ONC,Other,2025-08-29,,0,occurred
2131,BIIB,Other,2025-08-29,,0,occurred
2132,IDYA,Phase2,2025-08-29,,0,occurred
2133,IDYA,Phase2,2025-08-29,,0,occurred
2134,OTLK,PDUFA,2025-08-28,,0,occurred
2135,LLY,Phase3,2025-08-27,,0,occurred
2136,TVTX,Other,2025-08-27,,0,occurred
2137,MRNA,Other,2025-08-27,,0,occurred
2138,REGN,Phase3,2025-08-27,,0,occurred
2139,LLY,Phase3,2025-08-26,,0,occurred
2140,IXHL,Phase2,2025-08-26,,0,occurred
2141,MRKR,Other,2025-08-26,,0,occurred
2142,AMGN,Other,2025-08-25,,0,occurred
2143,AMGN,Other,2025-08-25,,0,occurred
2144,IONS,Other,2025-08-21,,0,occurred
2145,DVAX,Other,2025-08-21,,0,occurred
2146,SEPN,Other,2025-08-21,,0,occurred
2147,TYRA,Phase2,2025-08-21,,0,occurred
2148,RYTM,PDUFA,2025-08-20,,0,occurred
2149,PTCT,PDUFA,2025-08-19,,0,occurred
2150,ALXO,Other,2025-08-19,,0,occurred
2151,MIRA,Other,2025-08-19,,0,occurred
2152,PHGE,Phase2,2025-08-19,,0,occurred
2153,BTAI,Phase3,2025-08-19,,0,occurred
2154,VKTX,Phase2,2025-08-19,,0,occurred
2155,RGNX,PDUFA,2025-08-18,,0,occurred
2156,SPRB,Phase3,2025-08-15,,0,occurred
2157,TNXP,Other,2025-08-15,,0,occurred
2158,BIOA,Other,2025-08-15,,0,occurred
2159,PGEN,Other,2025-08-15,,0,occurred
2160,TNXP,Other,2025-08-15,,0,occurred
2161,CLNN,Phase2,2025-08-14,,0,occurred
2162,TLSA,Phase2,2025-08-14,,0,occurred
2163,SDGR,Other,2025-08-14,,0,occurred
2164,TIL,Other,2025-08-13,,0,occurred
2165,TEVA,Other,2025-08-08,,0,occurred
2166,ASMB,Phase2,2025-08-08,,0,occurred
2167,IXHL,Phase2,2025-08-08,,0,occurred
2168,CAPR,PDUFA,2025-08-08,,0,occurred
2169,REPL,Other,2025-08-07,,0,occurred
2170,ACET,Other,2025-08-07,,0,occurred
2171,CRDL,Phase2,2025-08-06,,0,occurred
2172,ADIL,Phase2,2025-08-06,,0,occurred
2173,EYPT,Phase3,2025-08-06,,0,occurred
2174,JAZZ,Other,2025-08-06,,0,occurred
2175,VRTX,Phase2,2025-08-04,,0,occurred
2176,KTTA,Other,2025-07-31,,0,occurred
2177,FDMT,Phase3,2025-07-31,,0,occurred
2178,TIL,Phase2,2025-07-31,,0,occurred
2179,LENZ,Other,2025-07-31,,0,occurred
2180,ANIK,Phase3,2025-07-30,,0,occurred
2181,ACRS,Phase2,2025-07-29,,0,occurred
2182,JNJ,Other,2025-07-29,,0,occurred
2183,FULC,Other,2025-07-29,,0,occurred
2184,CRDF,Phase2,2025-07-29,,0,occurred
2185,EYPT,Phase3,2025-07-29,,0,occurred
2186,APLS,Other,2025-07-28,,0,occurred
2187,SRPT,Other,2025-07-28,,0,occurred
2188,ASND,Other,2025-07-28,,0,occurred
2189,PTCT,Other,2025-07-28,,0,occurred
2190,APLS,Other,2025-07-28,,0,occurred
2191,MNOV,Phase2/3,2025-07-24,,0,occurred
2192,EXEL,Other,2025-07-24,,0,occurred
2193,CELC,Phase3,2025-07-24,,0,occurred
2194,ATRA,PDUFA,2025-07-24,,0,occurred
2195,KRYS,Other,2025-07-24,,0,occurred
2196,CLSD,Other,2025-07-23,,0,occurred
2197,RHHBY,Other,2025-07-23,,0,occurred
2198,RHHBY,Other,2025-07-23,,0,occurred
2199,SPRB,Phase2,2025-07-22,,0,occurred
2200,REPL,PDUFA,2025-07-22,,0,occurred
2201,CRDL,Phase2,2025-07-22,,0,occurred
2202,SRPT,Other,2025-07-21,,0,occurred
2203,ALKS,Phase2,2025-07-21,,0,occurred
2204,SRPT,Other,2025-07-21,,0,occurred
2205,AUTL,Other,2025-07-21,,0,occurred
2206,BTAI,Other,2025-07-21,,0,occurred
2207,SPRY,Other,2025-07-18,,0,occurred
2208,VTRS,Phase3,2025-07-18,,0,occurred
2209,OCGN,Phase2/3,2025-07-18,,0,occurred
2210,BMY,Phase3,2025-07-18,,0,occurred
2211,KROS,Phase3,2025-07-17,,0,occurred
2212,ALDX,PDUFA,2025-07-17,,0,occurred
2213,LSTA,Other,2025-07-17,,0,occurred
2214,JNJ,PDUFA,2025-07-17,,0,occurred
2215,DMAC,Phase2,2025-07-17,,0,occurred
2216,SLS,Phase2,2025-07-15,,0,occurred
2217,KAPA,Phase2,2025-07-15,,0,occurred
2218,PROK,Phase3,2025-07-15,,0,occurred
2219,MIST,Other,2025-07-11,,0,occurred
2220,RCUS,Phase3,2025-07-10,,0,occurred
2221,MRK,PDUFA,2025-07-10,,0,occurred
2222,NKGN,Other,2025-07-10,,0,occurred
2223,PDSB,Phase2,2025-07-10,,0,occurred
2224,LLY,Other,2025-07-09,,0,occurred
2225,JNJ,Other,2025-07-08,,0,occurred
2226,PROK,Phase2,2025-07-08,,0,occurred
2227,ETON,PDUFA,2025-07-08,,0,occurred
2228,UPB,Phase2,2025-07-08,,0,occurred
2229,PSTV,Other,2025-07-08,,0,occurred
2230,ARWR,Phase3,2025-07-08,,0,occurred
2231,LGVN,Phase2,2025-07-08,,0,occurred
2232,KALV,Other,2025-07-07,,0,occurred
2233,DNLI,PDUFA,2025-07-07,,0,occurred
2234,REGN,Other,2025-07-02,,0,occurred
2235,BIIB,Phase3,2025-06-30,,0,occurred
2236,TYRA,Phase2,2025-06-30,,0,occurred
2237,AMGN,Phase3,2025-06-30,,0,occurred
2238,NBIX,Other,2025-06-30,,0,occurred
2239,PSTV,Other,2025-06-30,,0,occurred
2240,ASMB,Other,2025-06-30,,0,occurred
2241,RCKT,Other,2025-06-30,,0,occurred
2242,MRNA,Phase3,2025-06-30,,0,occurred
2243,CELC,Other,2025-06-30,,0,occurred
2244,AUPH,Other,2025-06-30,,0,occurred
2245,CRBP,Other,2025-06-30,,0,occurred
2246,INMB,Phase2,2025-06-30,,0,occurred
2247,UNCY,Other,2025-06-30,,0,occurred
2248,OMER,PDUFA,2025-06-27,,0,occurred
2249,TNGX,Other,2025-06-27,,0,occurred
2250,PRQR,Other,2025-06-27,,0,occurred
2251,BIIB,Phase2/3,2025-06-27,,0,occurred
2252,NBIX,Other,2025-06-27,,0,occurred
2253,SDGR,Other,2025-06-27,,0,occurred
2254,ZVSA,Phase2,2025-06-26,,0,occurred
2255,LPCN,Phase3,2025-06-26,,0,occurred
2256,LSTA,Phase2,2025-06-26,,0,occurred
2257,ACHV,Other,2025-06-26,,0,occurred
2258,GRI,Phase2,2025-06-26,,0,occurred
2259,ANRO,Phase2,2025-06-26,,0,occurred
2260,DTIL,Other,2025-06-25,,0,occurred
2261,LGVN,Phase2,2025-06-24,,0,occurred
2262,SGMO,Other,2025-06-24,,0,occurred
2263,UTHR,Other,2025-06-24,,0,occurred
2264,CLRB,Other,2025-06-24,,0,occurred
2265,CYDY,Phase2,2025-06-24,,0,occurred
2266,OSTX,Phase2,2025-06-24,,0,occurred
2267,NUVL,Other,2025-06-24,,0,occurred
2268,NKTR,Phase2,2025-06-24,,0,occurred
2269,AVIR,Phase3,2025-06-24,,0,occurred
2270,VSTM,Other,2025-06-24,,0,occurred
2271,KRYS,Phase3,2025-06-24,,0,occurred
2272,VERU,Phase2,2025-06-24,,0,occurred
2273,ACTU,Phase2,2025-06-24,,0,occurred
2274,ENSC,Other,2025-06-24,,0,occurred
2275,SNDX,PDUFA,2025-06-24,,0,occurred
2276,AZN,Other,2025-06-23,,0,occurred
2277,SANA,Other,2025-06-23,,0,occurred
2278,RVMD,Phase3,2025-06-23,,0,occurred
2279,ARWR,Phase3,2025-06-23,,0,occurred
2280,LRMR,Phase3,2025-06-23,,0,occurred
2281,INCY,PDUFA,2025-06-20,,0,occurred
2282,ACTU,Phase2,2025-06-20,,0,occurred
2283,REGN,Other,2025-06-20,,0,occurred
2284,MDGL,Phase3,2025-06-20,,0,occurred
2285,RLFTF,Other,2025-06-20,,0,occurred
2286,GILD,Other,2025-06-18,,0,occurred
2287,ZEAL,Other,2025-06-18,,0,occurred
2288,ABBV,Other,2025-06-18,,0,occurred
2289,SRRK,Phase2,2025-06-18,,0,occurred
2290,INCY,Other,2025-06-18,,0,occurred
2291,APVO,Other,2025-06-18,,0,occurred
2292,GLPG,Other,2025-06-18,,0,occurred
2293,ALDX,Other,2025-06-17,,0,occurred
2294,AZTR,Other,2025-06-17,,0,occurred
2295,LYEL,Other,2025-06-17,,0,occurred
2296,VTYX,Phase2,2025-06-17,,0,occurred
2297,IMRX,Phase2,2025-06-17,,0,occurred
2298,CAPR,PDUFA,2025-06-17,,0,occurred
2299,MLYS,Phase2,2025-06-17,,0,occurred
2300,PPBT,Phase2,2025-06-17,,0,occurred
2301,DYN,Other,2025-06-17,,0,occurred
2302,XFOR,Phase2,2025-06-16,,0,occurred
2303,BCLI,Phase3,2025-06-16,,0,occurred
2304,ABBV,Phase3,2025-06-16,,0,occurred
2305,PRTA,Phase2,2025-06-16,,0,occurred
2306,AAPG,Phase2,2025-06-15,,0,occurred
2307,NTLA,Phase3,2025-06-15,,0,occurred
2308,INCY,Other,2025-06-15,,0,occurred
2309,GMAB,Other,2025-06-15,,0,occurred
2310,SRPT,Phase3,2025-06-15,,0,occurred
2311,BMEA,Other,2025-06-14,,0,occurred
2312,JSPR,Other,2025-06-14,,0,occurred
2313,ATXS,Other,2025-06-13,,0,occurred
2314,KALV,PDUFA,2025-06-13,,0,occurred
2315,BEAM,Other,2025-06-13,,0,occurred
2316,CNTB,Phase2,2025-06-13,,0,occurred
2317,MRK,Other,2025-06-13,,0,occurred
2318,JNJ,Other,2025-06-13,,0,occurred
2319,CNTB,Phase2,2025-06-13,,0,occurred
2320,MRK,Other,2025-06-13,,0,occurred
2321,ELVN,Other,2025-06-13,,0,occurred
2322,ATXS,Other,2025-06-13,,0,occurred
2323,BIIB,Phase3,2025-06-12,,0,occurred
2324,JNJ,Other,2025-06-12,,0,occurred
2325,GLPG,Other,2025-06-12,,0,occurred
2326,MRNA,Other,2025-06-12,,0,occurred
2327,SLN,Other,2025-06-12,,0,occurred
2328,URGN,Other,2025-06-12,,0,occurred
2329,CLDX,Phase3,2025-06-12,,0,occurred
2330,AMRX,Other,2025-06-12,,0,occurred
2331,NRIX,Other,2025-06-12,,0,occurred
2332,NUVB,Other,2025-06-11,,0,occurred
2333,NUVB,Other,2025-06-11,,0,occurred
2334,ARGX,Phase2/3,2025-06-11,,0,occurred
2335,CABA,Other,2025-06-11,,0,occurred
2336,IONS,Phase3,2025-06-11,,0,occurred
2337,NVAX,Phase3,2025-06-11,,0,occurred
2338,GYRE,Other,2025-06-10,,0,occurred
2339,INSM,Phase2,2025-06-10,,0,occurred
2340,JAZZ,PDUFA,2025-06-10,,0,occurred
2341,INVA,Other,2025-06-10,,0,occurred
2342,NAMS,Phase3,2025-06-09,,0,occurred
2343,MRK,Phase3,2025-06-09,,0,occurred
2344,VALN,Phase2,2025-06-06,,0,occurred
2345,OSTX,Phase2,2025-06-06,,0,occurred
2346,APLS,Phase3,2025-06-06,,0,occurred
2347,MAIA,Phase2,2025-06-05,,0,occurred
2348,JNJ,Other,2025-06-03,,0,occurred
2349,AZN,Phase2,2025-06-01,,0,occurred
2350,MRNA,Other,2025-05-31,,0,occurred
2351,SMMT,Phase3,2025-05-30,,0,occurred
2352,RNAC,Phase3,2025-05-30,,0,occurred
2353,PFE,Other,2025-05-30,,0,occurred
2354,MRK,Phase2,2025-05-30,,0,occurred
2355,AGEN,Phase2,2025-05-30,,0,occurred
2356,ZYME,Other,2025-05-30,,0,occurred
2357,REGN,Phase3,2025-05-30,,0,occurred
2358,MRK,Other,2025-05-30,,0,occurred
2359,BHVN,Phase2/3,2025-05-29,,0,occurred
2360,MRK,Other,2025-05-29,,0,occurred
2361,ALZN,Phase2,2025-05-29,,0,occurred
2362,ANRO,Phase2,2025-05-29,,0,occurred
2363,QURE,Other,2025-05-29,,0,occurred
2364,ALMS,Phase3,2025-05-29,,0,occurred
2365,BIOA,Other,2025-05-29,,0,occurred
2366,KROS,Phase2,2025-05-29,,0,occurred
2367,LTRN,Other,2025-05-29,,0,occurred
2368,MRNA,Other,2025-05-29,,0,occurred
2369,NBIX,Phase3,2025-05-28,,0,occurred
2370,IFRX,Phase3,2025-05-28,,0,occurred
2371,CADL,Phase3,2025-05-28,,0,occurred
2372,ETON,Other,2025-05-28,,0,occurred
2373,GSK,Phase3,2025-05-28,,0,occurred
2374,ORIC,Other,2025-05-28,,0,occurred
2375,BHVN,Phase2,2025-05-28,,0,occurred
2376,VERU,Phase2,2025-05-28,,0,occurred
2377,BHVN,Phase2,2025-05-28,,0,occurred
2378,SCYX,Phase3,2025-05-28,,0,occurred
2379,ALC,Other,2025-05-28,,0,occurred
2380,PEPG,Phase2,2025-05-28,,0,occurred
2381,VXRT,Phase2,2025-05-27,,0,occurred
2382,SVRA,Other,2025-05-27,,0,occurred
2383,BTAI,Phase3,2025-05-27,,0,occurred
2384,TEVA,Phase2,2025-05-27,,0,occurred
2385,PALI,Other,2025-05-27,,0,occurred
2386,RCKT,Phase2,2025-05-27,,0,occurred
2387,IMMP,Phase2,2025-05-26,,0,occurred
2388,SWTX,Other,2025-05-23,,0,occurred
2389,GILD,Phase3,2025-05-23,,0,occurred
2390,LQDA,Other,2025-05-23,,0,occurred
2391,PRTA,Phase3,2025-05-23,,0,occurred
2392,RLFTF,Other,2025-05-22,,0,occurred
2393,ARQT,Other,2025-05-22,,0,occurred
2394,RHHBY,Other,2025-05-22,,0,occurred
2395,QNRX,Phase3,2025-05-22,,0,occurred
2396,URGN,Other,2025-05-22,,0,occurred
2397,SLNO,Other,2025-05-22,,0,occurred
2398,GYRE,Phase3,2025-05-22,,0,occurred
2399,JNJ,PDUFA,2025-05-21,,0,occurred
2400,MRNA,Other,2025-05-21,,0,occurred
2401,TNXP,Phase2,2025-05-21,,0,occurred
2402,TNGX,Other,2025-05-21,,0,occurred
2403,ORKA,Other,2025-05-21,,0,occurred
2404,TNGX,Other,2025-05-21,,0,occurred
2405,CING,Phase3,2025-05-20,,0,occurred
2406,TRVI,Phase2,2025-05-20,,0,occurred
2407,VRDN,Phase3,2025-05-20,,0,occurred
2408,TRML,Phase2,2025-05-20,,0,occurred
2409,JAGX,Phase2,2025-05-20,,0,occurred
2410,ATAI,Phase2,2025-05-20,,0,occurred
2411,ZURA,Phase2,2025-05-20,,0,occurred
2412,TECX,Other,2025-05-19,,0,occurred
2413,ARMP,Other,2025-05-19,,0,occurred
2414,NTLA,Other,2025-05-19,,0,occurred
2415,IONS,Phase3,2025-05-19,,0,occurred
2416,NVAX,Other,2025-05-19,,0,occurred
2417,SVRA,Phase3,2025-05-18,,0,occurred
2418,APLT,Phase2/3,2025-05-18,,0,occurred
2419,CAMP,Other,2025-05-16,,0,occurred
2420,NGNE,Other,2025-05-16,,0,occurred
2421,SCLX,Phase3,2025-05-16,,0,occurred
2422,TVTX,PDUFA,2025-05-15,,0,occurred
2423,TVTX,Other,2025-05-15,,0,occurred
2424,AMRX,Other,2025-05-15,,0,occurred
2425,MRK,Phase3,2025-05-15,,0,occurred
2426,AMRX,Other,2025-05-15,,0,occurred
2427,RNTX,Phase2,2025-05-15,,0,occurred
2428,KPTI,Phase2,2025-05-14,,0,occurred
2429,ATHA,Other,2025-05-13,,0,occurred
2430,ACHV,Phase3,2025-05-13,,0,occurred
2431,CNTB,Phase2,2025-05-13,,0,occurred
2432,CRVS,Other,2025-05-10,,0,occurred
2433,MGTX,Phase2,2025-05-09,,0,occurred
2434,VIR,Phase2,2025-05-09,,0,occurred
2435,TLSA,Other,2025-05-09,,0,occurred
2436,AKRO,Phase2,2025-05-09,,0,occurred
2437,PTGX,Phase3,2025-05-09,,0,occurred
2438,CGTX,Other,2025-05-09,,0,occurred
2439,KYMR,Other,2025-05-09,,0,occurred
2440,TBPH,Phase3,2025-05-09,,0,occurred
2441,CLSD,Phase2,2025-05-09,,0,occurred
2442,JNJ,Phase3,2025-05-09,,0,occurred
2443,MIRM,Phase2,2025-05-09,,0,occurred
2444,VIR,Phase2,2025-05-09,,0,occurred
2445,GRI,Phase2,2025-05-08,,0,occurred
2446,IOVA,Phase2,2025-05-08,,0,occurred
2447,VTRS,Phase3,2025-05-08,,0,occurred
2448,IMNN,Phase3,2025-05-08,,0,occurred
2449,VSTM,Other,2025-05-08,,0,occurred
2450,RNAZ,Other,2025-05-08,,0,occurred
2451,APVO,Other,2025-05-08,,0,occurred
2452,ALT,Phase2,2025-05-08,,0,occurred
2453,PDSB,Other,2025-05-08,,0,occurred
2454,ADIL,Phase2,2025-05-08,,0,occurred
2455,VTRS,Phase3,2025-05-08,,0,occurred
2456,NBIX,Phase3,2025-05-08,,0,occurred
2457,VRDN,Phase3,2025-05-07,,0,occurred
2458,TEVA,Other,2025-05-05,,0,occurred
2459,UBX,Phase2,2025-05-05,,0,occurred
2460,NBTX,Other,2025-05-05,,0,occurred
2461,PTCT,Phase2,2025-05-05,,0,occurred
2462,VNDA,Other,2025-05-05,,0,occurred
2463,NBTX,Other,2025-05-05,,0,occurred
2464,AZN,Phase3,2025-05-02,,0,occurred
2465,PCRX,Phase2,2025-05-02,,0,occurred
2466,CYTK,PDUFA,2025-05-01,,0,occurred
2467,DSGN,Other,2025-05-01,,0,occurred
2468,ABEO,Other,2025-04-29,,0,occurred
2469,ETON,Other,2025-04-28,,0,occurred
2470,ZNTL,Phase2,2025-04-28,,0,occurred
2471,KURA,Other,2025-04-28,,0,occurred
2472,TARA,Phase2,2025-04-26,,0,occurred
2473,AZTR,Other,2025-04-25,,0,occurred
2474,JAZZ,Other,2025-04-25,,0,occurred
2475,YMAB,Other,2025-04-25,,0,occurred
2476,PTCT,PDUFA,2025-04-25,,0,occurred
2477,VYNE,Other,2025-04-25,,0,occurred
2478,AUTL,Other,2025-04-25,,0,occurred
2479,ALXO,Phase2,2025-04-25,,0,occurred
2480,EQ,Phase3,2025-04-24,,0,occurred
2481,ZEAL,Phase2,2025-04-24,,0,occurred
2482,TNYA,Other,2025-04-24,,0,occurred
2483,CRBU,Other,2025-04-24,,0,occurred
2484,TLSA,Phase2,2025-04-23,,0,occurred
2485,MRK,Other,2025-04-23,,0,occurred
2486,RZLT,Phase3,2025-04-23,,0,occurred
2487,VSTM,Other,2025-04-23,,0,occurred
2488,BMY,Phase3,2025-04-22,,0,occurred
2489,AZN,Phase3,2025-04-21,,0,occurred
2490,AVXL,Phase2/3,2025-04-21,,0,occurred
2491,ENLV,Phase2,2025-04-21,,0,occurred
2492,GILD,Phase3,2025-04-21,,0,occurred
2493,OMER,Phase3,2025-04-21,,0,occurred
2494,CMPX,Phase2/3,2025-04-21,,0,occurred
2495,REGN,PDUFA,2025-04-17,,0,occurred
2496,BIVI,Phase2,2025-04-16,,0,occurred
2497,EOLS,Other,2025-04-16,,0,occurred
2498,BCTX,Phase2,2025-04-16,,0,occurred
2499,QTTB,Phase2,2025-04-16,,0,occurred
2500,MIRA,Other,2025-04-16,,0,occurred
2501,CRDL,Phase3,2025-04-16,,0,occurred
2502,DRMA,Phase3,2025-04-15,,0,occurred
2503,MNMD,Phase3,2025-04-15,,0,occurred
2504,CRDF,Phase2,2025-04-15,,0,occurred
2505,IRWD,Phase3,2025-04-14,,0,occurred
2506,SLNO,Other,2025-04-14,,0,occurred
2507,MIRM,Other,2025-04-14,,0,occurred
2508,IDYA,Phase3,2025-04-14,,0,occurred
2509,VERV,Other,2025-04-14,,0,occurred
2510,FATE,Other,2025-04-14,,0,occurred
2511,PFE,Phase2,2025-04-14,,0,occurred
2512,BMY,Other,2025-04-11,,0,occurred
2513,BCDA,Phase3,2025-04-11,,0,occurred
2514,VERV,Other,2025-04-11,,0,occurred
2515,AMGN,Phase3,2025-04-11,,0,occurred
2516,PTGX,Phase3,2025-04-10,,0,occurred
2517,UNCY,Phase2,2025-04-10,,0,occurred
2518,ARGX,Other,2025-04-10,,0,occurred
2519,BCLI,Phase3,2025-04-10,,0,occurred
2520,OSTX,Other,2025-04-10,,0,occurred
2521,ARCT,Other,2025-04-10,,0,occurred
2522,KTTA,Other,2025-04-10,,0,occurred
2523,PTN,Phase2,2025-04-10,,0,occurred
2524,GANX,Other,2025-04-10,,0,occurred
2525,IDYA,Other,2025-04-10,,0,occurred
2526,AXSM,Phase3,2025-04-09,,0,occurred
2527,XENE,Phase2,2025-04-08,,0,occurred
2528,OTLK,Other,2025-04-08,,0,occurred
2529,THTX,PDUFA,2025-04-08,,0,occurred
2530,RLYB,Phase2,2025-04-08,,0,occurred
2531,AMRX,Phase3,2025-04-07,,0,occurred
2532,LXEO,Other,2025-04-07,,0,occurred
2533,OSTX,Phase2,2025-04-07,,0,occurred
2534,NKGN,Other,2025-04-07,,0,occurred
2535,TEVA,Other,2025-04-07,,0,occurred
2536,RYTM,Phase3,2025-04-07,,0,occurred
2537,CVAC,Other,2025-04-07,,0,occurred
2538,ALLO,Other,2025-04-07,,0,occurred
2539,CORT,Phase2,2025-04-07,,0,occurred
2540,TNXP,Phase3,2025-04-07,,0,occurred
2541,ALXO,Other,2025-04-07,,0,occurred
2542,AVXL,Phase2/3,2025-04-05,,0,occurred
2543,BEAM,Other,2025-04-05,,0,occurred
2544,SONN,Other,2025-04-04,,0,occurred
2545,ARVN,Other,2025-04-04,,0,occurred
2546,AMGN,Other,2025-04-03,,0,occurred
2547,NTLA,Phase3,2025-04-03,,0,occurred
2548,ONC,Phase3,2025-04-03,,0,occurred
2549,CING,Other,2025-04-03,,0,occurred
2550,VERA,Phase3,2025-04-03,,0,occurred
2551,PCRX,Phase2,2025-04-03,,0,occurred
2552,ENLV,Other,2025-04-03,,0,occurred
2553,ALDX,Other,2025-04-03,,0,occurred
2554,MESO,Other,2025-04-03,,0,occurred
2555,RHHBY,Other,2025-04-03,,0,occurred
2556,QNRX,Other,2025-04-02,,0,occurred
2557,GLSI,Phase3,2025-04-02,,0,occurred
2558,TLSA,Phase2,2025-04-02,,0,occurred
2559,GLSI,Phase3,2025-04-02,,0,occurred
2560,ABOS,Phase2,2025-04-02,,0,occurred
2561,ACIU,Phase2,2025-04-02,,0,occurred
2562,VIGL,Other,2025-04-02,,0,occurred
2563,DNLI,Other,2025-04-02,,0,occurred
2564,EWTX,Phase2,2025-04-02,,0,occurred
2565,NVS,Other,2025-04-02,,0,occurred
2566,BMRN,Phase3,2025-04-02,,0,occurred
2567,RHHBY,Phase3,2025-04-01,,0,occurred
2568,IVA,Phase3,2025-04-01,,0,occurred
2569,CMPX,Phase2/3,2025-04-01,,0,occurred
2570,MBRX,Phase3,2025-03-31,,0,occurred
2571,PCVX,Phase2,2025-03-31,,0,occurred
2572,AZN,Other,2025-03-31,,0,occurred
2573,CORT,Phase3,2025-03-31,,0,occurred
2574,OPT,Phase3,2025-03-31,,0,occurred
2575,KROS,Other,2025-03-31,,0,occurred
2576,AZN,Other,2025-03-31,,0,occurred
2577,PTN,Phase2,2025-03-31,,0,occurred
2578,BCDA,Phase3,2025-03-31,,0,occurred
2579,RVPH,Phase3,2025-03-30,,0,occurred
2580,NBTX,Other,2025-03-28,,0,occurred
2581,NBTX,Other,2025-03-28,,0,occurred
2582,MIST,Other,2025-03-28,,0,occurred
2583,PTN,Phase2,2025-03-28,,0,occurred
2584,SNSE,Other,2025-03-28,,0,occurred
2585,NBTX,Other,2025-03-28,,0,occurred
2586,MIRM,Other,2025-03-27,,0,occurred
2587,LIXT,Other,2025-03-27,,0,occurred
2588,JAGX,Phase3,2025-03-27,,0,occurred
2589,BBIO,Other,2025-03-27,,0,occurred
2590,EQ,Phase3,2025-03-27,,0,occurred
2591,CMPS,Phase3,2025-03-26,,0,occurred
2592,WVE,Phase2,2025-03-26,,0,occurred
2593,EWTX,Phase2,2025-03-26,,0,occurred
2594,SLNO,Other,2025-03-26,,0,occurred
2595,SLNO,Other,2025-03-26,,0,occurred
2596,VKTX,Phase2,2025-03-26,,0,occurred
2597,LPTX,Phase2,2025-03-26,,0,occurred
2598,NTLA,Other,2025-03-26,,0,occurred
2599,ABOS,Phase2,2025-03-26,,0,occurred
2600,SONN,Other,2025-03-26,,0,occurred
2601,DRMA,Phase3,2025-03-26,,0,occurred
2602,LPCN,Phase3,2025-03-26,,0,occurred
2603,EXEL,Other,2025-03-26,,0,occurred
2604,CADL,Phase2,2025-03-26,,0,occurred
2605,GNLX,Other,2025-03-25,,0,occurred
2606,AZN,Other,2025-03-25,,0,occurred
2607,GSK,Other,2025-03-25,,0,occurred
2608,MURA,Phase3,2025-03-25,,0,occurred
2609,SAVA,Phase3,2025-03-25,,0,occurred
2610,THTX,Other,2025-03-25,,0,occurred
2611,AXSM,Phase3,2025-03-25,,0,occurred
2612,DERM,Other,2025-03-24,,0,occurred
2613,VERV,Other,2025-03-24,,0,occurred
2614,UBX,Phase2,2025-03-24,,0,occurred
2615,TRAW,Other,2025-03-24,,0,occurred
2616,KZR,Phase2,2025-03-24,,0,occurred
2617,CGON,Phase3,2025-03-24,,0,occurred
2618,AURA,Other,2025-03-24,,0,occurred
2619,BMEA,Phase2,2025-03-24,,0,occurred
2620,TNXP,Other,2025-03-24,,0,occurred
2621,DTIL,Other,2025-03-21,,0,occurred
2622,JNJ,Other,2025-03-20,,0,occurred
2623,NVS,Other,2025-03-20,,0,occurred
2624,ALNY,Other,2025-03-20,,0,occurred
2625,RGNX,Phase3,2025-03-19,,0,occurred
2626,JAZZ,Other,2025-03-19,,0,occurred
2627,AVIR,Other,2025-03-19,,0,occurred
2628,IMVT,Phase2/3,2025-03-19,,0,occurred
2629,ROIV,Phase2/3,2025-03-19,,0,occurred
2630,NVS,Phase3,2025-03-19,,0,occurred
2631,BNTC,Other,2025-03-19,,0,occurred
2632,ABOS,Other,2025-03-19,,0,occurred
2633,AMRN,Other,2025-03-19,,0,occurred
2634,DTIL,Other,2025-03-19,,0,occurred
2635,OCGN,Other,2025-03-18,,0,occurred
2636,HCM,Phase2/3,2025-03-18,,0,occurred
2637,DWTX,Phase2,2025-03-18,,0,occurred
2638,ALZN,Phase2,2025-03-18,,0,occurred
2639,BFRI,Phase3,2025-03-18,,0,occurred
2640,RNA,Other,2025-03-17,,0,occurred
2641,TVTX,Other,2025-03-17,,0,occurred
2642,INCY,Phase3,2025-03-17,,0,occurred
2643,PLRX,Other,2025-03-17,,0,occurred
2644,GLSI,Phase3,2025-03-17,,0,occurred
2645,NBIX,Other,2025-03-17,,0,occurred
2646,CAPR,Phase3,2025-03-17,,0,occurred
2647,MLYS,Phase2,2025-03-17,,0,occurred
2648,ZLDPF,Phase2,2025-03-17,,0,occurred
2649,NRIX,Other,2025-03-17,,0,occurred
2650,AZN,Phase3,2025-03-17,,0,occurred
2651,ENTX,Other,2025-03-17,,0,occurred
2652,CVM,Phase3,2025-03-17,,0,occurred
2653,DTIL,Other,2025-03-17,,0,occurred
2654,VTVT,Phase3,2025-03-17,,0,occurred
2655,SRRK,Phase3,2025-03-16,,0,occurred
2656,DYN,Other,2025-03-16,,0,occurred
2657,ZNTL,Phase2,2025-03-15,,0,occurred
2658,STRO,Other,2025-03-15,,0,occurred
2659,PALI,Other,2025-03-14,,0,occurred
2660,KRRO,Other,2025-03-14,,0,occurred
2661,ETON,Other,2025-03-14,,0,occurred
2662,INO,Other,2025-03-14,,0,occurred
2663,AMGN,Phase3,2025-03-13,,0,occurred
2664,LPCN,Other,2025-03-13,,0,occurred
2665,VIR,Phase3,2025-03-13,,0,occurred
2666,CRVS,Phase2,2025-03-12,,0,occurred
2667,MRK,Phase3,2025-03-12,,0,occurred
2668,ENTA,Phase2,2025-03-12,,0,occurred
2669,LPCN,Other,2025-03-12,,0,occurred
2670,THTX,Other,2025-03-12,,0,occurred
2671,RDHL,Phase3,2025-03-12,,0,occurred
2672,GILD,Other,2025-03-12,,0,occurred
2673,CLNN,Phase2/3,2025-03-12,,0,occurred
2674,ENTA,Phase2,2025-03-12,,0,occurred
2675,SGMT,Other,2025-03-11,,0,occurred
2676,ALZN,Phase2,2025-03-11,,0,occurred
2677,ARVN,Phase3,2025-03-11,,0,occurred
2678,VXRT,Other,2025-03-11,,0,occurred
2679,BIIB,Phase3,2025-03-11,,0,occurred
2680,ATNM,Other,2025-03-11,,0,occurred
2681,MNKD,Phase3,2025-03-10,,0,occurred
2682,ARWR,Other,2025-03-10,,0,occurred
2683,BEAM,Other,2025-03-10,,0,occurred
2684,JNJ,Phase2,2025-03-10,,0,occurred
2685,FDMT,Phase3,2025-03-10,,0,occurred
2686,MLYS,Phase2/3,2025-03-10,,0,occurred
2687,TRVI,Phase2,2025-03-10,,0,occurred
2688,PTGX,Phase2,2025-03-10,,0,occurred
2689,PSTV,Phase2,2025-03-06,,0,occurred
2690,CLSD,Phase2,2025-03-06,,0,occurred
2691,SPRY,Other,2025-03-06,,0,occurred
2692,HCM,Phase2,2025-03-06,,0,occurred
2693,ZVSA,Other,2025-03-05,,0,occurred
2694,RHHBY,Other,2025-03-05,,0,occurred
2695,PHIO,Other,2025-03-05,,0,occurred
2696,NBIX,Other,2025-03-05,,0,occurred
2697,PTGX,Phase3,2025-03-04,,0,occurred
2698,ALZN,Phase2,2025-03-04,,0,occurred
2699,ADVM,Phase3,2025-03-04,,0,occurred
2700,CORT,PDUFA,2025-03-04,,0,occurred
2701,TLSA,Phase2,2025-03-04,,0,occurred
2702,CAPR,PDUFA,2025-03-04,,0,occurred
2703,BGNE,Other,2025-03-04,,0,occurred
2704,ONC,Other,2025-03-04,,0,occurred
2705,CLDX,Other,2025-03-03,,0,occurred
2706,TRAW,Other,2025-03-03,,0,occurred
2707,APGE,Other,2025-03-03,,0,occurred
2708,GSK,Other,2025-03-03,,0,occurred
2709,ENLV,Other,2025-03-03,,0,occurred
2710,KALV,PDUFA,2025-03-03,,0,occurred
2711,BHVN,Other,2025-03-03,,0,occurred
2712,ACAD,Other,2025-03-03,,0,occurred
2713,BTAI,Phase3,2025-03-03,,0,occurred
2714,AXSM,Other,2025-03-03,,0,occurred
2715,PHVS,Phase3,2025-03-03,,0,occurred
2716,MCRB,Phase2,2025-03-03,,0,occurred
2717,LXRX,Phase2,2025-03-03,,0,occurred
2718,PLRX,Phase2/3,2025-03-03,,0,occurred
2719,RHHBY,Phase3,2025-03-01,,0,occurred
2720,AMGN,Phase3,2025-03-01,,0,occurred
2721,CLDX,Phase2,2025-03-01,,0,occurred
2722,JSPR,Other,2025-03-01,,0,occurred
2723,JSPR,Other,2025-02-28,,0,occurred
2724,HALO,Other,2025-02-28,,0,occurred
2725,QTTB,Phase2,2025-02-28,,0,occurred
2726,OTLK,Other,2025-02-28,,0,occurred
2727,NBIX,Other,2025-02-28,,0,occurred
2728,COGT,Phase2,2025-02-27,,0,occurred
2729,ATXS,Phase3,2025-02-27,,0,occurred
2730,QNRX,Phase2,2025-02-27,,0,occurred
2731,ADAG,Phase2,2025-02-27,,0,occurred
2732,BLTE,Phase3,2025-02-27,,0,occurred
2733,MAIA,Phase3,2025-02-27,,0,occurred
2734,TGTX,Other,2025-02-27,,0,occurred
2735,ACET,Other,2025-02-27,,0,occurred
2736,OCGN,Phase2/3,2025-02-27,,0,occurred
2737,BMEA,Phase2,2025-02-27,,0,occurred
2738,ANIX,Other,2025-02-26,,0,occurred
2739,ARDX,Other,2025-02-26,,0,occurred
2740,TEVA,Other,2025-02-26,,0,occurred
2741,CGTX,Phase2,2025-02-26,,0,occurred
2742,HUMA,Other,2025-02-26,,0,occurred
2743,MDGL,Phase3,2025-02-26,,0,occurred
2744,PYXS,Other,2025-02-26,,0,occurred
2745,MDGL,Phase3,2025-02-26,,0,occurred
2746,PYXS,Other,2025-02-26,,0,occurred
2747,ASMB,Other,2025-02-26,,0,occurred
2748,REGN,PDUFA,2025-02-26,,0,occurred
2749,AZN,Phase3,2025-02-26,,0,occurred
2750,ARQT,PDUFA,2025-02-26,,0,occurred
2751,NKTR,Phase2,2025-02-26,,0,occurred
2752,CGTX,Phase2,2025-02-26,,0,occurred
2753,TELO,Other,2025-02-26,,0,occurred
2754,TEVA,Other,2025-02-25,,0,occurred
2755,PGEN,PDUFA,2025-02-25,,0,occurred
2756,PMN,Other,2025-02-25,,0,occurred
2757,CADL,Phase2,2025-02-25,,0,occurred
2758,MDNAF,Other,2025-02-25,,0,occurred
2759,TLSA,Other,2025-02-25,,0,occurred
2760,CELU,Other,2025-02-25,,0,occurred
2761,ALZN,Phase2,2025-02-25,,0,occurred
2762,KNSA,Phase2/3,2025-02-25,,0,occurred
2763,CLNN,Phase2/3,2025-02-25,,0,occurred
2764,VYNE,Other,2025-02-25,,0,occurred
2765,MRK,PDUFA,2025-02-25,,0,occurred
2766,CGTX,Phase2,2025-02-25,,0,occurred
2767,INKT,Phase2,2025-02-25,,0,occurred
2768,ARWR,Other,2025-02-25,,0,occurred
2769,ARWR,Other,2025-02-25,,0,occurred
2770,EVAX,Phase2,2025-02-25,,0,occurred
2771,AGEN,Phase2,2025-02-25,,0,occurred
2772,ADIL,Phase3,2025-02-25,,0,occurred
2773,BCRX,Other,2025-02-24,,0,occurred
2774,SNY,Phase2,2025-02-24,,0,occurred
2775,IVVD,Phase3,2025-02-24,,0,occurred
2776,REGN,Other,2025-02-24,,0,occurred
2777,MIRM,Other,2025-02-24,,0,occurred
2778,TEVA,Phase2,2025-02-24,,0,occurred
2779,INDV,Other,2025-02-24,,0,occurred
2780,PEPG,Other,2025-02-24,,0,occurred
2781,AXSM,Phase3,2025-02-24,,0,occurred
2782,TRDA,Other,2025-02-24,,0,occurred
2783,JNJ,Phase3,2025-02-21,,0,occurred
2784,NKGN,Other,2025-02-21,,0,occurred
2785,APTO,Other,2025-02-20,,0,occurred
2786,OMER,Phase3,2025-02-20,,0,occurred
2787,ASMB,Other,2025-02-20,,0,occurred
2788,GILD,Other,2025-02-20,,0,occurred
2789,STTK,Other,2025-02-20,,0,occurred
2790,SLS,Phase2,2025-02-20,,0,occurred
2791,GILD,Other,2025-02-20,,0,occurred
2792,IMNN,Other,2025-02-19,,0,occurred
2793,BMY,Phase3,2025-02-19,,0,occurred
2794,IBRX,Other,2025-02-19,,0,occurred
2795,DTIL,Other,2025-02-19,,0,occurred
2796,SLDB,Other,2025-02-18,,0,occurred
2797,GALT,Phase2/3,2025-02-18,,0,occurred
2798,RCUS,Other,2025-02-18,,0,occurred
2799,ALVO,Other,2025-02-18,,0,occurred
2800,PPBT,Phase2,2025-02-18,,0,occurred
2801,OPT,Phase3,2025-02-18,,0,occurred
2802,SUPN,Phase2,2025-02-18,,0,occurred
2803,TEVA,Other,2025-02-18,,0,occurred
2804,TGTX,Phase3,2025-02-18,,0,occurred
2805,SEPN,Other,2025-02-18,,0,occurred
2806,GILD,PDUFA,2025-02-18,,0,occurred
2807,GSK,Other,2025-02-17,,0,occurred
2808,RCUS,Other,2025-02-17,,0,occurred
2809,VCYT,Phase3,2025-02-14,,0,occurred
2810,ALLO,Other,2025-02-14,,0,occurred
2811,CRBP,Other,2025-02-14,,0,occurred
2812,CLLS,Other,2025-02-14,,0,occurred
2813,ENGN,Other,2025-02-14,,0,occurred
2814,OSTX,Phase2,2025-02-14,,0,occurred
2815,MBRX,Phase3,2025-02-13,,0,occurred
2816,PLRX,Phase2,2025-02-13,,0,occurred
2817,BMY,Phase3,2025-02-13,,0,occurred
2818,NKGN,Other,2025-02-13,,0,occurred
2819,AGIO,Phase3,2025-02-13,,0,occurred
2820,ANRO,Phase2,2025-02-12,,0,occurred
2821,BPTH,Other,2025-02-12,,0,occurred
2822,OCGN,Other,2025-02-12,,0,occurred
2823,MDWD,Phase3,2025-02-12,,0,occurred
2824,ANAB,Phase2,2025-02-12,,0,occurred
2825,APTO,Other,2025-02-12,,0,occurred
2826,RHHBY,Other,2025-02-12,,0,occurred
2827,PFE,Other,2025-02-12,,0,occurred
2828,INAB,Other,2025-02-11,,0,occurred
2829,SWTX,Other,2025-02-11,,0,occurred
2830,PFE,Phase3,2025-02-11,,0,occurred
2831,TVTX,Other,2025-02-11,,0,occurred
2832,MRK,Phase3,2025-02-11,,0,occurred
2833,REGN,Phase3,2025-02-10,,0,occurred
2834,BMY,Phase2,2025-02-10,,0,occurred
2835,ACHV,Phase2/3,2025-02-10,,0,occurred
2836,QTTB,Phase2,2025-02-10,,0,occurred
2837,KALV,Phase3,2025-02-10,,0,occurred
2838,GRCE,Phase3,2025-02-10,,0,occurred
2839,ASND,Phase2,2025-02-10,,0,occurred
2840,FDMT,Phase2,2025-02-08,,0,occurred
2841,CLSD,Phase2,2025-02-08,,0,occurred
2842,PALI,Other,2025-02-07,,0,occurred
2843,NVO,Phase3,2025-02-07,,0,occurred
2844,ABBV,Other,2025-02-07,,0,occurred
2845,DNLI,Other,2025-02-06,,0,occurred
2846,RLMD,Phase2,2025-02-06,,0,occurred
2847,RNAZ,Other,2025-02-06,,0,occurred
2848,EQ,Phase2,2025-02-06,,0,occurred
2849,TNXP,Other,2025-02-06,,0,occurred
2850,RXRX,Phase2,2025-02-06,,0,occurred
2851,COYA,Phase2,2025-02-06,,0,occurred
2852,CYDY,Other,2025-02-06,,0,occurred
2853,PTN,Phase2,2025-02-06,,0,occurred
2854,SGMO,Other,2025-02-06,,0,occurred
2855,MLYS,Phase2,2025-02-05,,0,occurred
2856,RANI,Other,2025-02-05,,0,occurred
2857,EYPT,Phase2,2025-02-05,,0,occurred
2858,KURA,Other,2025-02-05,,0,occurred
2859,SUPN,Other,2025-02-04,,0,occurred
2860,RHHBY,Other,2025-02-04,,0,occurred
2861,MAIA,Phase2,2025-02-04,,0,occurred
2862,REGN,Phase2,2025-02-04,,0,occurred
2863,TSBX,Other,2025-02-04,,0,occurred
2864,CPIX,Phase2,2025-02-04,,0,occurred
2865,GHRS,Phase2,2025-02-03,,0,occurred
2866,BCTX,Other,2025-02-03,,0,occurred
2867,IVVD,Other,2025-02-03,,0,occurred
2868,HCWB,Other,2025-02-03,,0,occurred
2869,YMAB,Other,2025-01-31,,0,occurred
2870,CRVO,Phase2,2025-01-31,,0,occurred
2871,GOSS,Phase2,2025-01-31,,0,occurred
2872,XOMA,Phase2,2025-01-31,,0,occurred
2873,VRTX,Other,2025-01-30,,0,occurred
2874,CGTX,Phase2,2025-01-30,,0,occurred
2875,MNMD,Phase3,2025-01-30,,0,occurred
2876,QURE,Other,2025-01-30,,0,occurred
2877,AXSM,Other,2025-01-30,,0,occurred
2878,GILD,Other,2025-01-30,,0,occurred
2879,HOOK,Other,2025-01-30,,0,occurred
2880,MRK,Phase3,2025-01-30,,0,occurred
2881,DRRX,Phase2,2025-01-29,,0,occurred
2882,ZNTL,Other,2025-01-29,,0,occurred
2883,CRGX,Other,2025-01-29,,0,occurred
2884,SRRK,Other,2025-01-29,,0,occurred
2885,PFE,Other,2025-01-29,,0,occurred
2886,ADIL,Other,2025-01-29,,0,occurred
2887,CGEM,Phase2,2025-01-29,,0,occurred
2888,VINC,Other,2025-01-29,,0,occurred
2889,ZNTL,Phase2,2025-01-29,,0,occurred
2890,RGLS,Other,2025-01-29,,0,occurred
2891,TELO,Other,2025-01-28,,0,occurred
2892,LPTX,Phase2,2025-01-28,,0,occurred
2893,INTS,Phase3,2025-01-28,,0,occurred
2894,NBIX,Phase3,2025-01-28,,0,occurred
2895,TAK,Phase3,2025-01-28,,0,occurred
2896,BGNE,Phase2,2025-01-28,,0,occurred
2897,ATAI,Phase2,2025-01-28,,0,occurred
2898,ALLO,Other,2025-01-28,,0,occurred
2899,RHHBY,Phase3,2025-01-28,,0,occurred
2900,BGNE,Phase2,2025-01-28,,0,occurred
2901,SABS,Other,2025-01-28,,0,occurred
2902,LPTX,Phase2,2025-01-28,,0,occurred
2903,AZN,Other,2025-01-27,,0,occurred
2904,RNXT,Phase3,2025-01-27,,0,occurred
2905,NTRA,Phase3,2025-01-27,,0,occurred
2906,ALVO,Other,2025-01-27,,0,occurred
2907,EXEL,Other,2025-01-27,,0,occurred
2908,VERU,Phase2,2025-01-27,,0,occurred
2909,ALLK,Other,2025-01-27,,0,occurred
2910,RNAC,Phase3,2025-01-27,,0,occurred
2911,VNDA,Other,2025-01-27,,0,occurred
2912,AKRO,Phase2,2025-01-27,,0,occurred
2913,PFE,Phase3,2025-01-27,,0,occurred
2914,BMY,Phase3,2025-01-27,,0,occurred
2915,BIIB,Other,2025-01-26,,0,occurred
2916,CATX,Other,2025-01-24,,0,occurred
2917,NVO,Other,2025-01-24,,0,occurred
2918,MRK,Phase3,2025-01-24,,0,occurred
2919,IPSEY,Phase3,2025-01-24,,0,occurred
2920,EXEL,Phase3,2025-01-24,,0,occurred
2921,VIGL,Other,2025-01-23,,0,occurred
2922,BIIB,Other,2025-01-23,,0,occurred
2923,QNRX,Other,2025-01-23,,0,occurred
2924,IXHL,Phase2,2025-01-23,,0,occurred
2925,SLS,Phase3,2025-01-23,,0,occurred
2926,AMRX,Other,2025-01-23,,0,occurred
2927,TRAW,Other,2025-01-23,,0,occurred
2928,ATOS,Phase2,2025-01-23,,0,occurred
2929,AMRX,Other,2025-01-23,,0,occurred
2930,AMRX,Other,2025-01-23,,0,occurred
2931,IONS,Other,2025-01-23,,0,occurred
2932,ALXO,Phase2,2025-01-23,,0,occurred
2933,LSTA,Phase2,2025-01-22,,0,occurred
2934,IVA,Phase2,2025-01-22,,0,occurred
2935,RIGL,Other,2025-01-22,,0,occurred
2936,NTRA,Other,2025-01-22,,0,occurred
2937,CHRS,Phase2,2025-01-22,,0,occurred
2938,INBX,Other,2025-01-21,,0,occurred
2939,XLO,Other,2025-01-21,,0,occurred
2940,ATRA,Phase3,2025-01-21,,0,occurred
2941,AMLX,Other,2025-01-21,,0,occurred
2942,VALN,Phase3,2025-01-21,,0,occurred
2943,IPSC,Other,2025-01-21,,0,occurred
2944,VRCA,Phase2,2025-01-21,,0,occurred
2945,JNJ,Other,2025-01-21,,0,occurred
2946,ATRA,Other,2025-01-21,,0,occurred
2947,IRON,Phase3,2025-01-21,,0,occurred
2948,NVO,Phase3,2025-01-17,,0,occurred
2949,AZN,Other,2025-01-17,,0,occurred
2950,AZN,Other,2025-01-17,,0,occurred
2951,AMGN,Other,2025-01-17,,0,occurred
2952,SNDX,Other,2025-01-16,,0,occurred
2953,INCY,Other,2025-01-16,,0,occurred
2954,OTLK,Phase3,2025-01-16,,0,occurred
2955,OMER,Phase3,2025-01-16,,0,occurred
2956,ATRA,Other,2025-01-16,,0,occurred
2957,LLY,Other,2025-01-15,,0,occurred
2958,LLY,Other,2025-01-15,,0,occurred
2959,ONCY,Other,2025-01-15,,0,occurred
2960,VTGN,Phase2,2025-01-14,,0,occurred
2961,TLPH,Phase3,2025-01-14,,0,occurred
2962,VXRT,Phase2,2025-01-14,,0,occurred
2963,GKOS,Phase2,2025-01-14,,0,occurred
2964,CRVS,Other,2025-01-13,,0,occurred
2965,PHIO,Other,2025-01-13,,0,occurred
2966,IMRX,Phase2,2025-01-13,,0,occurred
2967,AVXL,Phase2/3,2025-01-13,,0,occurred
2968,ORIC,Other,2025-01-13,,0,occurred
2969,REGN,Phase3,2025-01-13,,0,occurred
2970,OCGN,Other,2025-01-13,,0,occurred
2971,BPMC,Other,2025-01-13,,0,occurred
2972,INZY,Phase3,2025-01-10,,0,occurred
2973,CRNX,Phase2,2025-01-10,,0,occurred
2974,PMN,Other,2025-01-10,,0,occurred
2975,GHRS,Phase2,2025-01-10,,0,occurred
2976,LVTX,Other,2025-01-10,,0,occurred
2977,NXTC,Other,2025-01-10,,0,occurred
2978,DYN,Other,2025-01-10,,0,occurred
2979,IVVD,Phase3,2025-01-10,,0,occurred
2980,GHRS,Phase2,2025-01-10,,0,occurred
2981,PFE,Phase3,2025-01-10,,0,occurred
2982,INZY,Phase3,2025-01-10,,0,occurred
2983,DTIL,Other,2025-01-09,,0,occurred
2984,RAPP,Phase2,2025-01-09,,0,occurred
2985,JNJ,Phase2,2025-01-09,,0,occurred
2986,MCRB,Other,2025-01-09,,0,occurred
2987,RAPP,Other,2025-01-09,,0,occurred
2988,DBVT,Phase3,2025-01-08,,0,occurred
2989,VIR,Other,2025-01-08,,0,occurred
2990,JSPR,Other,2025-01-08,,0,occurred
2991,COCP,Other,2025-01-08,,0,occurred
2992,VIR,Other,2025-01-08,,0,occurred
2993,SANA,Other,2025-01-07,,0,occurred
2994,SLDB,Other,2025-01-07,,0,occurred
2995,ARCT,Phase2,2025-01-07,,0,occurred
2996,QNRX,Other,2025-01-06,,0,occurred
2997,VYNE,Phase2,2025-01-06,,0,occurred
2998,TPST,Other,2025-01-06,,0,occurred
2999,SLRN,Phase2,2025-01-06,,0,occurred
3000,IMMP,Other,2025-01-06,,0,occurred
3001,OCS,Phase2,2025-01-06,,0,occurred
3002,RHHBY,Other,2025-01-06,,0,occurred
3003,DNLI,Phase2/3,2025-01-06,,0,occurred
3004,IMAB,Other,2025-01-06,,0,occurred
3005,ALMS,Phase2,2025-01-06,,0,occurred
3006,KROS,Phase2,2025-01-05,,0,occurred
3007,COCP,Phase2,2025-01-02,,0,occurred
3008,KZIA,Phase2/3,2025-01-02,,0,occurred
3009,CAPR,Other,2025-01-02,,0,occurred
3010,NMRA,Phase3,2025-01-02,,0,occurred
3011,ANIP,Other,2025-01-02,,0,occurred
3012,PHIO,Other,2025-01-02,,0,occurred
3013,CORT,Other,2024-12-30,,0,occurred
3014,NVS,Phase3,2024-12-30,,0,occurred
3015,PGEN,Other,2024-12-30,,0,occurred
3016,CMRX,Other,2024-12-30,,0,occurred
3017,AXSM,Phase3,2024-12-30,,0,occurred
3018,AXSM,Phase3,2024-12-30,,0,occurred
3019,NRXP,Other,2024-12-30,,0,occurred
3020,BGNE,Other,2024-12-27,,0,occurred
3021,ASMB,Other,2024-12-26,,0,occurred
3022,BMY,Phase3,2024-12-23,,0,occurred
3023,GKOS,Other,2024-12-23,,0,occurred
3024,ARWR,Other,2024-12-23,,0,occurred
3025,WVE,Other,2024-12-23,,0,occurred
3026,BMY,Phase3,2024-12-23,,0,occurred
3027,ZLDPF,Other,2024-12-23,,0,occurred
3028,IMCR,Other,2024-12-23,,0,occurred
3029,XBIT,Phase2,2024-12-23,,0,occurred
3030,VYNE,Other,2024-12-23,,0,occurred
3031,PFE,Other,2024-12-20,,0,occurred
3032,NVO,Phase3,2024-12-20,,0,occurred
3033,NBIX,Other,2024-12-20,,0,occurred
3034,LLY,Other,2024-12-20,,0,occurred
3035,GSK,Phase3,2024-12-20,,0,occurred
3036,VRTX,Other,2024-12-20,,0,occurred
3037,LXRX,Other,2024-12-20,,0,occurred
3038,RYTM,Other,2024-12-20,,0,occurred
3039,GALT,Phase2/3,2024-12-20,,0,occurred
3040,HUMA,Other,2024-12-20,,0,occurred
3041,PTCT,Other,2024-12-19,,0,occurred
3042,ACET,Other,2024-12-19,,0,occurred
3043,PTN,Phase2,2024-12-19,,0,occurred
3044,BPTH,Other,2024-12-19,,0,occurred
3045,ARMP,Phase2,2024-12-19,,0,occurred
3046,REGN,Phase2,2024-12-19,,0,occurred
3047,PRTA,Phase2,2024-12-19,,0,occurred
3048,XLO,Other,2024-12-19,,0,occurred
3049,RARE,Phase3,2024-12-19,,0,occurred
3050,RHHBY,Phase2,2024-12-19,,0,occurred
3051,MRK,Phase3,2024-12-19,,0,occurred
3052,IMMX,Other,2024-12-19,,0,occurred
3053,NBIX,Other,2024-12-19,,0,occurred
3054,MESO,Other,2024-12-19,,0,occurred
3055,MRK,Phase3,2024-12-19,,0,occurred
3056,MRKR,Other,2024-12-19,,0,occurred
3057,PLUR,Other,2024-12-19,,0,occurred
3058,IONS,Other,2024-12-19,,0,occurred
3059,VRTX,Phase2,2024-12-19,,0,occurred
3060,ALMS,Other,2024-12-19,,0,occurred
3061,CLDX,Phase2,2024-12-19,,0,occurred
3062,GILD,Other,2024-12-19,,0,occurred
3063,REGN,Phase2,2024-12-19,,0,occurred
3064,VSTM,Other,2024-12-18,,0,occurred
3065,AMGN,Other,2024-12-18,,0,occurred
3066,KRYS,Other,2024-12-18,,0,occurred
3067,SVRA,Other,2024-12-18,,0,occurred
3068,CHRO,Other,2024-12-18,,0,occurred
3069,CTNM,Other,2024-12-17,,0,occurred
3070,IMMP,Other,2024-12-17,,0,occurred
3071,SNY,Phase2,2024-12-17,,0,occurred
3072,GPCR,Other,2024-12-17,,0,occurred
3073,LPCN,Phase2,2024-12-17,,0,occurred
3074,TEVA,Phase2,2024-12-17,,0,occurred
3075,MRUS,Phase2,2024-12-17,,0,occurred
3076,IMMX,Other,2024-12-17,,0,occurred
3077,ACTU,Other,2024-12-17,,0,occurred
3078,CORT,Phase3,2024-12-17,,0,occurred
3079,SNTI,Other,2024-12-17,,0,occurred
3080,AFMD,Phase2,2024-12-17,,0,occurred
3081,BMEA,Phase2,2024-12-17,,0,occurred
3082,PSTV,Other,2024-12-17,,0,occurred
3083,TLSA,Other,2024-12-17,,0,occurred
3084,TNXP,Other,2024-12-17,,0,occurred
3085,TNYA,Other,2024-12-17,,0,occurred
3086,BHVN,Other,2024-12-16,,0,occurred
3087,RLFTF,Other,2024-12-16,,0,occurred
3088,BHVN,Other,2024-12-16,,0,occurred
3089,ASND,Phase2,2024-12-16,,0,occurred
3090,MNMD,Phase3,2024-12-16,,0,occurred
3091,MNKD,Phase3,2024-12-16,,0,occurred
3092,PEPG,Phase2,2024-12-16,,0,occurred
3093,FHTX,Other,2024-12-16,,0,occurred
3094,RVPH,Phase3,2024-12-16,,0,occurred
3095,EWTX,Phase2,2024-12-16,,0,occurred
3096,BCAB,Phase2,2024-12-16,,0,occurred
3097,LRMR,Phase2,2024-12-16,,0,occurred
3098,MRK,Other,2024-12-13,,0,occurred
3099,CKPT,Other,2024-12-13,,0,occurred
3100,FBIO,Other,2024-12-13,,0,occurred
3101,RPTX,Other,2024-12-13,,0,occurred
3102,KRBP,Other,2024-12-12,,0,occurred
3103,INTS,Phase2,2024-12-12,,0,occurred
3104,ATOS,Phase2,2024-12-12,,0,occurred
3105,TRVI,Phase2,2024-12-12,,0,occurred
3106,APTO,Other,2024-12-12,,0,occurred
3107,ALPN,Other,2024-12-12,,0,occurred
3108,KZIA,Phase2,2024-12-12,,0,occurred
3109,LLY,Phase2,2024-12-12,,0,occurred
3110,IMMP,Phase2,2024-12-12,,0,occurred
3111,ARVN,Other,2024-12-12,,0,occurred
3112,JAZZ,Other,2024-12-12,,0,occurred
3113,KRYS,Other,2024-12-12,,0,occurred
3114,ALXO,Other,2024-12-12,,0,occurred
3115,BOLD,Other,2024-12-12,,0,occurred
3116,ELTX,Phase2,2024-12-12,,0,occurred
3117,KRYS,Other,2024-12-12,,0,occurred
3118,PFE,Phase3,2024-12-12,,0,occurred
3119,CORT,Phase3,2024-12-12,,0,occurred
3120,VRTX,Other,2024-12-12,,0,occurred
3121,APRE,Other,2024-12-12,,0,occurred
3122,BCYC,Phase2/3,2024-12-12,,0,occurred
3123,ANAB,Phase2,2024-12-12,,0,occurred
3124,ITOS,Phase2,2024-12-12,,0,occurred
3125,CORT,Phase2,2024-12-11,,0,occurred
3126,MRK,Phase3,2024-12-11,,0,occurred
3127,AZN,Phase3,2024-12-11,,0,occurred
3128,ITCI,Phase3,2024-12-11,,0,occurred
3129,ATXS,Other,2024-12-11,,0,occurred
3130,JAGX,Phase3,2024-12-11,,0,occurred
3131,LLY,Phase3,2024-12-11,,0,occurred
3132,ARWR,Other,2024-12-11,,0,occurred
3133,BCTX,Phase2,2024-12-11,,0,occurred
3134,ITCI,Phase3,2024-12-11,,0,occurred
3135,CADL,Phase3,2024-12-11,,0,occurred
3136,CELC,Other,2024-12-11,,0,occurred
3137,PHAR,Phase3,2024-12-11,,0,occurred
3138,IMCR,Phase3,2024-12-11,,0,occurred
3139,BPTH,Other,2024-12-11,,0,occurred
3140,RLAY,Other,2024-12-11,,0,occurred
3141,ATXS,Other,2024-12-11,,0,occurred
3142,ATOS,Phase2,2024-12-11,,0,occurred
3143,PRLD,Other,2024-12-11,,0,occurred
3144,GLUE,Other,2024-12-11,,0,occurred
3145,CADL,Phase2,2024-12-11,,0,occurred
3146,ADCT,Other,2024-12-11,,0,occurred
3147,ZYME,Other,2024-12-10,,0,occurred
3148,QURE,Other,2024-12-10,,0,occurred
3149,TCRX,Other,2024-12-10,,0,occurred
3150,SLRN,Phase2/3,2024-12-10,,0,occurred
3151,TAK,Other,2024-12-10,,0,occurred
3152,ACIU,Other,2024-12-10,,0,occurred
3153,NVAX,Phase3,2024-12-10,,0,occurred
3154,SIGA,Phase3,2024-12-10,,0,occurred
3155,IMMP,Phase3,2024-12-10,,0,occurred
3156,ALMS,Phase2/3,2024-12-10,,0,occurred
3157,ATYR,Phase3,2024-12-10,,0,occurred
3158,NVAX,Phase3,2024-12-10,,0,occurred
3159,RLYB,Other,2024-12-10,,0,occurred
3160,ALXO,Other,2024-12-10,,0,occurred
3161,APGE,Other,2024-12-10,,0,occurred
3162,LSTA,Other,2024-12-10,,0,occurred
3163,SPRB,Phase2,2024-12-10,,0,occurred
3164,NAMS,Phase3,2024-12-10,,0,occurred
3165,OLMA,Phase2,2024-12-10,,0,occurred
3166,SPRB,Phase2,2024-12-10,,0,occurred
3167,XNCR,Phase3,2024-12-10,,0,occurred
3168,STRO,Phase2/3,2024-12-10,,0,occurred
3169,IMNN,Phase2,2024-12-10,,0,occurred
3170,CLNN,Phase2,2024-12-10,,0,occurred
3171,NVS,Phase3,2024-12-10,,0,occurred
3172,INCY,Phase3,2024-12-10,,0,occurred
3173,RLYB,Other,2024-12-10,,0,occurred
3174,INAB,Other,2024-12-10,,0,occurred
3175,BNOX,Phase2,2024-12-09,,0,occurred
3176,EDIT,Other,2024-12-09,,0,occurred
3177,BMEA,Other,2024-12-09,,0,occurred
3178,ENTA,Phase2,2024-12-09,,0,occurred
3179,GMAB,Other,2024-12-09,,0,occurred
3180,CRSP,Other,2024-12-09,,0,occurred
3181,MRK,Phase3,2024-12-09,,0,occurred
3182,IRON,Phase2,2024-12-09,,0,occurred
3183,GILD,Phase2,2024-12-09,,0,occurred
3184,VOR,Other,2024-12-09,,0,occurred
3185,RXRX,Other,2024-12-09,,0,occurred
3186,MGNX,Phase3,2024-12-09,,0,occurred
3187,MRUS,Other,2024-12-09,,0,occurred
3188,SNDX,Phase2,2024-12-09,,0,occurred
3189,OLMA,Other,2024-12-09,,0,occurred
3190,GILD,Other,2024-12-09,,0,occurred
3191,AFMD,Other,2024-12-09,,0,occurred
3192,JNJ,Phase3,2024-12-09,,0,occurred
3193,SLN,Other,2024-12-09,,0,occurred
3194,CRIS,Other,2024-12-09,,0,occurred
3195,ADCT,Phase2,2024-12-09,,0,occurred
3196,LYEL,Other,2024-12-09,,0,occurred
3197,INCY,Phase3,2024-12-09,,0,occurred
3198,COGT,Phase2,2024-12-09,,0,occurred
3199,NRIX,Other,2024-12-09,,0,occurred
3200,PSTX,Other,2024-12-09,,0,occurred
3201,KURA,Other,2024-12-09,,0,occurred
3202,AMGN,Phase3,2024-12-09,,0,occurred
3203,SONN,Other,2024-12-09,,0,occurred
3204,GLPG,Other,2024-12-09,,0,occurred
3205,MGX,Other,2024-12-09,,0,occurred
3206,RIGL,Other,2024-12-09,,0,occurred
3207,ACLX,Phase2,2024-12-09,,0,occurred
3208,PTGX,Phase2,2024-12-09,,0,occurred
3209,CRBP,Other,2024-12-09,,0,occurred
3210,BGNE,Other,2024-12-09,,0,occurred
3211,ZLAB,Phase3,2024-12-09,,0,occurred
3212,NKTR,Phase2,2024-12-09,,0,occurred
3213,IRON,Phase2,2024-12-09,,0,occurred
3214,AZN,Phase3,2024-12-09,,0,occurred
3215,REGN,Phase3,2024-12-09,,0,occurred
3216,MOLN,Other,2024-12-09,,0,occurred
3217,VTVT,Phase2,2024-12-09,,0,occurred
3218,BGNE,Other,2024-12-09,,0,occurred
3219,ATHA,Other,2024-12-09,,0,occurred
3220,OMER,Phase2,2024-12-09,,0,occurred
3221,THTX,Other,2024-12-09,,0,occurred
3222,NBTX,Other,2024-12-09,,0,occurred
3223,MRK,Phase2,2024-12-09,,0,occurred
3224,MGTX,Other,2024-12-09,,0,occurred
3225,REGN,Phase3,2024-12-09,,0,occurred
3226,CPIX,Other,2024-12-09,,0,occurred
3227,FATE,Other,2024-12-09,,0,occurred
3228,RLMD,Phase3,2024-12-09,,0,occurred
3229,KROS,Phase2,2024-12-09,,0,occurred
3230,JNJ,Phase3,2024-12-09,,0,occurred
3231,RLMD,Phase3,2024-12-09,,0,occurred
3232,AGIO,Phase3,2024-12-08,,0,occurred
3233,COGT,Phase2,2024-12-08,,0,occurred
3234,AGIO,Other,2024-12-08,,0,occurred
3235,BEAM,Other,2024-12-08,,0,occurred
3236,CCCC,Other,2024-12-08,,0,occurred
3237,IRON,Other,2024-12-08,,0,occurred
3238,SLS,Phase2,2024-12-08,,0,occurred
3239,AFMD,Phase2,2024-12-08,,0,occurred
3240,PSTX,Phase2,2024-12-07,,0,occurred
3241,BEAM,Other,2024-12-07,,0,occurred
3242,IPHA,Phase2,2024-12-07,,0,occurred
3243,BNTX,Other,2024-12-06,,0,occurred
3244,NVS,Phase3,2024-12-06,,0,occurred
3245,AZN,Phase3,2024-12-06,,0,occurred
3246,AZN,Phase3,2024-12-06,,0,occurred
3247,MNOV,Phase2/3,2024-12-06,,0,occurred
3248,XENE,Phase3,2024-12-06,,0,occurred
3249,STOK,Other,2024-12-06,,0,occurred
3250,PFE,Other,2024-12-06,,0,occurred
3251,ALT,Phase2,2024-12-06,,0,occurred
3252,BHVN,Other,2024-12-06,,0,occurred
3253,URGN,Phase3,2024-12-05,,0,occurred
3254,MRUS,Other,2024-12-05,,0,occurred
3255,GLUE,Phase2,2024-12-05,,0,occurred
3256,AZN,Other,2024-12-05,,0,occurred
3257,CGON,Phase3,2024-12-05,,0,occurred
3258,HEPA,Phase3,2024-12-05,,0,occurred
3259,TARA,Other,2024-12-05,,0,occurred
3260,ELEV,Other,2024-12-05,,0,occurred
3261,APVO,Other,2024-12-04,,0,occurred
3262,TEVA,Phase3,2024-12-04,,0,occurred
3263,NRSN,Phase2,2024-12-04,,0,occurred
3264,LLY,Phase3,2024-12-04,,0,occurred
3265,AVIR,Phase2,2024-12-04,,0,occurred
3266,ROIV,Phase2,2024-12-03,,0,occurred
3267,LTRN,Other,2024-12-03,,0,occurred
3268,RXRX,Other,2024-12-03,,0,occurred
3269,TERN,Other,2024-12-03,,0,occurred
3270,ENLV,Other,2024-12-03,,0,occurred
3271,TRVI,Other,2024-12-03,,0,occurred
3272,TELO,Other,2024-12-03,,0,occurred
3273,ELTX,Phase2,2024-12-03,,0,occurred
3274,NVCR,Phase3,2024-12-02,,0,occurred
3275,SYRE,Other,2024-12-02,,0,occurred
3276,SNTI,Other,2024-12-02,,0,occurred
3277,JANX,Other,2024-12-02,,0,occurred
3278,APGE,Other,2024-12-02,,0,occurred
3279,JNJ,Other,2024-12-02,,0,occurred
3280,RVMD,Other,2024-12-02,,0,occurred
3281,PPBT,Phase2,2024-12-02,,0,occurred
3282,RVMD,Other,2024-12-02,,0,occurred
3283,JSPR,Other,2024-12-02,,0,occurred
3284,APLT,Other,2024-11-27,,0,occurred
3285,AMGN,Phase2,2024-11-26,,0,occurred
3286,LTRN,Other,2024-11-26,,0,occurred
3287,VALN,Other,2024-11-26,,0,occurred
3288,LXRX,Phase2,2024-11-26,,0,occurred
3289,PTCT,Phase2,2024-11-26,,0,occurred
3290,THTX,Other,2024-11-26,,0,occurred
3291,INAB,Other,2024-11-25,,0,occurred
3292,AZN,Phase3,2024-11-25,,0,occurred
3293,GSK,Phase2,2024-11-25,,0,occurred
3294,ALEC,Phase2,2024-11-25,,0,occurred
3295,SAVA,Phase3,2024-11-25,,0,occurred
3296,TNYA,Other,2024-11-25,,0,occurred
3297,PFE,Phase3,2024-11-25,,0,occurred
3298,ALEC,Phase2,2024-11-25,,0,occurred
3299,BHVN,Phase3,2024-11-25,,0,occurred
3300,MRK,Phase3,2024-11-25,,0,occurred
3301,ABBV,Phase2,2024-11-25,,0,occurred
3302,BMY,Phase3,2024-11-25,,0,occurred
3303,CGTX,Phase2,2024-11-25,,0,occurred
3304,CTXR,Phase3,2024-11-25,,0,occurred
3305,AZN,Other,2024-11-22,,0,occurred
3306,BBIO,Other,2024-11-22,,0,occurred
3307,CATX,Other,2024-11-22,,0,occurred
3308,CNSP,Phase2,2024-11-22,,0,occurred
3309,PSTV,Phase2,2024-11-22,,0,occurred
3310,LUMO,Phase2,2024-11-21,,0,occurred
3311,QURE,Other,2024-11-21,,0,occurred
3312,ZYME,Other,2024-11-21,,0,occurred
3313,AMRX,Other,2024-11-21,,0,occurred
3314,BGNE,Other,2024-11-21,,0,occurred
3315,JAZZ,Other,2024-11-21,,0,occurred
3316,VYGR,Other,2024-11-20,,0,occurred
3317,SAGE,Phase2,2024-11-20,,0,occurred
3318,RXRX,Phase2,2024-11-20,,0,occurred
3319,CLDX,Other,2024-11-20,,0,occurred
3320,PYXS,Other,2024-11-20,,0,occurred
3321,NAMS,Phase3,2024-11-20,,0,occurred
3322,KTTA,Other,2024-11-20,,0,occurred
3323,ARGX,Phase2/3,2024-11-20,,0,occurred
3324,PBYI,Phase2,2024-11-20,,0,occurred
3325,CRDL,Phase2,2024-11-19,,0,occurred
3326,ALGS,Other,2024-11-19,,0,occurred
3327,LTRN,Phase2,2024-11-19,,0,occurred
3328,NVO,Phase3,2024-11-19,,0,occurred
3329,SGMO,Other,2024-11-19,,0,occurred
3330,LGND,Phase2,2024-11-19,,0,occurred
3331,BIIB,Phase3,2024-11-19,,0,occurred
3332,NXTC,Other,2024-11-19,,0,occurred
3333,VKTX,Phase2,2024-11-19,,0,occurred
3334,CMMB,Phase2,2024-11-19,,0,occurred
3335,MRK,Phase3,2024-11-19,,0,occurred
3336,GSK,Phase3,2024-11-19,,0,occurred
3337,MBRX,Other,2024-11-18,,0,occurred
3338,ARWR,Phase2,2024-11-18,,0,occurred
3339,THAR,Other,2024-11-18,,0,occurred
3340,ACET,Other,2024-11-18,,0,occurred
3341,INCY,Phase2,2024-11-18,,0,occurred
3342,CABA,Other,2024-11-18,,0,occurred
3343,MIRM,Phase2,2024-11-18,,0,occurred
3344,ADVM,Phase2,2024-11-18,,0,occurred
3345,ALLR,Phase2,2024-11-18,,0,occurred
3346,LLY,Phase2,2024-11-18,,0,occurred
3347,RCKT,Phase2,2024-11-18,,0,occurred
3348,CABA,Other,2024-11-18,,0,occurred
3349,NGNE,Other,2024-11-18,,0,occurred
3350,PLRX,Phase2,2024-11-18,,0,occurred
3351,NKTR,Other,2024-11-18,,0,occurred
3352,CABA,Other,2024-11-18,,0,occurred
3353,ARWR,Other,2024-11-18,,0,occurred
3354,LUMO,Phase2,2024-11-18,,0,occurred
3355,BMEA,Phase2,2024-11-18,,0,occurred
3356,JNJ,Phase3,2024-11-18,,0,occurred
3357,JNJ,Phase3,2024-11-18,,0,occurred
3358,INCY,Phase2,2024-11-18,,0,occurred
3359,IMTX,Other,2024-11-18,,0,occurred
3360,CYTK,Phase3,2024-11-18,,0,occurred
3361,SLN,Phase2,2024-11-18,,0,occurred
3362,ACET,Other,2024-11-18,,0,occurred
3363,CYBN,Phase2,2024-11-18,,0,occurred
3364,LLY,Phase3,2024-11-18,,0,occurred
3365,VIR,Phase2,2024-11-18,,0,occurred
3366,FATE,Other,2024-11-18,,0,occurred
3367,NAMS,Phase3,2024-11-18,,0,occurred
3368,ALNY,Phase2,2024-11-18,,0,occurred
3369,PTGX,Phase3,2024-11-18,,0,occurred
3370,RGNX,Other,2024-11-18,,0,occurred
3371,PTGX,Phase3,2024-11-18,,0,occurred
3372,ADVM,Phase2,2024-11-18,,0,occurred
3373,AMGN,Phase3,2024-11-18,,0,occurred
3374,CYTK,Phase3,2024-11-17,,0,occurred
3375,AKRO,Phase2,2024-11-17,,0,occurred
3376,ALNY,Other,2024-11-17,,0,occurred
3377,CYTK,Phase3,2024-11-17,,0,occurred
3378,SGMT,Phase2,2024-11-17,,0,occurred
3379,REGN,Other,2024-11-16,,0,occurred
3380,NTLA,Other,2024-11-16,,0,occurred
3381,ALNY,Phase2,2024-11-15,,0,occurred
3382,ALT,Other,2024-11-15,,0,occurred
3383,SNDX,Other,2024-11-15,,0,occurred
3384,DTIL,Other,2024-11-15,,0,occurred
3385,GILD,Phase3,2024-11-15,,0,occurred
3386,ABUS,Phase2,2024-11-15,,0,occurred
3387,VIR,Phase2,2024-11-15,,0,occurred
3388,EYEN,Phase3,2024-11-15,,0,occurred
3389,AMGN,Phase3,2024-11-15,,0,occurred
3390,AVIR,Phase2,2024-11-15,,0,occurred
3391,KRON,Other,2024-11-15,,0,occurred
3392,ETNB,Phase2,2024-11-15,,0,occurred
3393,ACIU,Phase2,2024-11-14,,0,occurred
3394,CRVS,Other,2024-11-14,,0,occurred
3395,IMMP,Phase2,2024-11-14,,0,occurred
3396,ADIL,Phase3,2024-11-14,,0,occurred
3397,GSK,Phase3,2024-11-14,,0,occurred
3398,LLY,Phase3,2024-11-14,,0,occurred
3399,ANTX,Phase2,2024-11-14,,0,occurred
3400,RNA,Other,2024-11-13,,0,occurred
3401,GILD,Phase3,2024-11-13,,0,occurred
3402,GILD,Phase2/3,2024-11-13,,0,occurred
3403,ADAP,Phase2,2024-11-13,,0,occurred
3404,LIAN,Phase3,2024-11-13,,0,occurred
3405,ALRN,Other,2024-11-13,,0,occurred
3406,LYRA,Phase3,2024-11-13,,0,occurred
3407,GILD,Phase3,2024-11-13,,0,occurred
3408,INO,Other,2024-11-13,,0,occurred
3409,GILD,Other,2024-11-13,,0,occurred
3410,GSK,Phase2,2024-11-13,,0,occurred
3411,PTCT,Other,2024-11-13,,0,occurred
3412,EVAX,Other,2024-11-12,,0,occurred
3413,SYRE,Other,2024-11-12,,0,occurred
3414,AZN,Phase3,2024-11-12,,0,occurred
3415,EQ,Other,2024-11-12,,0,occurred
3416,BYSI,Phase2,2024-11-11,,0,occurred
3417,ARCT,Other,2024-11-11,,0,occurred
3418,CTXR,Other,2024-11-11,,0,occurred
3419,CRVS,Other,2024-11-11,,0,occurred
3420,IMTX,Other,2024-11-11,,0,occurred
3421,MRK,Phase2,2024-11-11,,0,occurred
3422,NGNE,Other,2024-11-11,,0,occurred
3423,ABBV,Phase2,2024-11-11,,0,occurred
3424,XAIR,Other,2024-11-11,,0,occurred
3425,NVAX,Phase2,2024-11-11,,0,occurred
3426,FATE,Other,2024-11-11,,0,occurred
3427,RLFTF,Other,2024-11-11,,0,occurred
3428,NCNA,Other,2024-11-11,,0,occurred
3429,ZVRA,Phase3,2024-11-11,,0,occurred
3430,FATE,Other,2024-11-11,,0,occurred
3431,APVO,Other,2024-11-11,,0,occurred
3432,IMAB,Other,2024-11-09,,0,occurred
3433,ADAG,Other,2024-11-09,,0,occurred
3434,REPL,Phase3,2024-11-09,,0,occurred
3435,SRRK,Other,2024-11-09,,0,occurred
3436,CUE,Other,2024-11-09,,0,occurred
3437,RCUS,Other,2024-11-09,,0,occurred
3438,CGEN,Other,2024-11-08,,0,occurred
3439,MURA,Other,2024-11-08,,0,occurred
3440,CUE,Other,2024-11-08,,0,occurred
3441,ALKS,Other,2024-11-08,,0,occurred
3442,AUTL,Other,2024-11-08,,0,occurred
3443,MRNA,Other,2024-11-08,,0,occurred
3444,IPHA,Other,2024-11-08,,0,occurred
3445,AMGN,Phase3,2024-11-08,,0,occurred
3446,CADL,Other,2024-11-08,,0,occurred
3447,CARM,Other,2024-11-08,,0,occurred
3448,CMPX,Other,2024-11-08,,0,occurred
3449,AZN,Phase3,2024-11-08,,0,occurred
3450,IOVA,Phase2,2024-11-08,,0,occurred
3451,ANIX,Other,2024-11-08,,0,occurred
3452,VTYX,Phase2,2024-11-08,,0,occurred
3453,IOBT,Phase2,2024-11-07,,0,occurred
3454,HOWL,Other,2024-11-07,,0,occurred
3455,DVAX,Phase2,2024-11-07,,0,occurred
3456,NKTX,Other,2024-11-07,,0,occurred
3457,MOLN,Other,2024-11-07,,0,occurred
3458,MBIO,Other,2024-11-07,,0,occurred
3459,CLLS,Other,2024-11-07,,0,occurred
3460,INKT,Other,2024-11-07,,0,occurred
3461,ALLO,Other,2024-11-07,,0,occurred
3462,YS,Other,2024-11-07,,0,occurred
3463,AVIR,Phase3,2024-11-07,,0,occurred
3464,BOLT,Other,2024-11-07,,0,occurred
3465,BOLT,Other,2024-11-07,,0,occurred
3466,NKTR,Phase2,2024-11-07,,0,occurred
3467,HCM,Phase3,2024-11-06,,0,occurred
3468,CCCC,Other,2024-11-06,,0,occurred
3469,VINC,Phase3,2024-11-06,,0,occurred
3470,TNGX,Other,2024-11-06,,0,occurred
3471,IONS,Phase3,2024-11-06,,0,occurred
3472,NXTC,Other,2024-11-06,,0,occurred
3473,TNGX,Other,2024-11-06,,0,occurred
3474,RCUS,Phase3,2024-11-05,,0,occurred
3475,SANA,Other,2024-11-05,,0,occurred
3476,ITCI,Phase3,2024-11-05,,0,occurred
3477,RYTM,Phase2,2024-11-05,,0,occurred
3478,CRVO,Phase2,2024-11-04,,0,occurred
3479,FBIO,Other,2024-11-04,,0,occurred
3480,XNCR,Other,2024-11-04,,0,occurred
3481,DERM,Other,2024-11-04,,0,occurred
3482,PTN,Other,2024-11-04,,0,occurred
3483,SKYE,Other,2024-11-04,,0,occurred
3484,SUPN,Phase2,2024-11-04,,0,occurred
3485,CRBP,Other,2024-11-04,,0,occurred
3486,CYDY,Phase2,2024-11-04,,0,occurred
3487,GPCR,Phase2,2024-11-04,,0,occurred
3488,SRRK,Other,2024-11-04,,0,occurred
3489,VKTX,Phase2,2024-11-03,,0,occurred
3490,TNXP,Other,2024-11-01,,0,occurred
3491,TEVA,Phase3,2024-11-01,,0,occurred
3492,NVO,Phase3,2024-11-01,,0,occurred
3493,EPIX,Other,2024-11-01,,0,occurred
3494,KYMR,Other,2024-10-31,,0,occurred
3495,MTNB,Phase3,2024-10-31,,0,occurred
3496,BFRI,Phase3,2024-10-31,,0,occurred
3497,MTNB,Phase3,2024-10-31,,0,occurred
3498,ATOS,Phase2,2024-10-31,,0,occurred
3499,INTS,Phase2,2024-10-31,,0,occurred
3500,SUPN,Phase2,2024-10-31,,0,occurred
3501,VINC,Other,2024-10-31,,0,occurred
3502,VCNX,Other,2024-10-31,,0,occurred
3503,ABOS,Phase2,2024-10-31,,0,occurred
3504,CALC,Phase2,2024-10-30,,0,occurred
3505,BMEA,Other,2024-10-30,,0,occurred
3506,BMEA,Other,2024-10-30,,0,occurred
3507,NVO,Other,2024-10-30,,0,occurred
3508,LXEO,Other,2024-10-30,,0,occurred
3509,TLSA,Other,2024-10-30,,0,occurred
3510,NRIX,Other,2024-10-30,,0,occurred
3511,MLYS,Phase3,2024-10-30,,0,occurred
3512,ZLAB,Phase3,2024-10-29,,0,occurred
3513,LGVN,Phase2,2024-10-29,,0,occurred
3514,IMNM,Other,2024-10-29,,0,occurred
3515,GLYC,Phase2,2024-10-29,,0,occurred
3516,NVS,Other,2024-10-29,,0,occurred
3517,ABEO,Other,2024-10-29,,0,occurred
3518,SPRO,Phase2,2024-10-29,,0,occurred
3519,GNPX,Other,2024-10-28,,0,occurred
3520,SHPH,Phase2,2024-10-28,,0,occurred
3521,IRWD,Phase3,2024-10-28,,0,occurred
3522,MIRA,Other,2024-10-28,,0,occurred
3523,LLY,Phase3,2024-10-28,,0,occurred
3524,AGIO,Phase3,2024-10-28,,0,occurred
3525,BCLI,Phase3,2024-10-28,,0,occurred
3526,NVS,Phase3,2024-10-28,,0,occurred
3527,JNJ,Phase3,2024-10-28,,0,occurred
3528,BCDA,Phase3,2024-10-28,,0,occurred
3529,UNCY,Other,2024-10-28,,0,occurred
3530,TYRA,Other,2024-10-28,,0,occurred
3531,CADL,Other,2024-10-28,,0,occurred
3532,LLY,Phase2,2024-10-28,,0,occurred
3533,HUMA,Phase3,2024-10-28,,0,occurred
3534,PLUR,Phase3,2024-10-28,,0,occurred
3535,LGVN,Phase2,2024-10-27,,0,occurred
3536,CLDX,Phase2,2024-10-26,,0,occurred
3537,VERA,Phase2,2024-10-26,,0,occurred
3538,BIIB,Phase2,2024-10-26,,0,occurred
3539,APLS,Phase3,2024-10-26,,0,occurred
3540,ZYME,Other,2024-10-25,,0,occurred
3541,ITRM,Other,2024-10-25,,0,occurred
3542,KURA,Other,2024-10-25,,0,occurred
3543,IDYA,Other,2024-10-25,,0,occurred
3544,ANIP,Other,2024-10-25,,0,occurred
3545,PPBT,Other,2024-10-25,,0,occurred
3546,RLFTF,Other,2024-10-25,,0,occurred
3547,AQST,Phase2,2024-10-25,,0,occurred
3548,TYRA,Other,2024-10-25,,0,occurred
3549,JNJ,Phase3,2024-10-25,,0,occurred
3550,NVCT,Other,2024-10-25,,0,occurred
3551,IRON,Other,2024-10-25,,0,occurred
3552,GILD,Other,2024-10-25,,0,occurred
3553,RVMD,Other,2024-10-25,,0,occurred
3554,ZYME,Other,2024-10-25,,0,occurred
3555,RCUS,Phase2,2024-10-24,,0,occurred
3556,LYEL,Other,2024-10-24,,0,occurred
3557,PROK,Phase2,2024-10-24,,0,occurred
3558,KURA,Other,2024-10-24,,0,occurred
3559,EXAI,Other,2024-10-24,,0,occurred
3560,DTIL,Other,2024-10-24,,0,occurred
3561,APGE,Other,2024-10-24,,0,occurred
3562,PRLD,Other,2024-10-24,,0,occurred
3563,PHVS,Phase2,2024-10-24,,0,occurred
3564,PTN,Phase3,2024-10-24,,0,occurred
3565,REGN,Phase3,2024-10-24,,0,occurred
3566,PTN,Other,2024-10-24,,0,occurred
3567,ZLAB,Other,2024-10-24,,0,occurred
3568,ERAS,Other,2024-10-24,,0,occurred
3569,RXRX,Other,2024-10-24,,0,occurred
3570,BBIO,Other,2024-10-24,,0,occurred
3571,GSK,Phase3,2024-10-24,,0,occurred
3572,MRK,Other,2024-10-24,,0,occurred
3573,EYPT,Phase3,2024-10-24,,0,occurred
3574,SNY,Phase3,2024-10-24,,0,occurred
3575,MRNS,Phase3,2024-10-24,,0,occurred
3576,PFE,Other,2024-10-24,,0,occurred
3577,NTLA,Phase2,2024-10-24,,0,occurred
3578,APRE,Other,2024-10-23,,0,occurred
3579,CATX,Other,2024-10-23,,0,occurred
3580,ORIC,Other,2024-10-23,,0,occurred
3581,MAIA,Other,2024-10-23,,0,occurred
3582,GLUE,Other,2024-10-23,,0,occurred
3583,COGT,Other,2024-10-23,,0,occurred
3584,OKYO,Phase2,2024-10-23,,0,occurred
3585,GANX,Other,2024-10-23,,0,occurred
3586,CYCC,Other,2024-10-23,,0,occurred
3587,SDGR,Other,2024-10-23,,0,occurred
3588,RVMD,Other,2024-10-23,,0,occurred
3589,ANNX,Phase2,2024-10-22,,0,occurred
3590,ANRO,Phase2,2024-10-22,,0,occurred
3591,MOLN,Other,2024-10-22,,0,occurred
3592,ALVO,Other,2024-10-22,,0,occurred
3593,TEVA,Other,2024-10-22,,0,occurred
3594,IMUX,Phase3,2024-10-22,,0,occurred
3595,GYRE,Phase3,2024-10-22,,0,occurred
3596,RXRX,Phase2,2024-10-22,,0,occurred
3597,GNLX,Phase2,2024-10-22,,0,occurred
3598,MNPR,Other,2024-10-22,,0,occurred
3599,PFE,Other,2024-10-22,,0,occurred
3600,RGNX,Phase2,2024-10-21,,0,occurred
3601,ABBV,Other,2024-10-21,,0,occurred
3602,AMRX,Other,2024-10-21,,0,occurred
3603,MDGL,Phase3,2024-10-21,,0,occurred
3604,NRIX,Other,2024-10-21,,0,occurred
3605,OCGN,Other,2024-10-21,,0,occurred
3606,NVO,Phase3,2024-10-21,,0,occurred
3607,TARA,Phase3,2024-10-21,,0,occurred
3608,PYPD,Phase3,2024-10-21,,0,occurred
3609,ACXP,Phase2,2024-10-21,,0,occurred
3610,REGN,Phase3,2024-10-21,,0,occurred
3611,RHHBY,Phase3,2024-10-21,,0,occurred
3612,ABBV,Other,2024-10-21,,0,occurred
3613,RGNX,Other,2024-10-21,,0,occurred
3614,CLSD,Other,2024-10-21,,0,occurred
3615,GILD,Phase2,2024-10-21,,0,occurred
3616,MRK,Phase2,2024-10-21,,0,occurred
3617,MRK,Phase2/3,2024-10-18,,0,occurred
3618,KZR,Phase2,2024-10-18,,0,occurred
3619,PFE,Other,2024-10-18,,0,occurred
3620,KZR,Phase2,2024-10-17,,0,occurred
3621,ABBV,Other,2024-10-17,,0,occurred
3622,AVDL,Other,2024-10-17,,0,occurred
3623,AURA,Other,2024-10-17,,0,occurred
3624,AMLX,Phase2,2024-10-17,,0,occurred
3625,RANI,Other,2024-10-17,,0,occurred
3626,LGND,Phase3,2024-10-17,,0,occurred
3627,AVXL,Phase2,2024-10-17,,0,occurred
3628,MRNS,Phase3,2024-10-17,,0,occurred
3629,VSTM,Phase3,2024-10-17,,0,occurred
3630,CGEM,Other,2024-10-16,,0,occurred
3631,DRUG,Other,2024-10-16,,0,occurred
3632,WVE,Other,2024-10-16,,0,occurred
3633,AZN,Phase2,2024-10-16,,0,occurred
3634,HCM,Phase2,2024-10-16,,0,occurred
3635,ACET,Other,2024-10-16,,0,occurred
3636,PHIO,Other,2024-10-16,,0,occurred
3637,NVCR,Other,2024-10-16,,0,occurred
3638,GRI,Other,2024-10-16,,0,occurred
3639,JNJ,Phase2/3,2024-10-15,,0,occurred
3640,ENVB,Other,2024-10-15,,0,occurred
3641,VTYX,Phase2,2024-10-15,,0,occurred
3642,GNPX,Other,2024-10-15,,0,occurred
3643,ZLAB,Other,2024-10-15,,0,occurred
3644,LYRA,Phase3,2024-10-15,,0,occurred
3645,AMGN,Phase3,2024-10-15,,0,occurred
3646,JAZZ,Phase3,2024-10-15,,0,occurred
3647,MGTX,Other,2024-10-15,,0,occurred
3648,ANVS,Phase2/3,2024-10-15,,0,occurred
3649,NVCR,Other,2024-10-15,,0,occurred
3650,RPTX,Other,2024-10-14,,0,occurred
3651,LLY,Phase3,2024-10-14,,0,occurred
3652,RHHBY,Phase3,2024-10-14,,0,occurred
3653,GSK,Phase3,2024-10-14,,0,occurred
3654,BNTC,Other,2024-10-12,,0,occurred
3655,CATX,Other,2024-10-11,,0,occurred
3656,BCAB,Phase2,2024-10-11,,0,occurred
3657,PFE,Other,2024-10-11,,0,occurred
3658,JNJ,Other,2024-10-10,,0,occurred
3659,FHTX,Other,2024-10-10,,0,occurred
3660,NVS,Other,2024-10-10,,0,occurred
3661,CRDF,Phase2,2024-10-10,,0,occurred
3662,RHHBY,Other,2024-10-10,,0,occurred
3663,LLY,Other,2024-10-10,,0,occurred
3664,PFE,Phase2,2024-10-10,,0,occurred
3665,ALLK,Other,2024-10-10,,0,occurred
3666,VKTX,Other,2024-10-09,,0,occurred
3667,OCGN,Other,2024-10-09,,0,occurred
3668,DYN,Other,2024-10-09,,0,occurred
3669,ZLDPF,Other,2024-10-09,,0,occurred
3670,PEPG,Phase2,2024-10-09,,0,occurred
3671,VTRS,Phase3,2024-10-09,,0,occurred
3672,ALNY,Other,2024-10-09,,0,occurred
3673,BIIB,Phase3,2024-10-09,,0,occurred
3674,TRDA,Other,2024-10-09,,0,occurred
3675,TEVA,Other,2024-10-08,,0,occurred
3676,INSM,Phase3,2024-10-08,,0,occurred
3677,PHIO,Other,2024-10-08,,0,occurred
3678,OGEN,Phase2,2024-10-08,,0,occurred
3679,AVTX,Phase2,2024-10-08,,0,occurred
3680,SAGE,Phase2,2024-10-08,,0,occurred
3681,MRK,Phase3,2024-10-08,,0,occurred
3682,GANX,Other,2024-10-07,,0,occurred
3683,VINC,Other,2024-10-07,,0,occurred
3684,BDTX,Other,2024-10-07,,0,occurred
3685,RARE,Phase2/3,2024-10-07,,0,occurred
3686,KRRO,Other,2024-10-07,,0,occurred
3687,AZN,Phase3,2024-10-07,,0,occurred
3688,BFRI,Other,2024-10-07,,0,occurred
3689,PHVS,Phase2,2024-10-05,,0,occurred
3690,BMY,Other,2024-10-04,,0,occurred
3691,RARE,Other,2024-10-04,,0,occurred
3692,RNA,Phase3,2024-10-03,,0,occurred
3693,ABVX,Phase2,2024-10-03,,0,occurred
3694,THTX,Phase2,2024-10-03,,0,occurred
3695,TOVX,Other,2024-10-03,,0,occurred
3696,BMY,Other,2024-10-03,,0,occurred
3697,IONS,Phase2,2024-10-03,,0,occurred
3698,KZIA,Other,2024-10-02,,0,occurred
3699,URGN,Phase3,2024-10-02,,0,occurred
3700,PDSB,Phase2,2024-10-02,,0,occurred
3701,PSTV,Phase2,2024-10-01,,0,occurred
3702,IONS,Other,2024-10-01,,0,occurred
3703,IRWD,Phase2,2024-09-30,,0,occurred
3704,RDHL,Phase2/3,2024-09-30,,0,occurred
3705,MRNA,Phase3,2024-09-30,,0,occurred
3706,ARCT,Phase3,2024-09-30,,0,occurred
3707,MNKD,Phase3,2024-09-30,,0,occurred
3708,RPTX,Other,2024-09-30,,0,occurred
3709,GRTS,Phase2/3,2024-09-30,,0,occurred
3710,AQST,Other,2024-09-30,,0,occurred
3711,NRXP,Phase3,2024-09-30,,0,occurred
3712,ELVN,Other,2024-09-28,,0,occurred
3713,JNJ,Other,2024-09-27,,0,occurred
3714,REGN,Other,2024-09-27,,0,occurred
3715,GEHC,Other,2024-09-27,,0,occurred
3716,LNTH,Other,2024-09-27,,0,occurred
3717,ALMS,Phase2,2024-09-27,,0,occurred
3718,BMY,Other,2024-09-27,,0,occurred
3719,ABBV,Other,2024-09-27,,0,occurred
3720,JNJ,Other,2024-09-27,,0,occurred
3721,CNTA,Other,2024-09-26,,0,occurred
3722,AZN,Other,2024-09-26,,0,occurred
3723,ANIP,Other,2024-09-26,,0,occurred
3724,INMB,Other,2024-09-26,,0,occurred
3725,OVID,Other,2024-09-26,,0,occurred
3726,ABBV,Phase3,2024-09-26,,0,occurred
3727,RHHBY,Phase3,2024-09-26,,0,occurred
3728,ENGN,Other,2024-09-26,,0,occurred
3729,BMEA,Phase2,2024-09-26,,0,occurred
3730,ABVX,Other,2024-09-25,,0,occurred
3731,JNJ,Other,2024-09-25,,0,occurred
3732,HRTX,Other,2024-09-25,,0,occurred
3733,ORKA,Other,2024-09-25,,0,occurred
3734,MRK,Phase3,2024-09-25,,0,occurred
3735,CDTX,Other,2024-09-25,,0,occurred
3736,CLDX,Phase2,2024-09-25,,0,occurred
3737,ARQT,Phase3,2024-09-25,,0,occurred
3738,TECX,Other,2024-09-24,,0,occurred
3739,HOOK,Other,2024-09-24,,0,occurred
3740,CAPR,Phase3,2024-09-24,,0,occurred
3741,RHHBY,Other,2024-09-24,,0,occurred
3742,WVE,Other,2024-09-24,,0,occurred
3743,KRON,Other,2024-09-23,,0,occurred
3744,SPRC,Other,2024-09-23,,0,occurred
3745,IDYA,Phase2,2024-09-23,,0,occurred
3746,BDTX,Phase2,2024-09-23,,0,occurred
3747,ASMB,Other,2024-09-23,,0,occurred
3748,QURE,Other,2024-09-23,,0,occurred
3749,KZIA,Other,2024-09-23,,0,occurred
3750,NVO,Phase2,2024-09-20,,0,occurred
3751,SNY,Other,2024-09-20,,0,occurred
3752,AZN,Other,2024-09-20,,0,occurred
3753,JNJ,Other,2024-09-20,,0,occurred
3754,AZN,Other,2024-09-19,,0,occurred
3755,ALGS,Phase2,2024-09-19,,0,occurred
3756,EWTX,Phase2,2024-09-19,,0,occurred
3757,JNJ,Other,2024-09-19,,0,occurred
3758,IMUX,Phase2,2024-09-18,,0,occurred
3759,TGTX,Phase3,2024-09-18,,0,occurred
3760,AZN,Other,2024-09-18,,0,occurred
3761,RHHBY,Phase3,2024-09-18,,0,occurred
3762,LSTA,Phase2,2024-09-17,,0,occurred
3763,ACRS,Phase2,2024-09-17,,0,occurred
3764,NVS,Other,2024-09-17,,0,occurred
3765,INMB,Phase2,2024-09-17,,0,occurred
3766,ONC,Other,2024-09-17,,0,occurred
3767,MRK,Phase3,2024-09-17,,0,occurred
3768,MRK,Phase3,2024-09-16,,0,occurred
3769,JNJ,Phase2,2024-09-16,,0,occurred
3770,GMAB,Other,2024-09-16,,0,occurred
3771,PASG,Other,2024-09-16,,0,occurred
3772,GSK,Phase2,2024-09-16,,0,occurred
3773,SMMT,Phase2,2024-09-16,,0,occurred
3774,COYA,Other,2024-09-16,,0,occurred
3775,EVAX,Phase2,2024-09-16,,0,occurred
3776,MRK,Phase2,2024-09-16,,0,occurred
3777,ASND,Other,2024-09-16,,0,occurred
3778,ZYME,Phase2,2024-09-16,,0,occurred
3779,IMTX,Other,2024-09-16,,0,occurred
3780,JNJ,Phase2,2024-09-16,,0,occurred
3781,ITOS,Phase2,2024-09-16,,0,occurred
3782,DCTH,Other,2024-09-16,,0,occurred
3783,PDSB,Phase2,2024-09-16,,0,occurred
3784,IOBT,Phase2,2024-09-16,,0,occurred
3785,IPSEY,Phase3,2024-09-16,,0,occurred
3786,MRK,Phase3,2024-09-16,,0,occurred
3787,ZNTL,Phase2,2024-09-16,,0,occurred
3788,NCNA,Other,2024-09-16,,0,occurred
3789,SMMT,Phase2,2024-09-16,,0,occurred
3790,BYSI,Phase3,2024-09-16,,0,occurred
3791,EXEL,Phase3,2024-09-16,,0,occurred
3792,MRK,Phase3,2024-09-16,,0,occurred
3793,MRK,Phase3,2024-09-16,,0,occurred
3794,ASND,Phase3,2024-09-16,,0,occurred
3795,SMMT,Phase2,2024-09-16,,0,occurred
3796,AMGN,Other,2024-09-15,,0,occurred
3797,LLY,Phase3,2024-09-15,,0,occurred
3798,MGNX,Phase2,2024-09-15,,0,occurred
3799,AZN,Phase3,2024-09-15,,0,occurred
3800,ZNTL,Other,2024-09-15,,0,occurred
3801,LNTH,Phase3,2024-09-15,,0,occurred
3802,ZLAB,Other,2024-09-14,,0,occurred
3803,RPTX,Other,2024-09-14,,0,occurred
3804,PFE,Phase2,2024-09-14,,0,occurred
3805,INCY,Phase3,2024-09-14,,0,occurred
3806,BCAB,Phase2,2024-09-14,,0,occurred
3807,BCYC,Other,2024-09-14,,0,occurred
3808,IMCR,Other,2024-09-14,,0,occurred
3809,INCY,Other,2024-09-14,,0,occurred
3810,ACRV,Phase2,2024-09-14,,0,occurred
3811,BNTX,Phase2,2024-09-14,,0,occurred
3812,PFE,Other,2024-09-14,,0,occurred
3813,CCCC,Other,2024-09-13,,0,occurred
3814,BNTX,Other,2024-09-13,,0,occurred
3815,REGN,Other,2024-09-13,,0,occurred
3816,PFE,Other,2024-09-13,,0,occurred
3817,LLY,Other,2024-09-13,,0,occurred
3818,HALO,Other,2024-09-13,,0,occurred
3819,CVAC,Other,2024-09-13,,0,occurred
3820,RHHBY,Other,2024-09-13,,0,occurred
3821,CVAC,Phase2,2024-09-12,,0,occurred
3822,SNY,Phase3,2024-09-12,,0,occurred
3823,GSK,Phase2,2024-09-12,,0,occurred
3824,FULC,Phase3,2024-09-12,,0,occurred
3825,ONCT,Other,2024-09-12,,0,occurred
3826,DRUG,Phase2,2024-09-12,,0,occurred
3827,HALO,Other,2024-09-12,,0,occurred
3828,ONCT,Other,2024-09-12,,0,occurred
3829,IPHA,Other,2024-09-12,,0,occurred
3830,NBIX,Phase2,2024-09-12,,0,occurred
3831,AURA,Phase2,2024-09-12,,0,occurred
3832,RHHBY,Other,2024-09-12,,0,occurred
3833,OSTX,Other,2024-09-11,,0,occurred
3834,NVS,Other,2024-09-11,,0,occurred
3835,MRK,Phase3,2024-09-11,,0,occurred
3836,AMRN,Other,2024-09-11,,0,occurred
3837,GSK,Other,2024-09-11,,0,occurred
3838,BCTX,Phase2,2024-09-11,,0,occurred
3839,AGIO,Phase2,2024-09-11,,0,occurred
3840,REGN,Phase3,2024-09-11,,0,occurred
3841,JNJ,Other,2024-09-11,,0,occurred
3842,KTRA,Phase3,2024-09-11,,0,occurred
3843,SNY,Phase3,2024-09-11,,0,occurred
3844,NUVB,Phase2,2024-09-10,,0,occurred
3845,CNTA,Other,2024-09-10,,0,occurred
3846,LXRX,Phase3,2024-09-10,,0,occurred
3847,BBIO,Other,2024-09-10,,0,occurred
3848,TFFP,Other,2024-09-10,,0,occurred
3849,NUVB,Phase2,2024-09-10,,0,occurred
3850,VRDN,Phase3,2024-09-10,,0,occurred
3851,TERN,Other,2024-09-09,,0,occurred
3852,IBRX,Phase2,2024-09-09,,0,occurred
3853,NUVL,Other,2024-09-09,,0,occurred
3854,AGEN,Other,2024-09-09,,0,occurred
3855,LLY,Phase3,2024-09-09,,0,occurred
3856,AVBP,Other,2024-09-09,,0,occurred
3857,AMGN,Phase2,2024-09-09,,0,occurred
3858,XNCR,Other,2024-09-09,,0,occurred
3859,AMGN,Other,2024-09-09,,0,occurred
3860,XNCR,Other,2024-09-09,,0,occurred
3861,MBRX,Phase2,2024-09-09,,0,occurred
3862,MRK,Phase2,2024-09-09,,0,occurred
3863,REGN,Other,2024-09-09,,0,occurred
3864,OABI,Phase2,2024-09-09,,0,occurred
3865,PHGE,Other,2024-09-09,,0,occurred
3866,CTMX,Other,2024-09-09,,0,occurred
3867,LLY,Phase3,2024-09-09,,0,occurred
3868,EVAX,Other,2024-09-09,,0,occurred
3869,IMVT,Phase2,2024-09-09,,0,occurred
3870,IPHA,Phase2,2024-09-09,,0,occurred
3871,NUVL,Other,2024-09-09,,0,occurred
3872,SPRY,Other,2024-09-09,,0,occurred
3873,CYTK,Other,2024-09-08,,0,occurred
3874,LBPH,Other,2024-09-08,,0,occurred
3875,SMMT,Phase3,2024-09-08,,0,occurred
3876,AXGN,Other,2024-09-06,,0,occurred
3877,VTYX,Phase2,2024-09-06,,0,occurred
3878,GSK,Phase3,2024-09-06,,0,occurred
3879,YMAB,Phase2,2024-09-06,,0,occurred
3880,ARQT,Other,2024-09-05,,0,occurred
3881,LLY,Phase3,2024-09-05,,0,occurred
3882,BTAI,Phase3,2024-09-05,,0,occurred
3883,RIGL,Other,2024-09-05,,0,occurred
3884,TVTX,Other,2024-09-05,,0,occurred
3885,LLY,Phase3,2024-09-05,,0,occurred
3886,LGND,Other,2024-09-05,,0,occurred
3887,ALXO,Other,2024-09-04,,0,occurred
3888,SNY,Other,2024-09-04,,0,occurred
3889,INDV,Phase2,2024-09-04,,0,occurred
3890,ELDN,Phase2,2024-09-04,,0,occurred
3891,PCVX,Other,2024-09-03,,0,occurred
3892,PRAX,Phase2,2024-09-03,,0,occurred
3893,UNCY,Other,2024-09-03,,0,occurred
3894,IFRX,Other,2024-09-03,,0,occurred
3895,CRBU,Other,2024-09-03,,0,occurred
3896,RGNX,Phase3,2024-09-03,,0,occurred
3897,VALN,Phase2,2024-09-03,,0,occurred
3898,ATHA,Phase2/3,2024-09-03,,0,occurred
3899,RNAC,Other,2024-09-03,,0,occurred
3900,PFE,Phase2,2024-09-03,,0,occurred
3901,IOBT,Phase3,2024-08-30,,0,occurred
3902,EBS,Other,2024-08-30,,0,occurred
3903,SCLX,Other,2024-08-29,,0,occurred
3904,NCNA,Phase2,2024-08-29,,0,occurred
3905,JNJ,Other,2024-08-29,,0,occurred
3906,NVS,Phase3,2024-08-28,,0,occurred
3907,NBIX,Phase2,2024-08-28,,0,occurred
3908,VXRT,Other,2024-08-28,,0,occurred
3909,AZTR,Other,2024-08-28,,0,occurred
3910,KRYS,Other,2024-08-28,,0,occurred
3911,ENSC,Other,2024-08-27,,0,occurred
3912,CSCI,Phase3,2024-08-27,,0,occurred
3913,VCEL,Other,2024-08-26,,0,occurred
3914,DARE,Phase2,2024-08-26,,0,occurred
3915,RDHL,Phase2,2024-08-26,,0,occurred
3916,VTRS,Phase2,2024-08-23,,0,occurred
3917,PFE,Other,2024-08-22,,0,occurred
3918,MRNA,Other,2024-08-22,,0,occurred
3919,JAZZ,Phase3,2024-08-22,,0,occurred
3920,ALKS,Phase2,2024-08-22,,0,occurred
3921,CGTX,Phase2,2024-08-22,,0,occurred
3922,BNTX,Other,2024-08-22,,0,occurred
3923,BPTH,Phase2,2024-08-21,,0,occurred
3924,AADI,Phase2,2024-08-20,,0,occurred
3925,AMRX,Other,2024-08-20,,0,occurred
3926,REGN,Other,2024-08-20,,0,occurred
3927,TNXP,Phase2,2024-08-20,,0,occurred
3928,JNJ,Other,2024-08-20,,0,occurred
3929,SPRC,Other,2024-08-20,,0,occurred
3930,RDHL,Other,2024-08-19,,0,occurred
3931,PCSA,Other,2024-08-19,,0,occurred
3932,GLUE,Other,2024-08-19,,0,occurred
3933,LQDA,Other,2024-08-19,,0,occurred
3934,APGE,Other,2024-08-19,,0,occurred
3935,SONN,Other,2024-08-19,,0,occurred
3936,PFE,Phase2,2024-08-16,,0,occurred
3937,AZN,Other,2024-08-16,,0,occurred
3938,VCEL,Other,2024-08-15,,0,occurred
3939,MDWD,Other,2024-08-15,,0,occurred
3940,SIGA,Phase2,2024-08-15,,0,occurred
3941,VIRX,Phase2,2024-08-14,,0,occurred
3942,GILD,Other,2024-08-14,,0,occurred
3943,KZR,Other,2024-08-13,,0,occurred
3944,ATAI,Other,2024-08-13,,0,occurred
3945,ALMS,Phase3,2024-08-13,,0,occurred
3946,SLRN,Phase3,2024-08-13,,0,occurred
3947,SCPH,Other,2024-08-12,,0,occurred
3948,SYRS,Phase2,2024-08-12,,0,occurred
3949,AMLX,Phase2,2024-08-12,,0,occurred
3950,SCPH,Other,2024-08-12,,0,occurred
3951,NVS,Other,2024-08-12,,0,occurred
3952,CMPX,Phase2,2024-08-12,,0,occurred
3953,ASND,Other,2024-08-12,,0,occurred
3954,RNA,Other,2024-08-09,,0,occurred
3955,SPRY,Other,2024-08-09,,0,occurred
3956,NVS,Other,2024-08-08,,0,occurred
3957,CTXR,Other,2024-08-08,,0,occurred
3958,ANTX,Phase2/3,2024-08-08,,0,occurred
3959,ALDX,Phase3,2024-08-08,,0,occurred
3960,CARM,Other,2024-08-08,,0,occurred
3961,AMRX,Other,2024-08-07,,0,occurred
3962,AGIO,Other,2024-08-07,,0,occurred
3963,EYPT,Phase2,2024-08-07,,0,occurred
3964,EQ,Phase3,2024-08-06,,0,occurred
3965,CLNN,Phase2,2024-08-06,,0,occurred
3966,TFFP,Phase2,2024-08-06,,0,occurred
3967,IXHL,Phase2,2024-08-05,,0,occurred
3968,RZLT,Phase3,2024-08-05,,0,occurred
3969,XOMA,Phase3,2024-08-05,,0,occurred
3970,ATNM,Phase3,2024-08-05,,0,occurred
3971,ZVRA,PDUFA,2024-08-02,,0,occurred
3972,XOMA,PDUFA,2024-08-02,,0,occurred
3973,CLSD,Phase2,2024-08-01,,0,occurred
3974,ADAP,Other,2024-08-01,,0,occurred
3975,JAGX,Phase2,2024-08-01,,0,occurred
3976,PDSB,Phase3,2024-08-01,,0,occurred
3977,RDHL,Phase3,2024-08-01,,0,occurred
3978,RHHBY,Phase3,2024-08-01,,0,occurred
3979,IONS,Phase3,2024-08-01,,0,occurred
3980,LBPH,Other,2024-08-01,,0,occurred
3981,RGNX,Phase2,2024-08-01,,0,occurred
3982,GSK,Other,2024-08-01,,0,occurred
3983,HCM,Other,2024-07-31,,0,occurred
3984,ACHV,Phase2,2024-07-31,,0,occurred
3985,HCM,Phase2,2024-07-31,,0,occurred
3986,JNJ,Other,2024-07-31,,0,occurred
3987,FGEN,Phase3,2024-07-30,,0,occurred
3988,REGN,Phase2,2024-07-30,,0,occurred
3989,PTCT,Other,2024-07-30,,0,occurred
3990,FGEN,Phase2/3,2024-07-30,,0,occurred
3991,SNY,Phase2,2024-07-30,,0,occurred
3992,BNTX,Phase2,2024-07-30,,0,occurred
3993,INCY,Other,2024-07-30,,0,occurred
3994,AVXL,Other,2024-07-30,,0,occurred
3995,ABOS,Other,2024-07-29,,0,occurred
3996,VSTM,Other,2024-07-29,,0,occurred
3997,HALO,Other,2024-07-29,,0,occurred
3998,ZVSA,Other,2024-07-29,,0,occurred
3999,GILD,Other,2024-07-29,,0,occurred
4000,CGEN,Other,2024-07-29,,0,occurred
4001,AMRX,Other,2024-07-29,,0,occurred
4002,ABOS,Other,2024-07-28,,0,occurred
4003,VTVT,Phase3,2024-07-26,,0,occurred
4004,CALT,Phase2,2024-07-26,,0,occurred
4005,CVM,Phase3,2024-07-26,,0,occurred
4006,VRDN,Other,2024-07-25,,0,occurred
4007,CLLS,Other,2024-07-25,,0,occurred
4008,ZVSA,Other,2024-07-25,,0,occurred
4009,MIRM,Other,2024-07-25,,0,occurred
4010,ATNM,Other,2024-07-25,,0,occurred
4011,ACIU,Other,2024-07-25,,0,occurred
4012,GILD,Other,2024-07-25,,0,occurred
4013,AQST,Phase3,2024-07-25,,0,occurred
4014,CRVS,Other,2024-07-25,,0,occurred
4015,BCDA,Phase3,2024-07-25,,0,occurred
4016,JNJ,Other,2024-07-25,,0,occurred
4017,BIIB,Phase2,2024-07-24,,0,occurred
4018,MRUS,Phase3,2024-07-24,,0,occurred
4019,TLSA,Phase2,2024-07-24,,0,occurred
4020,GILD,Phase3,2024-07-24,,0,occurred
4021,SGMO,Phase3,2024-07-24,,0,occurred
4022,SAGE,Phase2,2024-07-24,,0,occurred
4023,BMRN,Other,2024-07-24,,0,occurred
4024,SONN,Other,2024-07-24,,0,occurred
4025,OSTX,Other,2024-07-24,,0,occurred
4026,ARQT,Other,2024-07-23,,0,occurred
4027,VIRI,Phase2,2024-07-23,,0,occurred
4028,ANIX,Other,2024-07-23,,0,occurred
4029,CLRB,Phase2,2024-07-23,,0,occurred
4030,RYTM,Phase2,2024-07-23,,0,occurred
4031,IONS,Other,2024-07-22,,0,occurred
4032,JNJ,Phase2,2024-07-22,,0,occurred
4033,MESO,Phase3,2024-07-22,,0,occurred
4034,ZYME,Other,2024-07-22,,0,occurred
4035,ADXN,Phase2,2024-07-22,,0,occurred
4036,BIIB,Other,2024-07-22,,0,occurred
4037,NUVL,Other,2024-07-22,,0,occurred
4038,MIRA,Other,2024-07-22,,0,occurred
4039,EDAP,Phase3,2024-07-19,,0,occurred
4040,BNOX,Phase3,2024-07-18,,0,occurred
4041,PHAT,Other,2024-07-18,,0,occurred
4042,VIGL,Phase2,2024-07-18,,0,occurred
4043,OCUL,Other,2024-07-18,,0,occurred
4044,BIOR,Other,2024-07-18,,0,occurred
4045,RHHBY,Other,2024-07-17,,0,occurred
4046,CLDX,Phase3,2024-07-16,,0,occurred
4047,CLDX,Phase3,2024-07-16,,0,occurred
4048,KYTX,Phase2,2024-07-15,,0,occurred
4049,ADXN,Other,2024-07-15,,0,occurred
4050,LXEO,Other,2024-07-15,,0,occurred
4051,LXEO,Other,2024-07-15,,0,occurred
4052,MIRA,Other,2024-07-15,,0,occurred
4053,ANIP,Other,2024-07-15,,0,occurred
4054,VSTM,Other,2024-07-12,,0,occurred
4055,ABBV,Other,2024-07-12,,0,occurred
4056,PFE,Other,2024-07-11,,0,occurred
4057,NVO,Other,2024-07-11,,0,occurred
4058,OKYO,Phase2,2024-07-10,,0,occurred
4059,KNSA,Phase2,2024-07-09,,0,occurred
4060,ARQT,PDUFA,2024-07-09,,0,occurred
4061,SXTP,Phase2,2024-07-09,,0,occurred
4062,QURE,Other,2024-07-09,,0,occurred
4063,ARQT,Other,2024-07-09,,0,occurred
4064,LSTA,Other,2024-07-09,,0,occurred
4065,HLVX,Phase2,2024-07-08,,0,occurred
4066,IDYA,Phase2,2024-07-08,,0,occurred
4067,RHHBY,Other,2024-07-08,,0,occurred
4068,AVTE,Phase3,2024-07-08,,0,occurred
4069,PHIO,Other,2024-07-08,,0,occurred
4070,SNY,Phase2,2024-07-08,,0,occurred
4071,BCDA,Phase2,2024-07-08,,0,occurred
4072,KYMR,Phase2,2024-07-08,,0,occurred
4073,IVA,Phase3,2024-07-05,,0,occurred
4074,RHHBY,Other,2024-07-05,,0,occurred
4075,RHHBY,Phase2/3,2024-07-04,,0,occurred
4076,INZY,Other,2024-07-02,,0,occurred
4077,ALVO,Other,2024-07-02,,0,occurred
4078,LLY,Other,2024-07-02,,0,occurred
4079,ANVS,Phase3,2024-07-02,,0,occurred
4080,ANIP,Other,2024-07-02,,0,occurred
4081,OVID,Other,2024-07-01,,0,occurred
4082,TCON,Phase3,2024-07-01,,0,occurred
4083,ARCT,Phase2,2024-07-01,,0,occurred
4084,AGEN,Phase2,2024-06-28,,0,occurred
4085,RCKT,Other,2024-06-28,,0,occurred
4086,MIRM,Phase2,2024-06-28,,0,occurred
4087,MRK,Other,2024-06-28,,0,occurred
4088,NLSP,Other,2024-06-27,,0,occurred
4089,NLSP,Other,2024-06-27,,0,occurred
4090,ABBV,Other,2024-06-27,,0,occurred
4091,ONCY,Phase2,2024-06-27,,0,occurred
4092,XFOR,Phase2,2024-06-27,,0,occurred
4093,GMAB,Other,2024-06-27,,0,occurred
4094,RPTX,Other,2024-06-26,,0,occurred
4095,NVO,Phase3,2024-06-26,,0,occurred
4096,VRNA,Other,2024-06-26,,0,occurred
4097,LYEL,Other,2024-06-26,,0,occurred
4098,LGND,Other,2024-06-26,,0,occurred
4099,LPCN,Phase3,2024-06-25,,0,occurred
4100,AZN,Phase3,2024-06-25,,0,occurred
4101,ARGX,Phase2,2024-06-25,,0,occurred
4102,WVE,Other,2024-06-25,,0,occurred
4103,ANNX,Phase3,2024-06-25,,0,occurred
4104,BTAI,Phase3,2024-06-25,,0,occurred
4105,QNCX,Phase3,2024-06-25,,0,occurred
4106,HRMY,Other,2024-06-24,,0,occurred
4107,FDMT,Other,2024-06-24,,0,occurred
4108,DYN,Other,2024-06-24,,0,occurred
4109,ASND,Phase2,2024-06-24,,0,occurred
4110,KURA,Other,2024-06-24,,0,occurred
4111,PBLA,Phase2/3,2024-06-24,,0,occurred
4112,REVB,Other,2024-06-24,,0,occurred
4113,NVO,Phase3,2024-06-23,,0,occurred
4114,TERN,Other,2024-06-23,,0,occurred
4115,XOMA,Phase2,2024-06-22,,0,occurred
4116,TAK,Phase2,2024-06-22,,0,occurred
4117,CLNN,Other,2024-06-21,,0,occurred
4118,JNJ,Other,2024-06-21,,0,occurred
4119,VRTX,Other,2024-06-21,,0,occurred
4120,ARGX,Other,2024-06-21,,0,occurred
4121,ARVN,Other,2024-06-21,,0,occurred
4122,JNJ,Other,2024-06-21,,0,occurred
4123,RHHBY,Other,2024-06-21,,0,occurred
4124,BMY,Other,2024-06-21,,0,occurred
4125,SRPT,Other,2024-06-21,,0,occurred
4126,TPST,Other,2024-06-20,,0,occurred
4127,JAZZ,Phase2,2024-06-20,,0,occurred
4128,OCGN,Phase3,2024-06-20,,0,occurred
4129,MNMD,Phase2,2024-06-20,,0,occurred
4130,TRVN,Other,2024-06-20,,0,occurred
4131,TRVN,Other,2024-06-20,,0,occurred
4132,ALLO,Phase2,2024-06-20,,0,occurred
4133,PTCT,Phase2,2024-06-20,,0,occurred
4134,RHHBY,Other,2024-06-20,,0,occurred
4135,ATAI,Other,2024-06-20,,0,occurred
4136,LXRX,Phase2,2024-06-19,,0,occurred
4137,XBIT,Other,2024-06-18,,0,occurred
4138,AZN,Phase3,2024-06-18,,0,occurred
4139,CGON,Phase3,2024-06-18,,0,occurred
4140,MRK,Other,2024-06-18,,0,occurred
4141,ERAS,Phase3,2024-06-18,,0,occurred
4142,LGND,Other,2024-06-18,,0,occurred
4143,ABBV,Other,2024-06-18,,0,occurred
4144,TSHA,Other,2024-06-18,,0,occurred
4145,PYPD,Phase3,2024-06-18,,0,occurred
4146,RLMD,Phase3,2024-06-18,,0,occurred
4147,IMCR,Phase3,2024-06-18,,0,occurred
4148,ATNM,Other,2024-06-17,,0,occurred
4149,AZN,Other,2024-06-17,,0,occurred
4150,JNJ,Phase2,2024-06-17,,0,occurred
4151,MRK,Other,2024-06-17,,0,occurred
4152,MBIO,Other,2024-06-17,,0,occurred
4153,OVID,Phase3,2024-06-17,,0,occurred
4154,RHHBY,Phase3,2024-06-17,,0,occurred
4155,FBIO,Other,2024-06-17,,0,occurred
4156,TAK,Phase3,2024-06-17,,0,occurred
4157,KYMR,Other,2024-06-14,,0,occurred
4158,SNDX,Other,2024-06-14,,0,occurred
4159,HCM,Other,2024-06-14,,0,occurred
4160,STTK,Other,2024-06-14,,0,occurred
4161,EDIT,Other,2024-06-14,,0,occurred
4162,GILD,Phase2,2024-06-14,,0,occurred
4163,AMGN,Other,2024-06-14,,0,occurred
4164,DYN,Other,2024-06-14,,0,occurred
4165,BMY,Other,2024-06-14,,0,occurred
4166,ZURA,Other,2024-06-14,,0,occurred
4167,BPTH,Phase2,2024-06-14,,0,occurred
4168,KROS,Phase2,2024-06-14,,0,occurred
4169,IRON,Other,2024-06-14,,0,occurred
4170,MRNA,Phase3,2024-06-13,,0,occurred
4171,SNY,Other,2024-06-13,,0,occurred
4172,IPHA,Other,2024-06-13,,0,occurred
4173,CARA,Phase2,2024-06-12,,0,occurred
4174,MREO,Phase2/3,2024-06-12,,0,occurred
4175,RARE,Phase2/3,2024-06-12,,0,occurred
4176,PFE,Phase3,2024-06-12,,0,occurred
4177,AZN,Other,2024-06-12,,0,occurred
4178,PFE,Phase3,2024-06-12,,0,occurred
4179,DNTH,Other,2024-06-12,,0,occurred
4180,NKGN,Other,2024-06-12,,0,occurred
4181,NKTR,Other,2024-06-12,,0,occurred
4182,RNA,Other,2024-06-12,,0,occurred
4183,PCSA,Other,2024-06-11,,0,occurred
4184,INDV,Phase2,2024-06-11,,0,occurred
4185,ATNM,Other,2024-06-11,,0,occurred
4186,REGN,Other,2024-06-11,,0,occurred
4187,SAGE,Phase2,2024-06-11,,0,occurred
4188,SNY,Other,2024-06-11,,0,occurred
4189,MRNA,Phase3,2024-06-10,,0,occurred
4190,SKYE,Phase2,2024-06-10,,0,occurred
4191,GNFT,Other,2024-06-10,,0,occurred
4192,LLY,Other,2024-06-10,,0,occurred
4193,RPTX,Phase2,2024-06-10,,0,occurred
4194,IPSEY,Other,2024-06-10,,0,occurred
4195,LLY,Phase2,2024-06-10,,0,occurred
4196,PROK,Phase2,2024-06-10,,0,occurred
4197,SRZN,Other,2024-06-10,,0,occurred
4198,OCS,Phase2,2024-06-10,,0,occurred
4199,MRNA,Other,2024-06-07,,0,occurred
4200,GSK,Other,2024-06-07,,0,occurred
4201,JNJ,Other,2024-06-07,,0,occurred
4202,FDMT,Other,2024-06-06,,0,occurred
4203,GILD,Phase2,2024-06-06,,0,occurred
4204,ABBV,Phase3,2024-06-06,,0,occurred
4205,KALV,Phase3,2024-06-06,,0,occurred
4206,ABBV,Phase2,2024-06-06,,0,occurred
4207,SNDX,Other,2024-06-06,,0,occurred
4208,GERN,Other,2024-06-06,,0,occurred
4209,ABUS,Phase2,2024-06-05,,0,occurred
4210,ASMB,Other,2024-06-05,,0,occurred
4211,BRNS,Phase2,2024-06-05,,0,occurred
4212,IMNN,Other,2024-06-05,,0,occurred
4213,HRMY,Phase2,2024-06-05,,0,occurred
4214,VTYX,Other,2024-06-05,,0,occurred
4215,AZN,Other,2024-06-04,,0,occurred
4216,BMY,Phase3,2024-06-04,,0,occurred
4217,EQ,Phase2,2024-06-04,,0,occurred
4218,BBIO,Phase2,2024-06-04,,0,occurred
4219,AZN,Other,2024-06-03,,0,occurred
4220,BMY,Phase3,2024-06-03,,0,occurred
4221,BMY,Phase3,2024-06-03,,0,occurred
4222,ZLAB,Phase3,2024-06-03,,0,occurred
4223,DNLI,Other,2024-06-03,,0,occurred
4224,ASND,Other,2024-06-03,,0,occurred
4225,LLY,Other,2024-06-03,,0,occurred
4226,NVCR,Phase3,2024-06-03,,0,occurred
4227,KTRA,Other,2024-06-03,,0,occurred
4228,MNOV,Other,2024-06-03,,0,occurred
4229,ZVRA,Phase2,2024-06-03,,0,occurred
4230,ERAS,Other,2024-06-03,,0,occurred
4231,MRK,Phase3,2024-06-03,,0,occurred
4232,CRNX,Phase3,2024-06-03,,0,occurred
4233,GILD,Other,2024-06-03,,0,occurred
4234,ALXO,Other,2024-06-03,,0,occurred
4235,PBYI,Phase3,2024-06-03,,0,occurred
4236,PFE,Phase2,2024-06-03,,0,occurred
4237,MRNA,Phase3,2024-06-03,,0,occurred
4238,CVKD,Phase2/3,2024-06-03,,0,occurred
4239,ENTX,Other,2024-06-03,,0,occurred
4240,DCPH,Phase3,2024-06-03,,0,occurred
4241,SMMT,Phase3,2024-06-03,,0,occurred
4242,PFE,Other,2024-06-03,,0,occurred
4243,FGEN,Other,2024-06-03,,0,occurred
4244,NVS,Other,2024-06-03,,0,occurred
4245,GSK,Phase3,2024-06-03,,0,occurred
4246,MTEM,Other,2024-06-03,,0,occurred
4247,LUMO,Phase2,2024-06-03,,0,occurred
4248,IPSC,Other,2024-06-03,,0,occurred
4249,GMAB,Phase2,2024-06-03,,0,occurred
4250,BTAI,Phase2,2024-06-03,,0,occurred
4251,SPRB,Phase2,2024-06-03,,0,occurred
4252,IDYA,Phase2,2024-06-03,,0,occurred
4253,ALKS,Other,2024-06-03,,0,occurred
4254,GMAB,Phase2,2024-06-03,,0,occurred
4255,MRUS,Phase3,2024-06-03,,0,occurred
4256,GMAB,Phase2,2024-06-03,,0,occurred
4257,ARVN,Other,2024-06-03,,0,occurred
4258,BMY,Phase3,2024-06-03,,0,occurred
4259,PBYI,Phase2,2024-06-03,,0,occurred
4260,GSK,Phase3,2024-06-03,,0,occurred
4261,TAK,Phase2,2024-06-03,,0,occurred
4262,CELU,Other,2024-06-03,,0,occurred
4263,AMGN,Other,2024-06-02,,0,occurred
4264,NBTX,Other,2024-06-02,,0,occurred
4265,MRUS,Other,2024-06-02,,0,occurred
4266,FLGT,Other,2024-06-02,,0,occurred
4267,CRBU,Other,2024-06-02,,0,occurred
4268,KYMR,Other,2024-06-01,,0,occurred
4269,BGNE,Other,2024-06-01,,0,occurred
4270,LLY,Other,2024-06-01,,0,occurred
4271,HOWL,Other,2024-06-01,,0,occurred
4272,HOWL,Other,2024-06-01,,0,occurred
4273,KPTI,Phase3,2024-06-01,,0,occurred
4274,GILD,Phase2,2024-06-01,,0,occurred
4275,ERAS,Other,2024-06-01,,0,occurred
4276,RCUS,Phase2,2024-06-01,,0,occurred
4277,CYCC,Other,2024-06-01,,0,occurred
4278,MRK,Other,2024-06-01,,0,occurred
4279,NVS,Phase3,2024-05-31,,0,occurred
4280,GILD,Phase3,2024-05-31,,0,occurred
4281,MRNA,Other,2024-05-31,,0,occurred
4282,VNDA,Other,2024-05-31,,0,occurred
4283,GILD,Phase3,2024-05-30,,0,occurred
4284,GYRE,Other,2024-05-30,,0,occurred
4285,BMY,Other,2024-05-30,,0,occurred
4286,ASND,Other,2024-05-30,,0,occurred
4287,XERS,Phase2,2024-05-30,,0,occurred
4288,CPRX,Other,2024-05-30,,0,occurred
4289,RARE,Phase3,2024-05-30,,0,occurred
4290,TEVA,Other,2024-05-29,,0,occurred
4291,MIST,PDUFA,2024-05-29,,0,occurred
4292,VTGN,Phase3,2024-05-29,,0,occurred
4293,ARWR,Phase2,2024-05-29,,0,occurred
4294,VBIV,Phase2,2024-05-29,,0,occurred
4295,XENE,Phase2,2024-05-28,,0,occurred
4296,NLSP,Other,2024-05-28,,0,occurred
4297,JAGX,Other,2024-05-28,,0,occurred
4298,MRK,Phase3,2024-05-28,,0,occurred
4299,AZN,Other,2024-05-28,,0,occurred
4300,IKNA,Other,2024-05-28,,0,occurred
4301,NVS,Phase3,2024-05-28,,0,occurred
4302,ABBV,Other,2024-05-28,,0,occurred
4303,ABBV,Other,2024-05-28,,0,occurred
4304,HCM,Other,2024-05-24,,0,occurred
4305,HCM,Phase3,2024-05-24,,0,occurred
4306,INCY,Other,2024-05-24,,0,occurred
4307,HCM,Phase3,2024-05-24,,0,occurred
4308,BNTX,Other,2024-05-24,,0,occurred
4309,INCY,Other,2024-05-24,,0,occurred
4310,IPHA,Phase2,2024-05-24,,0,occurred
4311,AZN,Phase2,2024-05-24,,0,occurred
4312,ANL,Other,2024-05-24,,0,occurred
4313,CHRS,Other,2024-05-24,,0,occurred
4314,CGON,Phase2,2024-05-24,,0,occurred
4315,HCM,Phase2,2024-05-24,,0,occurred
4316,BLRX,Phase2,2024-05-24,,0,occurred
4317,MRK,Phase2,2024-05-24,,0,occurred
4318,FGEN,Other,2024-05-23,,0,occurred
4319,IOVA,Phase2,2024-05-23,,0,occurred
4320,SNSE,Other,2024-05-23,,0,occurred
4321,CADL,Phase2,2024-05-23,,0,occurred
4322,ZNTL,Other,2024-05-23,,0,occurred
4323,XLO,Other,2024-05-23,,0,occurred
4324,REGN,Other,2024-05-23,,0,occurred
4325,BNTX,Other,2024-05-23,,0,occurred
4326,COGT,Phase3,2024-05-23,,0,occurred
4327,TNGX,Other,2024-05-23,,0,occurred
4328,PFE,Other,2024-05-23,,0,occurred
4329,ALXO,Phase2,2024-05-23,,0,occurred
4330,REGN,Other,2024-05-23,,0,occurred
4331,BMY,Other,2024-05-23,,0,occurred
4332,CYTO,Other,2024-05-23,,0,occurred
4333,HOOK,Other,2024-05-23,,0,occurred
4334,PFE,Other,2024-05-23,,0,occurred
4335,MRK,Phase3,2024-05-23,,0,occurred
4336,BPMC,Other,2024-05-23,,0,occurred
4337,IMAB,Other,2024-05-23,,0,occurred
4338,PFE,Other,2024-05-23,,0,occurred
4339,PFE,Other,2024-05-23,,0,occurred
4340,CGEM,Other,2024-05-23,,0,occurred
4341,PTIX,Other,2024-05-22,,0,occurred
4342,CNTB,Phase2,2024-05-22,,0,occurred
4343,PLRX,Phase2,2024-05-22,,0,occurred
4344,AMPH,Other,2024-05-22,,0,occurred
4345,BIVI,Phase2,2024-05-22,,0,occurred
4346,INKT,Other,2024-05-22,,0,occurred
4347,ANL,Phase2,2024-05-22,,0,occurred
4348,SANA,Other,2024-05-21,,0,occurred
4349,GRI,Other,2024-05-21,,0,occurred
4350,IFRX,Phase3,2024-05-21,,0,occurred
4351,RZLT,Phase2,2024-05-21,,0,occurred
4352,RVPH,Other,2024-05-21,,0,occurred
4353,LYRA,Phase2,2024-05-21,,0,occurred
4354,GILD,Phase3,2024-05-21,,0,occurred
4355,XOMA,Phase2,2024-05-21,,0,occurred
4356,ASLN,Other,2024-05-21,,0,occurred
4357,GRI,Other,2024-05-21,,0,occurred
4358,RHHBY,Other,2024-05-20,,0,occurred
4359,VTVT,Other,2024-05-20,,0,occurred
4360,ESPR,Phase3,2024-05-20,,0,occurred
4361,ARWR,Other,2024-05-20,,0,occurred
4362,AMGN,Phase2,2024-05-20,,0,occurred
4363,SONN,Other,2024-05-20,,0,occurred
4364,ARWR,Phase2,2024-05-18,,0,occurred
4365,AZTR,Other,2024-05-17,,0,occurred
4366,AMGN,Other,2024-05-17,,0,occurred
4367,ARVN,Other,2024-05-16,,0,occurred
4368,TRML,Phase2,2024-05-16,,0,occurred
4369,RHHBY,Other,2024-05-16,,0,occurred
4370,ATXI,Other,2024-05-16,,0,occurred
4371,AZN,Phase3,2024-05-16,,0,occurred
4372,PFE,Other,2024-05-16,,0,occurred
4373,BIIB,Other,2024-05-16,,0,occurred
4374,MLTX,Phase3,2024-05-16,,0,occurred
4375,IONS,Other,2024-05-16,,0,occurred
4376,IMMP,Phase2/3,2024-05-15,,0,occurred
4377,BCDA,Other,2024-05-15,,0,occurred
4378,SGMT,Other,2024-05-15,,0,occurred
4379,THRD,Other,2024-05-15,,0,occurred
4380,VNDA,Phase3,2024-05-15,,0,occurred
4381,KYMR,Other,2024-05-14,,0,occurred
4382,NMRA,Phase2,2024-05-14,,0,occurred
4383,KOD,Phase3,2024-05-14,,0,occurred
4384,HCM,Phase2/3,2024-05-14,,0,occurred
4385,CRIS,Phase2,2024-05-14,,0,occurred
4386,HCM,Phase3,2024-05-14,,0,occurred
4387,DVAX,Other,2024-05-14,,0,occurred
4388,MRK,Phase3,2024-05-13,,0,occurred
4389,VALN,Phase3,2024-05-13,,0,occurred
4390,PLX,Other,2024-05-10,,0,occurred
4391,RCKT,Other,2024-05-10,,0,occurred
4392,BMY,Phase3,2024-05-10,,0,occurred
4393,IKT,Other,2024-05-09,,0,occurred
4394,PSTX,Other,2024-05-09,,0,occurred
4395,RAPT,Phase2,2024-05-09,,0,occurred
4396,CELU,Other,2024-05-09,,0,occurred
4397,INSM,Phase2,2024-05-09,,0,occurred
4398,EWTX,Phase2,2024-05-09,,0,occurred
4399,PSTX,Other,2024-05-09,,0,occurred
4400,RAPT,Phase2,2024-05-09,,0,occurred
4401,ANAB,Phase3,2024-05-09,,0,occurred
4402,FRLN,Other,2024-05-09,,0,occurred
4403,AZN,Phase2/3,2024-05-09,,0,occurred
4404,TCRX,Other,2024-05-09,,0,occurred
4405,MRK,Phase3,2024-05-09,,0,occurred
4406,VERV,Other,2024-05-08,,0,occurred
4407,CTMX,Other,2024-05-08,,0,occurred
4408,PRME,Other,2024-05-08,,0,occurred
4409,VYGR,Other,2024-05-08,,0,occurred
4410,PRQR,Other,2024-05-08,,0,occurred
4411,LLY,Other,2024-05-08,,0,occurred
4412,REGN,Other,2024-05-08,,0,occurred
4413,CYTK,Phase3,2024-05-08,,0,occurred
4414,ASLN,Phase2,2024-05-07,,0,occurred
4415,DNLI,Phase2,2024-05-07,,0,occurred
4416,CALT,Phase2,2024-05-06,,0,occurred
4417,APLM,Phase3,2024-05-06,,0,occurred
4418,BLTE,Phase2/3,2024-05-06,,0,occurred
4419,GLYC,Phase3,2024-05-06,,0,occurred
4420,RGLS,Other,2024-05-06,,0,occurred
4421,LCTX,Other,2024-05-06,,0,occurred
4422,GLYC,Phase3,2024-05-06,,0,occurred
4423,BCAB,Other,2024-05-06,,0,occurred
4424,VTRS,Phase2,2024-05-05,,0,occurred
4425,URGN,Phase3,2024-05-04,,0,occurred
4426,MNMD,Phase2,2024-05-04,,0,occurred
4427,AEON,Phase2,2024-05-03,,0,occurred
4428,CNTX,Other,2024-05-02,,0,occurred
4429,GLTO,Phase2,2024-05-01,,0,occurred
4430,BCDA,Phase3,2024-05-01,,0,occurred
4431,GRTS,Other,2024-04-30,,0,occurred
4432,TAK,Phase2,2024-04-30,,0,occurred
4433,AUPH,Other,2024-04-30,,0,occurred
4434,SCYX,Other,2024-04-30,,0,occurred
4435,NBIX,Phase2,2024-04-30,,0,occurred
4436,NBIX,Other,2024-04-30,,0,occurred
4437,VXRT,Other,2024-04-30,,0,occurred
4438,INMB,Other,2024-04-30,,0,occurred
4439,XFOR,Other,2024-04-29,,0,occurred
4440,MOLN,Other,2024-04-29,,0,occurred
4441,MRK,Phase3,2024-04-29,,0,occurred
4442,LGND,Phase3,2024-04-29,,0,occurred
4443,PFE,Other,2024-04-29,,0,occurred
4444,GMAB,Other,2024-04-29,,0,occurred
4445,AQST,Other,2024-04-29,,0,occurred
4446,ENTA,Phase2,2024-04-27,,0,occurred
4447,PFE,Other,2024-04-26,,0,occurred
4448,GILD,Other,2024-04-26,,0,occurred
4449,TLSA,Phase2,2024-04-25,,0,occurred
4450,VTGN,Phase2,2024-04-25,,0,occurred
4451,ALGS,Other,2024-04-25,,0,occurred
4452,BLCO,Other,2024-04-25,,0,occurred
4453,AMRX,Other,2024-04-24,,0,occurred
4454,RDHL,Phase2,2024-04-24,,0,occurred
4455,NVS,Phase2/3,2024-04-24,,0,occurred
4456,TOVX,Other,2024-04-23,,0,occurred
4457,DAWN,Other,2024-04-23,,0,occurred
4458,NVS,Other,2024-04-23,,0,occurred
4459,HOWL,Other,2024-04-23,,0,occurred
4460,ANRO,Other,2024-04-23,,0,occurred
4461,UBX,Phase2,2024-04-23,,0,occurred
4462,IBRX,Other,2024-04-22,,0,occurred
4463,TOVX,Other,2024-04-22,,0,occurred
4464,BRNS,Other,2024-04-18,,0,occurred
4465,ABBV,Phase3,2024-04-18,,0,occurred
4466,RHHBY,Other,2024-04-18,,0,occurred
4467,PBLA,Other,2024-04-18,,0,occurred
4468,TAK,Other,2024-04-18,,0,occurred
4469,GSK,Phase3,2024-04-17,,0,occurred
4470,NVS,Phase3,2024-04-17,,0,occurred
4471,ATHA,Other,2024-04-17,,0,occurred
4472,SAGE,Phase2,2024-04-17,,0,occurred
4473,VIGL,Phase2,2024-04-17,,0,occurred
4474,DMAC,Phase2/3,2024-04-17,,0,occurred
4475,GLPG,Other,2024-04-17,,0,occurred
4476,TEVA,Other,2024-04-16,,0,occurred
4477,ZLAB,Phase3,2024-04-16,,0,occurred
4478,ARGX,Phase3,2024-04-16,,0,occurred
4479,ALVO,Other,2024-04-16,,0,occurred
4480,CLNN,Phase2,2024-04-16,,0,occurred
4481,CMPX,Other,2024-04-16,,0,occurred
4482,CGEM,Other,2024-04-16,,0,occurred
4483,HALO,Phase3,2024-04-16,,0,occurred
4484,ITCI,Phase3,2024-04-16,,0,occurred
4485,EWTX,Other,2024-04-15,,0,occurred
4486,ABBV,Phase3,2024-04-12,,0,occurred
4487,AGEN,Other,2024-04-12,,0,occurred
4488,LPCN,Phase2,2024-04-11,,0,occurred
4489,MEIP,Other,2024-04-11,,0,occurred
4490,CLYM,Phase2,2024-04-11,,0,occurred
4491,CLYM,Other,2024-04-11,,0,occurred
4492,ENLV,Phase2,2024-04-11,,0,occurred
4493,DARE,Phase3,2024-04-11,,0,occurred
4494,AZN,Other,2024-04-11,,0,occurred
4495,CLYM,Phase2,2024-04-11,,0,occurred
4496,BCTX,Other,2024-04-10,,0,occurred
4497,BNTX,Other,2024-04-10,,0,occurred
4498,AADI,Other,2024-04-10,,0,occurred
4499,REGN,Other,2024-04-10,,0,occurred
4500,ACRV,Other,2024-04-10,,0,occurred
4501,CRBU,Other,2024-04-10,,0,occurred
4502,APVO,Other,2024-04-10,,0,occurred
4503,BCTX,Phase2,2024-04-09,,0,occurred
4504,INAB,Other,2024-04-09,,0,occurred
4505,CCCC,Other,2024-04-09,,0,occurred
4506,APRE,Other,2024-04-09,,0,occurred
4507,BCYC,Other,2024-04-09,,0,occurred
4508,PRLD,Other,2024-04-09,,0,occurred
4509,CMPX,Other,2024-04-09,,0,occurred
4510,BGNE,Other,2024-04-09,,0,occurred
4511,PRLD,Other,2024-04-09,,0,occurred
4512,ALXO,Other,2024-04-09,,0,occurred
4513,IPHA,Other,2024-04-09,,0,occurred
4514,RAPT,Phase2,2024-04-09,,0,occurred
4515,BGNE,Phase2,2024-04-09,,0,occurred
4516,TPST,Other,2024-04-09,,0,occurred
4517,CRDF,Other,2024-04-08,,0,occurred
4518,PYXS,Other,2024-04-08,,0,occurred
4519,CHRS,Other,2024-04-08,,0,occurred
4520,PFE,Other,2024-04-08,,0,occurred
4521,COGT,Other,2024-04-08,,0,occurred
4522,INZY,Other,2024-04-08,,0,occurred
4523,KA,Other,2024-04-08,,0,occurred
4524,AGEN,Other,2024-04-08,,0,occurred
4525,CORT,Phase3,2024-04-08,,0,occurred
4526,INMB,Other,2024-04-08,,0,occurred
4527,OCS,Phase3,2024-04-08,,0,occurred
4528,ALXO,Other,2024-04-08,,0,occurred
4529,CADL,Other,2024-04-08,,0,occurred
4530,RIGL,Phase2,2024-04-08,,0,occurred
4531,NVS,Phase3,2024-04-08,,0,occurred
4532,MIST,Phase3,2024-04-08,,0,occurred
4533,INKT,Other,2024-04-08,,0,occurred
4534,MRUS,Other,2024-04-08,,0,occurred
4535,ADCT,Other,2024-04-08,,0,occurred
4536,ENTX,Phase2,2024-04-08,,0,occurred
4537,XLO,Other,2024-04-07,,0,occurred
4538,ITOS,Other,2024-04-07,,0,occurred
4539,REPL,Other,2024-04-07,,0,occurred
4540,BNTX,Other,2024-04-07,,0,occurred
4541,ALNY,Phase2,2024-04-07,,0,occurred
4542,INO,Other,2024-04-07,,0,occurred
4543,HOWL,Other,2024-04-05,,0,occurred
4544,HOWL,Other,2024-04-05,,0,occurred
4545,TSVT,Other,2024-04-05,,0,occurred
4546,BMY,Other,2024-04-05,,0,occurred
4547,CDTX,Other,2024-04-05,,0,occurred
4548,LEGN,Other,2024-04-05,,0,occurred
4549,AZN,Phase2,2024-04-05,,0,occurred
4550,CDTX,Other,2024-04-05,,0,occurred
4551,JNJ,Other,2024-04-05,,0,occurred
4552,TARA,Other,2024-04-05,,0,occurred
4553,HCM,Other,2024-04-05,,0,occurred
4554,HCM,Other,2024-04-05,,0,occurred
4555,AMLX,Phase3,2024-04-04,,0,occurred
4556,ACHL,Other,2024-04-04,,0,occurred
4557,GSK,Phase2,2024-04-04,,0,occurred
4558,CADL,Phase2,2024-04-04,,0,occurred
4559,ACHL,Other,2024-04-04,,0,occurred
4560,EFTR,Phase2,2024-04-04,,0,occurred
4561,CVAC,Phase2,2024-04-04,,0,occurred
4562,AMLX,Phase3,2024-04-04,,0,occurred
4563,NBTX,Other,2024-04-03,,0,occurred
4564,MRNA,Other,2024-04-03,,0,occurred
4565,MRK,Phase2/3,2024-04-03,,0,occurred
4566,GRPH,Phase3,2024-04-03,,0,occurred
4567,LENZ,Phase3,2024-04-03,,0,occurred
4568,VNDA,Other,2024-04-02,,0,occurred
4569,SGHT,Other,2024-04-02,,0,occurred
4570,ROIV,Phase2,2024-04-02,,0,occurred
4571,VERV,Other,2024-04-02,,0,occurred
4572,GNPX,Other,2024-04-02,,0,occurred
4573,ZLDPF,Other,2024-04-02,,0,occurred
4574,LLY,Other,2024-04-02,,0,occurred
4575,KNSA,Phase2,2024-04-02,,0,occurred
4576,VRTX,Phase2/3,2024-04-01,,0,occurred
4577,AZN,Other,2024-04-01,,0,occurred
4578,EQ,Other,2024-04-01,,0,occurred
4579,AXSM,Phase3,2024-04-01,,0,occurred
4580,NVCR,Phase2,2024-04-01,,0,occurred
4581,VTGN,Phase3,2024-04-01,,0,occurred
4582,GRTX,Phase2,2024-03-28,,0,occurred
4583,GRTX,Other,2024-03-28,,0,occurred
4584,IRWD,Phase2,2024-03-28,,0,occurred
4585,NBIX,Other,2024-03-28,,0,occurred
4586,PPBT,Other,2024-03-28,,0,occurred
4587,ARGX,Phase2,2024-03-27,,0,occurred
4588,ALT,Phase2,2024-03-27,,0,occurred
4589,REGN,Other,2024-03-27,,0,occurred
4590,AKBA,Other,2024-03-27,,0,occurred
4591,GMDA,Other,2024-03-27,,0,occurred
4592,TFFP,Phase2,2024-03-27,,0,occurred
4593,MRK,Other,2024-03-26,,0,occurred
4594,PRAX,Phase2,2024-03-26,,0,occurred
4595,VKTX,Other,2024-03-26,,0,occurred
4596,ATNM,Other,2024-03-26,,0,occurred
4597,CERS,Other,2024-03-26,,0,occurred
4598,MEIP,Other,2024-03-26,,0,occurred
4599,RYTM,Other,2024-03-25,,0,occurred
4600,ZLAB,Other,2024-03-25,,0,occurred
4601,MTNB,Other,2024-03-25,,0,occurred
4602,STOK,Other,2024-03-25,,0,occurred
4603,AZN,Other,2024-03-25,,0,occurred
4604,SYRS,Phase3,2024-03-25,,0,occurred
4605,REGN,Other,2024-03-25,,0,occurred
4606,AXSM,Phase3,2024-03-25,,0,occurred
4607,AZN,Other,2024-03-25,,0,occurred
4608,BYSI,Phase2,2024-03-25,,0,occurred
4609,AMRX,Other,2024-03-25,,0,occurred
4610,MRK,Phase2,2024-03-25,,0,occurred
4611,ABBV,Other,2024-03-22,,0,occurred
4612,ESPR,Other,2024-03-22,,0,occurred
4613,SMMT,Phase2,2024-03-22,,0,occurred
4614,ABBV,Other,2024-03-22,,0,occurred
4615,SMMT,Phase2,2024-03-22,,0,occurred
4616,MRK,Phase3,2024-03-21,,0,occurred
4617,ALPN,Other,2024-03-21,,0,occurred
4618,VRTX,Other,2024-03-21,,0,occurred
4619,NKTX,Other,2024-03-21,,0,occurred
4620,ENTX,Other,2024-03-20,,0,occurred
4621,OPK,Other,2024-03-20,,0,occurred
4622,ALIM,Other,2024-03-19,,0,occurred
4623,LGND,Phase3,2024-03-19,,0,occurred
4624,SEEL,Phase2/3,2024-03-19,,0,occurred
4625,JNJ,Other,2024-03-19,,0,occurred
4626,JSPR,Other,2024-03-19,,0,occurred
4627,CVM,Other,2024-03-19,,0,occurred
4628,AXSM,Phase3,2024-03-19,,0,occurred
4629,CERS,Phase3,2024-03-19,,0,occurred
4630,MRK,Phase3,2024-03-19,,0,occurred
4631,TAK,Other,2024-03-19,,0,occurred
4632,MRK,Other,2024-03-18,,0,occurred
4633,PMVP,Other,2024-03-18,,0,occurred
4634,AADI,Phase2,2024-03-18,,0,occurred
4635,JSPR,Other,2024-03-15,,0,occurred
4636,OPTN,Other,2024-03-15,,0,occurred
4637,MDGL,Other,2024-03-14,,0,occurred
4638,BGNE,Other,2024-03-14,,0,occurred
4639,BGNE,Other,2024-03-14,,0,occurred
4640,NVCT,Other,2024-03-14,,0,occurred
4641,BMY,Other,2024-03-14,,0,occurred
4642,IONS,Phase2,2024-03-13,,0,occurred
4643,SPRB,Phase2,2024-03-13,,0,occurred
4644,PCRX,Other,2024-03-13,,0,occurred
4645,CALC,Other,2024-03-13,,0,occurred
4646,SGMO,Other,2024-03-13,,0,occurred
4647,CRNX,Phase2,2024-03-12,,0,occurred
4648,ACAD,Phase3,2024-03-11,,0,occurred
4649,VTYX,Phase2,2024-03-11,,0,occurred
4650,INCY,Phase2,2024-03-11,,0,occurred
4651,VTRS,Other,2024-03-11,,0,occurred
4652,PTGX,Phase2,2024-03-11,,0,occurred
4653,AMGN,Phase3,2024-03-11,,0,occurred
4654,NVCR,Phase3,2024-03-11,,0,occurred
4655,LLY,Phase3,2024-03-11,,0,occurred
4656,JNJ,Phase2,2024-03-11,,0,occurred
4657,INCY,Phase2,2024-03-11,,0,occurred
4658,ALMS,Phase2,2024-03-11,,0,occurred
4659,NRIX,Other,2024-03-11,,0,occurred
4660,SLRN,Phase2,2024-03-11,,0,occurred
4661,MLTX,Phase2,2024-03-10,,0,occurred
4662,ARQT,Phase3,2024-03-09,,0,occurred
4663,ATHA,Phase2,2024-03-08,,0,occurred
4664,NVO,Other,2024-03-08,,0,occurred
4665,KYTX,Other,2024-03-08,,0,occurred
4666,FBIO,Other,2024-03-07,,0,occurred
4667,MNMD,Phase2,2024-03-07,,0,occurred
4668,MBIO,Other,2024-03-07,,0,occurred
4669,BMY,Other,2024-03-07,,0,occurred
4670,COYA,Other,2024-03-06,,0,occurred
4671,VNDA,Other,2024-03-06,,0,occurred
4672,BHC,Phase2,2024-03-06,,0,occurred
4673,XOMA,Other,2024-03-06,,0,occurred
4674,ZLAB,Phase3,2024-03-06,,0,occurred
4675,BMY,Other,2024-03-06,,0,occurred
4676,GSK,Phase3,2024-03-06,,0,occurred
4677,KURA,Other,2024-03-06,,0,occurred
4678,RZLT,Other,2024-03-06,,0,occurred
4679,NKTR,Phase2,2024-03-05,,0,occurred
4680,OPK,Other,2024-03-05,,0,occurred
4681,IBRX,Other,2024-03-05,,0,occurred
4682,NVS,Other,2024-03-05,,0,occurred
4683,CASI,Other,2024-03-05,,0,occurred
4684,NVO,Phase3,2024-03-05,,0,occurred
4685,LLY,Phase2,2024-03-05,,0,occurred
4686,ONCY,Other,2024-03-05,,0,occurred
4687,GSK,Other,2024-03-05,,0,occurred
4688,EYEN,Other,2024-03-04,,0,occurred
4689,PFE,Other,2024-03-04,,0,occurred
4690,NVS,Phase3,2024-03-04,,0,occurred
4691,PCVX,Phase2,2024-03-04,,0,occurred
4692,CLRB,Other,2024-03-04,,0,occurred
4693,GSK,Other,2024-03-04,,0,occurred
4694,LNTH,Other,2024-03-04,,0,occurred
4695,BCDA,Other,2024-03-04,,0,occurred
4696,RNA,Phase2,2024-03-04,,0,occurred
4697,BIVI,Phase2,2024-03-01,,0,occurred
4698,BIVI,Phase3,2024-03-01,,0,occurred
4699,CGEM,Other,2024-03-01,,0,occurred
4700,JNJ,Other,2024-03-01,,0,occurred
4701,IMUX,Phase2,2024-02-29,,0,occurred
4702,HCM,Phase2,2024-02-28,,0,occurred
4703,THTX,Other,2024-02-27,,0,occurred
4704,NERV,Other,2024-02-27,,0,occurred
4705,TARS,Phase2,2024-02-27,,0,occurred
4706,JANX,Other,2024-02-26,,0,occurred
4707,TNYA,Other,2024-02-26,,0,occurred
4708,BGNE,Other,2024-02-26,,0,occurred
4709,ALLK,Other,2024-02-26,,0,occurred
4710,ONC,Other,2024-02-26,,0,occurred
4711,ALVO,Other,2024-02-23,,0,occurred
4712,TEVA,Other,2024-02-23,,0,occurred
4713,ATXI,Other,2024-02-22,,0,occurred
4714,TARS,Phase2,2024-02-22,,0,occurred
4715,ARVN,Other,2024-02-20,,0,occurred
4716,JNJ,Other,2024-02-20,,0,occurred
4717,JNJ,Other,2024-02-20,,0,occurred
4718,AZN,Other,2024-02-17,,0,occurred
4719,RHHBY,Other,2024-02-16,,0,occurred
4720,CASI,Other,2024-02-16,,0,occurred
4721,FBIO,Other,2024-02-16,,0,occurred
4722,IOVA,Other,2024-02-16,,0,occurred
4723,AUPH,Other,2024-02-15,,0,occurred
4724,AUPH,Other,2024-02-15,,0,occurred
4725,ENSC,Phase3,2024-02-15,,0,occurred
4726,APLT,Phase3,2024-02-15,,0,occurred
4727,RPTX,Other,2024-02-15,,0,occurred
4728,AMPE,Other,2024-02-14,,0,occurred
4729,MESO,Phase3,2024-02-14,,0,occurred
4730,INKT,Phase2,2024-02-14,,0,occurred
4731,OPT,Phase3,2024-02-14,,0,occurred
4732,GLSI,Phase3,2024-02-14,,0,occurred
4733,ROIV,Other,2024-02-13,,0,occurred
4734,OCUL,Phase3,2024-02-13,,0,occurred
4735,IPSEY,Other,2024-02-13,,0,occurred
4736,MACK,Other,2024-02-13,,0,occurred
4737,LCTX,Other,2024-02-13,,0,occurred
4738,TAK,Other,2024-02-13,,0,occurred
4739,BMRN,Phase3,2024-02-12,,0,occurred
4740,FDMT,Other,2024-02-12,,0,occurred
4741,BTAI,Phase2,2024-02-12,,0,occurred
4742,TNXP,Phase2,2024-02-12,,0,occurred
4743,TAK,Other,2024-02-12,,0,occurred
4744,CNTA,Phase2,2024-02-09,,0,occurred
4745,GSK,Phase3,2024-02-07,,0,occurred
4746,HCM,Phase3,2024-02-07,,0,occurred
4747,ALEC,Phase3,2024-02-07,,0,occurred
4748,ABEO,Other,2024-02-06,,0,occurred
4749,RARE,Other,2024-02-06,,0,occurred
4750,LLY,Phase3,2024-02-06,,0,occurred
4751,VRTX,Phase3,2024-02-05,,0,occurred
4752,RANI,Other,2024-02-05,,0,occurred
4753,KOD,Other,2024-02-03,,0,occurred
4754,LQDA,Phase2,2024-02-02,,0,occurred
4755,RHHBY,Phase3,2024-02-01,,0,occurred
4756,NVO,Phase3,2024-01-31,,0,occurred
4757,NVS,Phase3,2024-01-31,,0,occurred
4758,IKT,Other,2024-01-29,,0,occurred
4759,TAK,Other,2024-01-29,,0,occurred
4760,AZN,Other,2024-01-29,,0,occurred
4761,LIXT,Other,2024-01-29,,0,occurred
4762,MRK,Phase3,2024-01-29,,0,occurred
4763,SRPT,Phase2,2024-01-29,,0,occurred
4764,MRK,Phase3,2024-01-27,,0,occurred
4765,BMY,Phase3,2024-01-27,,0,occurred
4766,HALO,Phase3,2024-01-27,,0,occurred
4767,MRK,Phase3,2024-01-26,,0,occurred
4768,BMY,Other,2024-01-25,,0,occurred
4769,REGN,Other,2024-01-25,,0,occurred
4770,SNY,Other,2024-01-25,,0,occurred
4771,EPIX,Other,2024-01-25,,0,occurred
4772,HRTX,Other,2024-01-23,,0,occurred
4773,LLY,Other,2024-01-23,,0,occurred
4774,VNDA,Other,2024-01-23,,0,occurred
4775,CARA,Phase3,2024-01-22,,0,occurred
4776,SEEL,Phase2,2024-01-22,,0,occurred
4777,AZN,Phase3,2024-01-19,,0,occurred
4778,RCUS,Other,2024-01-19,,0,occurred
4779,CHRS,Phase2,2024-01-18,,0,occurred
4780,DCPH,Phase3,2024-01-18,,0,occurred
4781,ZLAB,Phase3,2024-01-18,,0,occurred
4782,NVCR,Phase3,2024-01-18,,0,occurred
4783,PBLA,Other,2024-01-18,,0,occurred
4784,AZN,Other,2024-01-17,,0,occurred
4785,LSTA,Phase2,2024-01-17,,0,occurred
4786,SRPT,Phase3,2024-01-16,,0,occurred
4787,VRTX,Other,2024-01-16,,0,occurred
4788,HALO,Other,2024-01-16,,0,occurred
4789,ANIP,Other,2024-01-16,,0,occurred
4790,CRSP,Other,2024-01-16,,0,occurred
4791,ALLK,Phase2,2024-01-16,,0,occurred
4792,ALLK,Phase2,2024-01-16,,0,occurred
4793,CLRB,Other,2024-01-16,,0,occurred
4794,TAK,Other,2024-01-16,,0,occurred
4795,MRK,Other,2024-01-12,,0,occurred
4796,FDMT,Phase2,2024-01-10,,0,occurred
4797,ACRS,Phase2,2024-01-10,,0,occurred
4798,MRSN,Other,2024-01-10,,0,occurred
4799,ALC,Phase3,2024-01-09,,0,occurred
4800,ALC,Phase3,2024-01-09,,0,occurred
4801,ITOS,Other,2024-01-08,,0,occurred
4802,VINC,Other,2024-01-08,,0,occurred
4803,NUVB,Other,2024-01-08,,0,occurred
4804,ABSI,Other,2024-01-08,,0,occurred
4805,ABBV,Phase2,2024-01-08,,0,occurred
4806,CYBN,Other,2024-01-08,,0,occurred
4807,BMY,Other,2024-01-08,,0,occurred
4808,BPMC,Other,2024-01-08,,0,occurred
4809,MNMD,Phase2,2024-01-08,,0,occurred
4810,GSK,Other,2024-01-08,,0,occurred
4811,BPMC,Other,2024-01-08,,0,occurred
4812,MRKR,Phase2,2024-01-08,,0,occurred
4813,TBPH,Phase3,2024-01-05,,0,occurred
4814,MRSN,Other,2024-01-05,,0,occurred
4815,NOVN,Other,2024-01-05,,0,occurred
4816,LGND,Other,2024-01-05,,0,occurred
4817,GSK,Other,2024-01-05,,0,occurred
4818,CVAC,Phase2,2024-01-05,,0,occurred
4819,ALDX,Other,2024-01-04,,0,occurred
4820,APLT,Phase3,2024-01-04,,0,occurred
4821,ADCT,Other,2024-01-04,,0,occurred
4822,IMMP,Other,2024-01-04,,0,occurred
4823,ALDX,Other,2024-01-04,,0,occurred
4824,GLYC,Other,2024-01-04,,0,occurred
4825,MRK,Other,2024-01-04,,0,occurred
4826,TEVA,Phase3,2024-01-03,,0,occurred
4827,INTS,Phase3,2024-01-03,,0,occurred
4828,ALVO,Phase3,2024-01-03,,0,occurred
4829,AVXL,Phase2/3,2024-01-02,,0,occurred
4830,SPRO,Phase3,2024-01-02,,0,occurred
4831,ATAI,Other,2024-01-02,,0,occurred
4832,SLS,Other,2023-12-27,,0,occurred
4833,AMGN,Other,2023-12-26,,0,occurred
4834,CHRS,Other,2023-12-26,,0,occurred
4835,AZN,Other,2023-12-22,,0,occurred
4836,AZN,Other,2023-12-22,,0,occurred
4837,ALVR,Phase3,2023-12-22,,0,occurred
4838,BGNE,Other,2023-12-22,,0,occurred
4839,ALVR,Phase3,2023-12-22,,0,occurred
4840,IONS,Other,2023-12-22,,0,occurred
4841,ALVR,Phase3,2023-12-22,,0,occurred
4842,IONS,Other,2023-12-22,,0,occurred
4843,JAZZ,Phase2,2023-12-21,,0,occurred
4844,BLRX,Other,2023-12-21,,0,occurred
4845,ANNX,Other,2023-12-21,,0,occurred
4846,PLUR,Other,2023-12-21,,0,occurred
4847,BNTX,Other,2023-12-21,,0,occurred
4848,GLTO,Phase2,2023-12-21,,0,occurred
4849,BHC,Phase2,2023-12-21,,0,occurred
4850,SNY,Phase3,2023-12-21,,0,occurred
4851,RDHL,Other,2023-12-20,,0,occurred
4852,CMPS,Phase2,2023-12-20,,0,occurred
4853,CALT,Other,2023-12-20,,0,occurred
4854,DARE,Other,2023-12-20,,0,occurred
4855,RLYB,Other,2023-12-20,,0,occurred
4856,ARGX,Phase3,2023-12-20,,0,occurred
4857,MRK,Other,2023-12-20,,0,occurred
4858,ALDX,Phase2,2023-12-19,,0,occurred
4859,GLPG,Other,2023-12-19,,0,occurred
4860,ASND,Phase3,2023-12-19,,0,occurred
4861,LXEO,Other,2023-12-18,,0,occurred
4862,OCS,Phase2,2023-12-18,,0,occurred
4863,CARA,Phase3,2023-12-18,,0,occurred
4864,PEPG,Other,2023-12-18,,0,occurred
4865,MIRM,Phase2,2023-12-18,,0,occurred
4866,PBLA,Other,2023-12-18,,0,occurred
4867,NVAX,Other,2023-12-18,,0,occurred
4868,VRDN,Other,2023-12-18,,0,occurred
4869,KRON,Other,2023-12-18,,0,occurred
4870,BMY,Phase3,2023-12-15,,0,occurred
4871,VRCA,Phase3,2023-12-15,,0,occurred
4872,ARQT,Other,2023-12-15,,0,occurred
4873,GKOS,Other,2023-12-14,,0,occurred
4874,ENSC,Phase3,2023-12-14,,0,occurred
4875,RPHM,Phase2,2023-12-14,,0,occurred
4876,BCYC,Other,2023-12-14,,0,occurred
4877,MRK,Other,2023-12-14,,0,occurred
4878,PFE,Other,2023-12-14,,0,occurred
4879,SDGR,Other,2023-12-14,,0,occurred
4880,ALNY,Other,2023-12-13,,0,occurred
4881,ESPR,Other,2023-12-13,,0,occurred
4882,VRTX,Phase2,2023-12-13,,0,occurred
4883,VSTM,Phase3,2023-12-13,,0,occurred
4884,ONTX,Other,2023-12-12,,0,occurred
4885,IMRX,Other,2023-12-12,,0,occurred
4886,TRAW,Other,2023-12-12,,0,occurred
4887,ACHV,Other,2023-12-12,,0,occurred
4888,NKTR,Other,2023-12-12,,0,occurred
4889,ALZN,Phase2,2023-12-11,,0,occurred
4890,NRXP,Phase3,2023-12-11,,0,occurred
4891,ORIC,Other,2023-12-11,,0,occurred
4892,TARS,Phase2,2023-12-11,,0,occurred
4893,MBIO,Other,2023-12-11,,0,occurred
4894,GLYC,Other,2023-12-11,,0,occurred
4895,ATRA,Other,2023-12-11,,0,occurred
4896,ADCT,Phase2,2023-12-11,,0,occurred
4897,LLY,Phase3,2023-12-11,,0,occurred
4898,FBIO,Other,2023-12-11,,0,occurred
4899,SANA,Other,2023-12-11,,0,occurred
4900,STRO,Other,2023-12-11,,0,occurred
4901,SNY,Phase3,2023-12-11,,0,occurred
4902,GILD,Phase2,2023-12-11,,0,occurred
4903,CALC,Other,2023-12-11,,0,occurred
4904,MRK,Other,2023-12-11,,0,occurred
4905,VINC,Other,2023-12-11,,0,occurred
4906,AZN,Other,2023-12-11,,0,occurred
4907,JSPR,Other,2023-12-10,,0,occurred
4908,BMEA,Other,2023-12-10,,0,occurred
4909,KPTI,Other,2023-12-10,,0,occurred
4910,MRK,Phase2,2023-12-09,,0,occurred
4911,AUTL,Other,2023-12-09,,0,occurred
4912,BMY,Phase2,2023-12-09,,0,occurred
4913,BPMC,Other,2023-12-09,,0,occurred
4914,AZN,Phase3,2023-12-09,,0,occurred
4915,ABBV,Other,2023-12-09,,0,occurred
4916,FGEN,Phase3,2023-12-09,,0,occurred
4917,ALLO,Other,2023-12-09,,0,occurred
4918,PHVS,Phase2,2023-12-08,,0,occurred
4919,BLUE,Other,2023-12-08,,0,occurred
4920,CRSP,Other,2023-12-08,,0,occurred
4921,VRTX,Other,2023-12-08,,0,occurred
4922,MRK,Phase3,2023-12-08,,0,occurred
4923,AMGN,Phase3,2023-12-08,,0,occurred
4924,ONTX,Other,2023-12-08,,0,occurred
4925,EFTR,Other,2023-12-08,,0,occurred
4926,SLDB,Other,2023-12-07,,0,occurred
4927,REGN,Other,2023-12-07,,0,occurred
4928,CYTK,Phase3,2023-12-07,,0,occurred
4929,ONCY,Other,2023-12-07,,0,occurred
4930,MRK,Phase3,2023-12-07,,0,occurred
4931,INSM,Phase2,2023-12-07,,0,occurred
4932,CYTK,Phase3,2023-12-07,,0,occurred
4933,MRK,Phase2,2023-12-07,,0,occurred
4934,BCTX,Phase2,2023-12-06,,0,occurred
4935,SNY,Other,2023-12-06,,0,occurred
4936,RYTM,Phase3,2023-12-06,,0,occurred
4937,PFE,Phase3,2023-12-06,,0,occurred
4938,NVS,Other,2023-12-06,,0,occurred
4939,SPRC,Other,2023-12-05,,0,occurred
4940,LLY,Phase3,2023-12-05,,0,occurred
4941,ITCI,Phase3,2023-12-05,,0,occurred
4942,VIRX,Other,2023-12-04,,0,occurred
4943,VALN,Phase3,2023-12-04,,0,occurred
4944,EXEL,Phase2/3,2023-12-04,,0,occurred
4945,PBLA,Other,2023-12-04,,0,occurred
4946,PFE,Phase3,2023-12-04,,0,occurred
4947,GANX,Other,2023-12-01,,0,occurred
4948,LLY,Other,2023-12-01,,0,occurred
4949,XENE,Phase2,2023-12-01,,0,occurred
4950,NBIX,Phase2,2023-12-01,,0,occurred
4951,STOK,Other,2023-12-01,,0,occurred
4952,STOK,Other,2023-12-01,,0,occurred
4953,PFE,Phase2,2023-12-01,,0,occurred
4954,SLGL,Phase3,2023-11-30,,0,occurred
4955,LTRN,Other,2023-11-30,,0,occurred
4956,ABBV,Phase2,2023-11-29,,0,occurred
4957,IMVT,Other,2023-11-28,,0,occurred
4958,ARGX,Phase3,2023-11-28,,0,occurred
4959,ZLAB,Phase3,2023-11-28,,0,occurred
4960,JNJ,Other,2023-11-28,,0,occurred
4961,ERAS,Other,2023-11-28,,0,occurred
4962,SWTX,Other,2023-11-27,,0,occurred
4963,PFE,Phase2,2023-11-27,,0,occurred
4964,NMRA,Other,2023-11-27,,0,occurred
4965,ROIV,Phase2,2023-11-27,,0,occurred
4966,GNLX,Phase2,2023-11-27,,0,occurred
4967,GLMD,Other,2023-11-20,,0,occurred
4968,EDSA,Phase2,2023-11-20,,0,occurred
4969,ALZN,Phase2,2023-11-20,,0,occurred
4970,MRK,Other,2023-11-17,,0,occurred
4971,MDNA,Phase2,2023-11-17,,0,occurred
4972,TEVA,Other,2023-11-17,,0,occurred
4973,AZN,Other,2023-11-17,,0,occurred
4974,PFE,Other,2023-11-16,,0,occurred
4975,CMMB,Other,2023-11-16,,0,occurred
4976,BMY,Other,2023-11-16,,0,occurred
4977,KZIA,Phase2,2023-11-15,,0,occurred
4978,ATHA,Other,2023-11-15,,0,occurred
4979,ZLAB,Other,2023-11-15,,0,occurred
4980,SPRC,Phase2,2023-11-15,,0,occurred
4981,BMY,Other,2023-11-15,,0,occurred
4982,CRMD,Other,2023-11-15,,0,occurred
4983,AFMD,Other,2023-11-14,,0,occurred
4984,AZN,Phase3,2023-11-14,,0,occurred
4985,ALZN,Phase2,2023-11-13,,0,occurred
4986,ANNX,Other,2023-11-13,,0,occurred
4987,CMMB,Phase2,2023-11-13,,0,occurred
4988,TERN,Phase2,2023-11-13,,0,occurred
4989,ALPN,Phase2,2023-11-13,,0,occurred
4990,MLYS,Phase2,2023-11-13,,0,occurred
4991,BIVI,Phase2,2023-11-13,,0,occurred
4992,VTRS,Phase3,2023-11-13,,0,occurred
4993,ALNY,Phase2,2023-11-13,,0,occurred
4994,ACRS,Phase2,2023-11-13,,0,occurred
4995,STRO,Other,2023-11-13,,0,occurred
4996,HEPA,Phase2,2023-11-13,,0,occurred
4997,TBPH,Phase3,2023-11-13,,0,occurred
4998,IVA,Phase2,2023-11-11,,0,occurred
4999,MIST,Phase2,2023-11-11,,0,occurred
5000,PCRX,Other,2023-11-10,,0,occurred
5001,VALN,Other,2023-11-10,,0,occurred
5002,PDSB,Phase2,2023-11-09,,0,occurred
5003,ABUS,Phase2,2023-11-09,,0,occurred
5004,ATRA,Phase2,2023-11-09,,0,occurred
5005,TAK,Phase2,2023-11-09,,0,occurred
5006,ASMB,Phase2,2023-11-09,,0,occurred
5007,KPRX,Phase2,2023-11-09,,0,occurred
5008,TAK,Other,2023-11-09,,0,occurred
5009,NBIX,Phase2,2023-11-09,,0,occurred
5010,NBIX,Phase2,2023-11-09,,0,occurred
5011,BRNS,Phase2,2023-11-09,,0,occurred
5012,HRMY,Phase3,2023-11-08,,0,occurred
5013,BTAI,Phase2,2023-11-08,,0,occurred
5014,HCWB,Other,2023-11-08,,0,occurred
5015,HCM,Other,2023-11-08,,0,occurred
5016,REPL,Other,2023-11-08,,0,occurred
5017,TAK,Other,2023-11-08,,0,occurred
5018,CLSD,Other,2023-11-07,,0,occurred
5019,TAK,Phase2,2023-11-07,,0,occurred
5020,BYSI,Other,2023-11-07,,0,occurred
5021,CABA,Other,2023-11-06,,0,occurred
5022,CLDX,Other,2023-11-06,,0,occurred
5023,SLNO,Phase3,2023-11-06,,0,occurred
5024,MDNA,Other,2023-11-06,,0,occurred
5025,MRK,Other,2023-11-06,,0,occurred
5026,EOLS,Phase2,2023-11-06,,0,occurred
5027,SAVA,Phase3,2023-11-06,,0,occurred
5028,VTYX,Phase2,2023-11-06,,0,occurred
5029,BLTE,Phase2,2023-11-06,,0,occurred
5030,AZN,Phase2,2023-11-03,,0,occurred
5031,SQZ,Other,2023-11-03,,0,occurred
5032,HOOK,Other,2023-11-03,,0,occurred
5033,IMMP,Phase2,2023-11-03,,0,occurred
5034,FHTX,Other,2023-11-02,,0,occurred
5035,MTEM,Other,2023-11-02,,0,occurred
5036,SONN,Other,2023-11-02,,0,occurred
5037,EYEN,Other,2023-11-02,,0,occurred
5038,PFE,Phase2/3,2023-11-02,,0,occurred
5039,OPK,Phase2,2023-11-02,,0,occurred
5040,INVA,Phase3,2023-11-01,,0,occurred
5041,MNPR,Other,2023-11-01,,0,occurred
5042,MRK,Other,2023-11-01,,0,occurred
5043,RANI,Other,2023-11-01,,0,occurred
5044,INMB,Other,2023-11-01,,0,occurred
5045,TNXP,Phase2,2023-11-01,,0,occurred
5046,RANI,Other,2023-11-01,,0,occurred
5047,MRNA,Other,2023-11-01,,0,occurred
5048,CARM,Other,2023-11-01,,0,occurred
5049,PHAT,Other,2023-11-01,,0,occurred
5050,ARGX,Phase3,2023-11-01,,0,occurred
5051,NVS,Other,2023-10-31,,0,occurred
5052,KTRA,Phase2/3,2023-10-31,,0,occurred
5053,AMGN,Other,2023-10-31,,0,occurred
5054,DNLI,Phase2,2023-10-31,,0,occurred
5055,AMGN,Phase2,2023-10-31,,0,occurred
5056,AMGN,Phase3,2023-10-31,,0,occurred
5057,BHVN,Phase2/3,2023-10-31,,0,occurred
5058,KZIA,Phase2/3,2023-10-31,,0,occurred
5059,PFE,Phase2/3,2023-10-31,,0,occurred
5060,LIAN,Phase3,2023-10-30,,0,occurred
5061,PHAT,Other,2023-10-30,,0,occurred
5062,CHRS,Other,2023-10-30,,0,occurred
5063,RHHBY,Other,2023-10-27,,0,occurred
5064,CGTX,Phase2,2023-10-27,,0,occurred
5065,CHRS,Other,2023-10-27,,0,occurred
5066,EWTX,Phase2,2023-10-26,,0,occurred
5067,EWTX,Phase2,2023-10-26,,0,occurred
5068,BCRX,Other,2023-10-26,,0,occurred
5069,EWTX,Other,2023-10-26,,0,occurred
5070,PFE,Other,2023-10-26,,0,occurred
5071,BNTX,Other,2023-10-26,,0,occurred
5072,CPRX,Other,2023-10-26,,0,occurred
5073,BMY,Phase2,2023-10-26,,0,occurred
5074,BBIO,Phase2,2023-10-25,,0,occurred
5075,ALNY,Other,2023-10-25,,0,occurred
5076,LIAN,Phase2,2023-10-25,,0,occurred
5077,SAVA,Phase3,2023-10-25,,0,occurred
5078,BIIB,Other,2023-10-25,,0,occurred
5079,EFTR,Other,2023-10-24,,0,occurred
5080,BMY,Phase2,2023-10-24,,0,occurred
5081,BGNE,Phase3,2023-10-23,,0,occurred
5082,BMRN,Other,2023-10-23,,0,occurred
5083,TOVX,Other,2023-10-23,,0,occurred
5084,MRK,Other,2023-10-23,,0,occurred
5085,REGN,Phase2,2023-10-23,,0,occurred
5086,AZN,Other,2023-10-23,,0,occurred
5087,RHHBY,Phase2,2023-10-23,,0,occurred
5088,IOBT,Phase2,2023-10-23,,0,occurred
5089,MRK,Phase2,2023-10-23,,0,occurred
5090,NVS,Phase3,2023-10-23,,0,occurred
5091,GLTO,Phase2,2023-10-23,,0,occurred
5092,IMNM,Phase2/3,2023-10-23,,0,occurred
5093,BMY,Other,2023-10-22,,0,occurred
5094,OLMA,Other,2023-10-22,,0,occurred
5095,BMY,Phase2/3,2023-10-22,,0,occurred
5096,FHTX,Other,2023-10-22,,0,occurred
5097,EPIX,Other,2023-10-22,,0,occurred
5098,BGNE,Phase2,2023-10-22,,0,occurred
5099,ARVN,Other,2023-10-22,,0,occurred
5100,KURA,Phase2,2023-10-21,,0,occurred
5101,BGNE,Phase2,2023-10-21,,0,occurred
5102,LLY,Phase3,2023-10-21,,0,occurred
5103,BGNE,Phase2,2023-10-21,,0,occurred
5104,BGNE,Other,2023-10-20,,0,occurred
5105,PFE,Other,2023-10-20,,0,occurred
5106,BHC,Other,2023-10-20,,0,occurred
5107,MRK,Phase3,2023-10-20,,0,occurred
5108,ZYME,Other,2023-10-20,,0,occurred
5109,BMY,Phase2,2023-10-20,,0,occurred
5110,MRK,Phase3,2023-10-20,,0,occurred
5111,TAK,Phase3,2023-10-18,,0,occurred
5112,ARDX,Other,2023-10-17,,0,occurred
5113,EVLO,Phase2,2023-10-17,,0,occurred
5114,BOLT,Other,2023-10-17,,0,occurred
5115,OMER,Phase3,2023-10-16,,0,occurred
5116,CFRX,Other,2023-10-16,,0,occurred
5117,MRK,Other,2023-10-16,,0,occurred
5118,ABBV,Phase3,2023-10-16,,0,occurred
5119,PBYI,Other,2023-10-16,,0,occurred
5120,IPHA,Phase2,2023-10-16,,0,occurred
5121,IMUX,Other,2023-10-16,,0,occurred
5122,REGN,Phase2,2023-10-16,,0,occurred
5123,IRWD,Phase2,2023-10-16,,0,occurred
5124,BMY,Other,2023-10-16,,0,occurred
5125,PBYI,Other,2023-10-14,,0,occurred
5126,KOD,Phase3,2023-10-13,,0,occurred
5127,INCY,Phase3,2023-10-13,,0,occurred
5128,KOD,Phase3,2023-10-13,,0,occurred
5129,LLY,Other,2023-10-13,,0,occurred
5130,PFE,Other,2023-10-13,,0,occurred
5131,TRVI,Phase2/3,2023-10-13,,0,occurred
5132,IMUX,Phase2,2023-10-13,,0,occurred
5133,NCNA,Other,2023-10-13,,0,occurred
5134,ASLN,Phase2,2023-10-13,,0,occurred
5135,KOD,Phase3,2023-10-13,,0,occurred
5136,RHHBY,Phase2,2023-10-13,,0,occurred
5137,NKTR,Other,2023-10-13,,0,occurred
5138,ENTA,Phase2,2023-10-12,,0,occurred
5139,INCY,Phase2,2023-10-12,,0,occurred
5140,PFE,Other,2023-10-12,,0,occurred
5141,ONTX,Phase2,2023-10-12,,0,occurred
5142,RLAY,Other,2023-10-12,,0,occurred
5143,TRAW,Phase2,2023-10-12,,0,occurred
5144,ABBV,Phase2,2023-10-12,,0,occurred
5145,GRTS,Other,2023-10-11,,0,occurred
5146,PDSB,Other,2023-10-11,,0,occurred
5147,GRTS,Other,2023-10-11,,0,occurred
5148,INCY,Phase2,2023-10-11,,0,occurred
5149,RIGL,Phase2/3,2023-10-11,,0,occurred
5150,ATHX,Phase3,2023-10-10,,0,occurred
5151,BFRI,Other,2023-10-10,,0,occurred
5152,ALNY,Other,2023-10-09,,0,occurred
5153,BBIO,Phase2,2023-10-09,,0,occurred
5154,ARQT,Other,2023-10-06,,0,occurred
5155,NBIX,Phase3,2023-10-05,,0,occurred
5156,NBTX,Other,2023-10-04,,0,occurred
5157,IKT,Phase2,2023-10-04,,0,occurred
5158,NVAX,Other,2023-10-03,,0,occurred
5159,PPBT,Other,2023-10-03,,0,occurred
5160,IPSEY,Other,2023-10-03,,0,occurred
5161,PRAX,Phase3,2023-10-02,,0,occurred
5162,APLS,Other,2023-10-02,,0,occurred
5163,NVTA,Phase3,2023-10-02,,0,occurred
5164,LGND,Phase3,2023-10-02,,0,occurred
5165,TAK,Phase3,2023-10-02,,0,occurred
5166,MIRM,Phase3,2023-10-02,,0,occurred
5167,APLS,Other,2023-10-02,,0,occurred
5168,ANIP,Other,2023-10-02,,0,occurred
5169,LLY,Other,2023-10-02,,0,occurred
5170,ABBV,Phase3,2023-09-29,,0,occurred
5171,BIIB,Other,2023-09-29,,0,occurred
5172,RHHBY,Phase3,2023-09-29,,0,occurred
5173,SCYX,Other,2023-09-28,,0,occurred
5174,FOLD,Other,2023-09-28,,0,occurred
5175,VSTM,Other,2023-09-28,,0,occurred
5176,CALT,Phase2,2023-09-27,,0,occurred
5177,CYBN,Other,2023-09-27,,0,occurred
5178,TAK,Other,2023-09-27,,0,occurred
5179,UBX,Phase2,2023-09-27,,0,occurred
5180,VBIV,Other,2023-09-27,,0,occurred
5181,VTRS,Other,2023-09-27,,0,occurred
5182,AZN,Other,2023-09-27,,0,occurred
5183,VERU,Phase3,2023-09-26,,0,occurred
5184,CRDF,Phase2,2023-09-26,,0,occurred
5185,SLNO,Phase3,2023-09-26,,0,occurred
5186,CRDF,Phase2,2023-09-26,,0,occurred
5187,LLY,Phase2,2023-09-23,,0,occurred
5188,KTRA,Phase2,2023-09-23,,0,occurred
5189,MRK,Phase3,2023-09-22,,0,occurred
5190,LLY,Other,2023-09-22,,0,occurred
5191,MRK,Phase3,2023-09-22,,0,occurred
5192,NAMS,Phase2,2023-09-21,,0,occurred
5193,GILD,Phase3,2023-09-21,,0,occurred
5194,VIR,Other,2023-09-20,,0,occurred
5195,RLMD,Phase3,2023-09-20,,0,occurred
5196,RDHL,Other,2023-09-18,,0,occurred
5197,SXTP,Other,2023-09-18,,0,occurred
5198,SAVA,Phase3,2023-09-18,,0,occurred
5199,ELOX,Phase2,2023-09-18,,0,occurred
5200,KNTE,Other,2023-09-18,,0,occurred
5201,GILD,Phase2,2023-09-18,,0,occurred
5202,GSK,Other,2023-09-15,,0,occurred
5203,SCLX,Phase2,2023-09-14,,0,occurred
5204,SRNE,Phase2,2023-09-14,,0,occurred
5205,MRNA,Phase3,2023-09-13,,0,occurred
5206,AMGN,Phase2,2023-09-13,,0,occurred
5207,VTGN,Phase2,2023-09-12,,0,occurred
5208,ANIP,Other,2023-09-12,,0,occurred
5209,NXTC,Phase2,2023-09-12,,0,occurred
5210,EIGR,Phase3,2023-09-12,,0,occurred
5211,LSTA,Phase2,2023-09-12,,0,occurred
5212,MRNA,Other,2023-09-11,,0,occurred
5213,CRNX,Phase3,2023-09-11,,0,occurred
5214,PFE,Other,2023-09-11,,0,occurred
5215,GILD,Phase2,2023-09-11,,0,occurred
5216,BLRX,Other,2023-09-11,,0,occurred
5217,ABUS,Other,2023-09-11,,0,occurred
5218,ABUS,Other,2023-09-11,,0,occurred
5219,BMY,Phase3,2023-09-11,,0,occurred
5220,BNTX,Other,2023-09-11,,0,occurred
5221,VERU,Phase3,2023-09-11,,0,occurred
5222,ARWR,Other,2023-09-11,,0,occurred
5223,IDYA,Other,2023-09-11,,0,occurred
5224,AZN,Other,2023-09-11,,0,occurred
5225,MRK,Phase3,2023-09-11,,0,occurred
5226,ABUS,Other,2023-09-11,,0,occurred
5227,CING,Phase3,2023-09-09,,0,occurred
5228,AZN,Phase2,2023-09-09,,0,occurred
5229,RNA,Other,2023-09-09,,0,occurred
5230,SNPX,Phase2,2023-09-09,,0,occurred
5231,VBIV,Phase2,2023-09-06,,0,occurred
5232,RHHBY,Other,2023-09-06,,0,occurred
5233,VIR,Phase2,2023-09-06,,0,occurred
5234,VBIV,Phase2,2023-09-06,,0,occurred
5235,AMRX,Other,2023-09-06,,0,occurred
5236,AMRX,Other,2023-09-06,,0,occurred
5237,VXRT,Phase2,2023-09-06,,0,occurred
5238,IGMS,Other,2023-09-05,,0,occurred
5239,AUTL,Other,2023-09-05,,0,occurred
5240,RXRX,Other,2023-09-05,,0,occurred
5241,TNXP,Phase2,2023-09-05,,0,occurred
5242,VTRS,Other,2023-09-05,,0,occurred
5243,ADCT,Phase3,2023-08-31,,0,occurred
5244,RGNX,Other,2023-08-30,,0,occurred
5245,RGNX,Other,2023-08-30,,0,occurred
5246,FGEN,Phase3,2023-08-29,,0,occurred
5247,TBPH,Phase3,2023-08-28,,0,occurred
5248,LIAN,Phase3,2023-08-28,,0,occurred
5249,NVS,Phase3,2023-08-28,,0,occurred
5250,BFRI,Other,2023-08-28,,0,occurred
5251,BMY,Other,2023-08-28,,0,occurred
5252,MRK,Other,2023-08-28,,0,occurred
5253,ANIP,Other,2023-08-28,,0,occurred
5254,ARWR,Phase2,2023-08-28,,0,occurred
5255,AMGN,Phase2,2023-08-28,,0,occurred
5256,MRK,Phase3,2023-08-25,,0,occurred
5257,MRK,Phase3,2023-08-25,,0,occurred
5258,NVS,Other,2023-08-25,,0,occurred
5259,GILD,Other,2023-08-24,,0,occurred
5260,RHHBY,Phase3,2023-08-23,,0,occurred
5261,GILD,Other,2023-08-21,,0,occurred
5262,PFE,Other,2023-08-21,,0,occurred
5263,GILD,Phase3,2023-08-21,,0,occurred
5264,NBIX,Other,2023-08-18,,0,occurred
5265,REGN,Other,2023-08-18,,0,occurred
5266,REGN,Other,2023-08-18,,0,occurred
5267,IMAB,Phase3,2023-08-17,,0,occurred
5268,IPSEY,Other,2023-08-16,,0,occurred
5269,AZN,Phase3,2023-08-16,,0,occurred
5270,GLTO,Phase2,2023-08-15,,0,occurred
5271,PFE,Other,2023-08-14,,0,occurred
5272,ADPT,Other,2023-08-14,,0,occurred
5273,TCRT,Other,2023-08-14,,0,occurred
5274,DSGN,Other,2023-08-14,,0,occurred
5275,DCTH,Other,2023-08-14,,0,occurred
5276,ANNX,Phase2,2023-08-11,,0,occurred
5277,JNJ,Other,2023-08-11,,0,occurred
5278,REGN,Phase2,2023-08-10,,0,occurred
5279,JNJ,Other,2023-08-10,,0,occurred
5280,PALI,Phase2,2023-08-09,,0,occurred
5281,GRTX,Other,2023-08-09,,0,occurred
5282,PRAX,Phase2,2023-08-08,,0,occurred
5283,AZN,Other,2023-08-08,,0,occurred
5284,BMY,Other,2023-08-08,,0,occurred
5285,ATAI,Other,2023-08-08,,0,occurred
5286,SAGE,Phase3,2023-08-07,,0,occurred
5287,PASG,Other,2023-08-07,,0,occurred
5288,PRAX,Other,2023-08-07,,0,occurred
5289,RCUS,Other,2023-08-07,,0,occurred
5290,SAGE,Other,2023-08-04,,0,occurred
5291,SAGE,Other,2023-08-04,,0,occurred
5292,BIIB,Other,2023-08-04,,0,occurred
5293,BIIB,Other,2023-08-04,,0,occurred
5294,LUMO,Other,2023-08-03,,0,occurred
5295,AFMD,Other,2023-08-03,,0,occurred
5296,MRK,Other,2023-08-03,,0,occurred
5297,ALEC,Phase2,2023-08-03,,0,occurred
5298,MESO,Other,2023-08-03,,0,occurred
5299,GSK,Other,2023-07-31,,0,occurred
5300,ANAB,Other,2023-07-31,,0,occurred
5301,IONS,Phase3,2023-07-31,,0,occurred
5302,IOBT,Other,2023-07-28,,0,occurred
5303,MRK,Other,2023-07-28,,0,occurred
5304,DTIL,Other,2023-07-27,,0,occurred
5305,LLY,Phase3,2023-07-27,,0,occurred
5306,TGTX,Other,2023-07-27,,0,occurred
5307,MRSN,Other,2023-07-27,,0,occurred
5308,PFE,Phase3,2023-07-27,,0,occurred
5309,BHVN,Phase3,2023-07-27,,0,occurred
5310,LIAN,Other,2023-07-25,,0,occurred
5311,TARS,Other,2023-07-25,,0,occurred
5312,TNGX,Other,2023-07-24,,0,occurred
5313,KOD,Phase3,2023-07-24,,0,occurred
5314,LCTX,Other,2023-07-24,,0,occurred
5315,VRCA,Other,2023-07-21,,0,occurred
5316,EBS,Other,2023-07-21,,0,occurred
5317,GILD,Phase3,2023-07-21,,0,occurred
5318,FIXX,Other,2023-07-21,,0,occurred
5319,VIR,Phase2,2023-07-20,,0,occurred
5320,HRMY,Phase2,2023-07-20,,0,occurred
5321,SNPX,Other,2023-07-19,,0,occurred
5322,PFE,Phase2,2023-07-19,,0,occurred
5323,APVO,Other,2023-07-18,,0,occurred
5324,LGND,Other,2023-07-18,,0,occurred
5325,ACIU,Other,2023-07-18,,0,occurred
5326,HALO,Phase2,2023-07-17,,0,occurred
5327,PRTA,Other,2023-07-17,,0,occurred
5328,AZN,Other,2023-07-17,,0,occurred
5329,BPTH,Other,2023-07-17,,0,occurred
5330,IMMX,Other,2023-07-17,,0,occurred
5331,BLRX,Phase2,2023-07-17,,0,occurred
5332,CORT,Other,2023-07-17,,0,occurred
5333,AMGN,Phase3,2023-07-14,,0,occurred
5334,GILD,Other,2023-07-14,,0,occurred
5335,ZLAB,Phase3,2023-07-14,,0,occurred
5336,SYBX,Other,2023-07-11,,0,occurred
5337,DERM,Phase3,2023-07-11,,0,occurred
5338,CGTX,Other,2023-07-11,,0,occurred
5339,MDWD,Other,2023-07-10,,0,occurred
5340,TNXP,Phase2,2023-07-10,,0,occurred
5341,IOVA,Phase2,2023-07-10,,0,occurred
5342,EXAI,Other,2023-07-10,,0,occurred
5343,IBRX,Other,2023-07-10,,0,occurred
5344,CLDX,Phase2,2023-07-06,,0,occurred
5345,BIIB,Other,2023-07-06,,0,occurred
5346,VXRT,Phase2,2023-07-06,,0,occurred
5347,ALLR,Phase2,2023-07-05,,0,occurred
5348,SRRK,Phase2,2023-06-30,,0,occurred
5349,BMRN,Other,2023-06-29,,0,occurred
5350,EIGR,Phase3,2023-06-29,,0,occurred
5351,BTAI,Phase3,2023-06-29,,0,occurred
5352,BHC,Other,2023-06-29,,0,occurred
5353,FBIO,Other,2023-06-29,,0,occurred
5354,MNOV,Phase2,2023-06-29,,0,occurred
5355,ALDX,Phase2,2023-06-29,,0,occurred
5356,BLCO,Other,2023-06-29,,0,occurred
5357,PTCT,Phase2/3,2023-06-29,,0,occurred
5358,CLRB,Phase2,2023-06-28,,0,occurred
5359,ETON,Other,2023-06-28,,0,occurred
5360,OPK,Other,2023-06-28,,0,occurred
5361,BIIB,Other,2023-06-28,,0,occurred
5362,AVXL,Phase2,2023-06-28,,0,occurred
5363,KPTI,Phase3,2023-06-28,,0,occurred
5364,PFE,Other,2023-06-28,,0,occurred
5365,ALDX,Phase2,2023-06-27,,0,occurred
5366,DRMA,Phase2,2023-06-27,,0,occurred
5367,AZN,Other,2023-06-26,,0,occurred
5368,FGEN,Phase3,2023-06-26,,0,occurred
5369,AZN,Other,2023-06-26,,0,occurred
5370,LLY,Phase2,2023-06-26,,0,occurred
5371,FGEN,Phase3,2023-06-26,,0,occurred
5372,AVTX,Phase2,2023-06-26,,0,occurred
5373,PHVS,Other,2023-06-26,,0,occurred
5374,ETNB,Phase2,2023-06-24,,0,occurred
5375,VIR,Phase2,2023-06-24,,0,occurred
5376,LLY,Phase2,2023-06-24,,0,occurred
5377,TAK,Phase2,2023-06-24,,0,occurred
5378,ARWR,Phase2,2023-06-24,,0,occurred
5379,LLY,Phase2,2023-06-24,,0,occurred
5380,ZLDPF,Other,2023-06-24,,0,occurred
5381,VIR,Other,2023-06-24,,0,occurred
5382,LLY,Phase3,2023-06-24,,0,occurred
5383,ALNY,Phase2,2023-06-24,,0,occurred
5384,GILD,Phase3,2023-06-23,,0,occurred
5385,ZLDPF,Phase2,2023-06-23,,0,occurred
5386,PFE,Other,2023-06-23,,0,occurred
5387,SRPT,Other,2023-06-22,,0,occurred
5388,RHHBY,Other,2023-06-22,,0,occurred
5389,RHHBY,Phase2,2023-06-22,,0,occurred
5390,AMGN,Other,2023-06-21,,0,occurred
5391,LLY,Other,2023-06-21,,0,occurred
5392,BRNS,Other,2023-06-21,,0,occurred
5393,PIRS,Phase2,2023-06-21,,0,occurred
5394,ALDX,Other,2023-06-21,,0,occurred
5395,AZN,Phase2,2023-06-21,,0,occurred
5396,ALGS,Other,2023-06-21,,0,occurred
5397,VTGN,Other,2023-06-21,,0,occurred
5398,PFE,Other,2023-06-20,,0,occurred
5399,ZLAB,Other,2023-06-20,,0,occurred
5400,HALO,Other,2023-06-20,,0,occurred
5401,CYTK,Phase3,2023-06-20,,0,occurred
5402,MRK,Phase3,2023-06-20,,0,occurred
5403,ARGX,Other,2023-06-20,,0,occurred
5404,CTXR,Phase2,2023-06-20,,0,occurred
5405,RYTM,Phase2,2023-06-19,,0,occurred
5406,SPRB,Phase2,2023-06-17,,0,occurred
5407,STSA,Phase3,2023-06-17,,0,occurred
5408,NVS,Other,2023-06-17,,0,occurred
5409,BMY,Other,2023-06-16,,0,occurred
5410,LIAN,Other,2023-06-16,,0,occurred
5411,RHHBY,Other,2023-06-16,,0,occurred
5412,AUTL,Other,2023-06-16,,0,occurred
5413,MRSN,Other,2023-06-15,,0,occurred
5414,BGNE,Phase2,2023-06-15,,0,occurred
5415,HEPA,Phase2,2023-06-15,,0,occurred
5416,MRSN,Phase3,2023-06-15,,0,occurred
5417,BGNE,Phase2,2023-06-15,,0,occurred
5418,ALDX,Phase3,2023-06-15,,0,occurred
5419,PBLA,Phase2,2023-06-15,,0,occurred
5420,CRNX,Phase2,2023-06-15,,0,occurred
5421,LVTX,Other,2023-06-14,,0,occurred
5422,EGRX,Phase2/3,2023-06-14,,0,occurred
5423,TSVT,Other,2023-06-14,,0,occurred
5424,ELOX,Phase2,2023-06-14,,0,occurred
5425,AMRX,Other,2023-06-14,,0,occurred
5426,KYMR,Other,2023-06-14,,0,occurred
5427,LVTX,Other,2023-06-14,,0,occurred
5428,DERM,Other,2023-06-13,,0,occurred
5429,IPSEY,Other,2023-06-13,,0,occurred
5430,IVA,Phase2,2023-06-13,,0,occurred
5431,NVS,Other,2023-06-12,,0,occurred
5432,IRWD,Other,2023-06-12,,0,occurred
5433,ABBV,Other,2023-06-12,,0,occurred
5434,PTGX,Phase2,2023-06-11,,0,occurred
5435,AZN,Other,2023-06-10,,0,occurred
5436,NKTX,Other,2023-06-10,,0,occurred
5437,NVS,Phase3,2023-06-09,,0,occurred
5438,NVS,Phase3,2023-06-09,,0,occurred
5439,GSK,Other,2023-06-09,,0,occurred
5440,ADCT,Phase2,2023-06-09,,0,occurred
5441,SWTX,Other,2023-06-09,,0,occurred
5442,ABBV,Phase2,2023-06-09,,0,occurred
5443,CGEM,Other,2023-06-08,,0,occurred
5444,RCKT,Other,2023-06-08,,0,occurred
5445,FGEN,Phase3,2023-06-07,,0,occurred
5446,TVTX,Other,2023-06-06,,0,occurred
5447,CHRS,Phase3,2023-06-06,,0,occurred
5448,MRK,Other,2023-06-05,,0,occurred
5449,LGND,Phase2,2023-06-05,,0,occurred
5450,AADI,Other,2023-06-05,,0,occurred
5451,IGMS,Other,2023-06-05,,0,occurred
5452,MRK,Other,2023-06-05,,0,occurred
5453,PBYI,Phase2,2023-06-05,,0,occurred
5454,ERAS,Other,2023-06-05,,0,occurred
5455,STTK,Other,2023-06-05,,0,occurred
5456,AZN,Other,2023-06-05,,0,occurred
5457,ERAS,Other,2023-06-05,,0,occurred
5458,PGEN,Other,2023-06-05,,0,occurred
5459,CGEN,Other,2023-06-05,,0,occurred
5460,NEXI,Other,2023-06-05,,0,occurred
5461,CUE,Other,2023-06-05,,0,occurred
5462,BLPH,Phase3,2023-06-05,,0,occurred
5463,BCEL,Other,2023-06-05,,0,occurred
5464,BGNE,Phase3,2023-06-05,,0,occurred
5465,GILD,Phase2,2023-06-05,,0,occurred
5466,RCUS,Phase2,2023-06-05,,0,occurred
5467,CHRS,Phase3,2023-06-03,,0,occurred
5468,INCY,Other,2023-06-03,,0,occurred
5469,AFMD,Other,2023-06-03,,0,occurred
5470,PFE,Other,2023-06-03,,0,occurred
5471,PFE,Other,2023-06-03,,0,occurred
5472,CHRS,Phase3,2023-06-03,,0,occurred
5473,AGEN,Other,2023-06-03,,0,occurred
5474,PGEN,Other,2023-06-03,,0,occurred
5475,GNPX,Other,2023-06-03,,0,occurred
5476,BNTX,Other,2023-06-02,,0,occurred
5477,MRK,Phase2/3,2023-06-02,,0,occurred
5478,CNTB,Phase2,2023-06-01,,0,occurred
5479,PFE,Phase3,2023-06-01,,0,occurred
5480,PFE,Other,2023-06-01,,0,occurred
5481,ZLAB,Other,2023-06-01,,0,occurred
5482,AZN,Other,2023-06-01,,0,occurred
5483,MRK,Other,2023-06-01,,0,occurred
5484,DBTX,Other,2023-06-01,,0,occurred
5485,ZLAB,Phase3,2023-06-01,,0,occurred
5486,ABBV,Phase2,2023-05-31,,0,occurred
5487,EGRX,Other,2023-05-31,,0,occurred
5488,DTIL,Other,2023-05-31,,0,occurred
5489,AMGN,Phase2,2023-05-31,,0,occurred
5490,RHHBY,Other,2023-05-30,,0,occurred
5491,CMPS,Phase2,2023-05-26,,0,occurred
5492,LXRX,Other,2023-05-26,,0,occurred
5493,SYRS,Other,2023-05-25,,0,occurred
5494,APLS,Phase2,2023-05-25,,0,occurred
5495,HCM,Phase2,2023-05-25,,0,occurred
5496,EFTR,Phase2,2023-05-25,,0,occurred
5497,PFE,Other,2023-05-25,,0,occurred
5498,HCM,Phase2,2023-05-25,,0,occurred
5499,TPST,Other,2023-05-25,,0,occurred
5500,MRK,Phase3,2023-05-25,,0,occurred
5501,BMY,Phase3,2023-05-24,,0,occurred
5502,INVA,Other,2023-05-24,,0,occurred
5503,ZLAB,Other,2023-05-24,,0,occurred
5504,INDV,Other,2023-05-23,,0,occurred
5505,GPCR,Other,2023-05-23,,0,occurred
5506,OPNT,Other,2023-05-23,,0,occurred
5507,ARWR,Phase2,2023-05-23,,0,occurred
5508,ACHV,Phase3,2023-05-23,,0,occurred
5509,GMAB,Other,2023-05-22,,0,occurred
5510,ABBV,Other,2023-05-22,,0,occurred
5511,CYTK,Phase2,2023-05-22,,0,occurred
5512,BPMC,Other,2023-05-22,,0,occurred
5513,ABBV,Other,2023-05-19,,0,occurred
5514,ADPT,Other,2023-05-19,,0,occurred
5515,GMAB,Other,2023-05-19,,0,occurred
5516,KRYS,Other,2023-05-19,,0,occurred
5517,CABA,Other,2023-05-18,,0,occurred
5518,FGEN,Phase3,2023-05-18,,0,occurred
5519,ABBV,Other,2023-05-18,,0,occurred
5520,CLLS,Other,2023-05-17,,0,occurred
5521,ROIV,Phase3,2023-05-16,,0,occurred
5522,BTAI,Other,2023-05-16,,0,occurred
5523,ANIP,Other,2023-05-15,,0,occurred
5524,ABBV,Other,2023-05-15,,0,occurred
5525,EQ,Other,2023-05-15,,0,occurred
5526,CPIX,Other,2023-05-15,,0,occurred
5527,ANIP,Other,2023-05-15,,0,occurred
5528,CELC,Other,2023-05-12,,0,occurred
5529,GSK,Phase3,2023-05-12,,0,occurred
5530,PTGX,Other,2023-05-12,,0,occurred
5531,JNJ,Other,2023-05-12,,0,occurred
5532,CYCN,Phase2,2023-05-11,,0,occurred
5533,BIIB,Phase2,2023-05-10,,0,occurred
5534,BIIB,Phase2,2023-05-10,,0,occurred
5535,PLX,Other,2023-05-10,,0,occurred
5536,AZN,Other,2023-05-09,,0,occurred
5537,EYEN,Other,2023-05-08,,0,occurred
5538,VIR,Other,2023-05-08,,0,occurred
5539,LLY,Phase3,2023-05-08,,0,occurred
5540,BCRX,Phase2,2023-05-07,,0,occurred
5541,PCSA,Phase2,2023-05-06,,0,occurred
5542,SABS,Phase2,2023-05-04,,0,occurred
5543,NVO,Other,2023-05-04,,0,occurred
5544,NVO,Other,2023-05-04,,0,occurred
5545,GSK,Other,2023-05-03,,0,occurred
5546,KPTI,Phase2,2023-05-03,,0,occurred
5547,AGEN,Other,2023-05-03,,0,occurred
5548,VRTX,Other,2023-05-03,,0,occurred
5549,NRSN,Other,2023-05-02,,0,occurred
5550,IXHL,Other,2023-05-02,,0,occurred
5551,AVDL,Other,2023-05-01,,0,occurred
5552,KPRX,Other,2023-05-01,,0,occurred
5553,ATAI,Other,2023-04-28,,0,occurred
5554,NVO,Other,2023-04-28,,0,occurred
5555,TEVA,Other,2023-04-28,,0,occurred
5556,LLY,Phase2,2023-04-27,,0,occurred
5557,PFE,Other,2023-04-27,,0,occurred
5558,ABUS,Other,2023-04-27,,0,occurred
5559,NKTR,Phase2,2023-04-27,,0,occurred
5560,EVLO,Phase2,2023-04-26,,0,occurred
5561,SABS,Phase3,2023-04-26,,0,occurred
5562,KPRX,Other,2023-04-26,,0,occurred
5563,MCRB,Other,2023-04-26,,0,occurred
5564,EQ,Phase3,2023-04-26,,0,occurred
5565,INBX,Other,2023-04-26,,0,occurred
5566,IONS,Other,2023-04-25,,0,occurred
5567,ATHA,Phase2,2023-04-25,,0,occurred
5568,BIIB,Other,2023-04-25,,0,occurred
5569,BLTE,Phase2/3,2023-04-25,,0,occurred
5570,QTRX,Other,2023-04-25,,0,occurred
5571,UBX,Phase2,2023-04-24,,0,occurred
5572,ANIP,Other,2023-04-24,,0,occurred
5573,PFE,Phase2,2023-04-23,,0,occurred
5574,IDYA,Phase2,2023-04-23,,0,occurred
5575,STSA,Phase3,2023-04-21,,0,occurred
5576,HCM,Phase2,2023-04-19,,0,occurred
5577,RHHBY,Other,2023-04-19,,0,occurred
5578,EXAI,Other,2023-04-19,,0,occurred
5579,JNJ,Phase3,2023-04-18,,0,occurred
5580,EVAX,Other,2023-04-18,,0,occurred
5581,ABBV,Other,2023-04-18,,0,occurred
5582,ZYME,Other,2023-04-18,,0,occurred
5583,DARE,Other,2023-04-18,,0,occurred
5584,ADAG,Other,2023-04-18,,0,occurred
5585,PCVX,Phase2,2023-04-17,,0,occurred
5586,RHHBY,Phase3,2023-04-17,,0,occurred
5587,AVIR,Phase3,2023-04-17,,0,occurred
5588,GMDA,Other,2023-04-17,,0,occurred
5589,AVIR,Phase2,2023-04-17,,0,occurred
5590,AXLA,Phase2,2023-04-17,,0,occurred
5591,AFMD,Phase2,2023-04-16,,0,occurred
5592,INO,Other,2023-04-16,,0,occurred
5593,HGEN,Phase2,2023-04-14,,0,occurred
5594,LLY,Other,2023-04-13,,0,occurred
5595,HRMY,Phase2,2023-04-13,,0,occurred
5596,ZYNE,Phase2,2023-04-13,,0,occurred
5597,SYRE,Other,2023-04-12,,0,occurred
5598,TAK,Other,2023-04-11,,0,occurred
5599,AMGN,Phase3,2023-04-10,,0,occurred
5600,MRK,Phase3,2023-04-07,,0,occurred
5601,MRK,Phase3,2023-04-07,,0,occurred
5602,GSK,Other,2023-04-05,,0,occurred
5603,IMUX,Phase2,2023-04-05,,0,occurred
5604,PFE,Other,2023-04-03,,0,occurred
5605,ONCT,Phase3,2023-04-03,,0,occurred
5606,JNJ,Other,2023-04-03,,0,occurred
5607,AKBA,Phase3,2023-04-03,,0,occurred
5608,AVXL,Phase2,2023-03-30,,0,occurred
5609,TAK,Phase3,2023-03-30,,0,occurred
5610,EBS,Other,2023-03-29,,0,occurred
5611,MRK,Other,2023-03-29,,0,occurred
5612,IONS,Other,2023-03-29,,0,occurred
5613,BIIB,Other,2023-03-29,,0,occurred
5614,CGTX,Other,2023-03-28,,0,occurred
5615,ANEB,Phase2,2023-03-28,,0,occurred
5616,NLSP,Phase3,2023-03-27,,0,occurred
5617,MNPR,Phase2/3,2023-03-27,,0,occurred
5618,PHAR,Other,2023-03-24,,0,occurred
5619,IVVD,Phase2/3,2023-03-23,,0,occurred
5620,INCY,Other,2023-03-23,,0,occurred
5621,INCY,Other,2023-03-22,,0,occurred
5622,CDTX,Other,2023-03-22,,0,occurred
5623,REGN,Other,2023-03-22,,0,occurred
5624,VTGN,Phase2,2023-03-22,,0,occurred
5625,RNAC,Phase3,2023-03-21,,0,occurred
5626,NVS,Other,2023-03-21,,0,occurred
5627,RHHBY,Phase2/3,2023-03-20,,0,occurred
5628,SYBX,Phase2,2023-03-19,,0,occurred
5629,CNTB,Phase2,2023-03-18,,0,occurred
5630,ABBV,Phase3,2023-03-18,,0,occurred
5631,CNTB,Phase2,2023-03-17,,0,occurred
5632,NVS,Other,2023-03-17,,0,occurred
5633,ZVRA,Other,2023-03-17,,0,occurred
5634,JNCE,Other,2023-03-16,,0,occurred
5635,ROIV,Phase3,2023-03-15,,0,occurred
5636,SYBX,Other,2023-03-12,,0,occurred
5637,RHHBY,Other,2023-03-10,,0,occurred
5638,PFE,Other,2023-03-10,,0,occurred
5639,ACAD,Other,2023-03-10,,0,occurred
5640,AMPH,Other,2023-03-07,,0,occurred
5641,CHRS,Other,2023-03-06,,0,occurred
5642,ARMP,Other,2023-03-06,,0,occurred
5643,ACRS,Phase2,2023-03-06,,0,occurred
5644,MRK,Other,2023-03-06,,0,occurred
5645,MRK,Phase2,2023-03-06,,0,occurred
5646,AMGN,Phase3,2023-03-04,,0,occurred
5647,EXEL,Phase3,2023-03-03,,0,occurred
5648,LLY,Other,2023-03-03,,0,occurred
5649,MRK,Phase2,2023-03-03,,0,occurred
5650,VALN,Phase3,2023-03-02,,0,occurred
5651,DVAX,Phase3,2023-03-02,,0,occurred
5652,JNJ,Phase3,2023-03-01,,0,occurred
5653,INO,Phase3,2023-03-01,,0,occurred
5654,MRK,Phase2,2023-03-01,,0,occurred
5655,CYTK,Other,2023-02-28,,0,occurred
5656,REGN,Other,2023-02-28,,0,occurred
5657,AMGN,Other,2023-02-28,,0,occurred
5658,BPMC,Phase2,2023-02-27,,0,occurred
5659,GSK,Phase2,2023-02-26,,0,occurred
5660,FULC,Other,2023-02-24,,0,occurred
5661,CING,Other,2023-02-23,,0,occurred
5662,SNY,Other,2023-02-23,,0,occurred
5663,CDXS,Other,2023-02-23,,0,occurred
5664,GSK,Phase3,2023-02-23,,0,occurred
5665,BCTX,Other,2023-02-23,,0,occurred
5666,ALRN,Other,2023-02-21,,0,occurred
5667,EFTR,Other,2023-02-21,,0,occurred
5668,MRK,Phase3,2023-02-21,,0,occurred
5669,TAK,Phase3,2023-02-18,,0,occurred
5670,TEVA,Other,2023-02-17,,0,occurred
5671,APLS,Other,2023-02-17,,0,occurred
5672,TVTX,Other,2023-02-17,,0,occurred
5673,TRML,Phase2,2023-02-16,,0,occurred
5674,CLSD,Phase2,2023-02-16,,0,occurred
5675,TRML,Phase3,2023-02-16,,0,occurred
5676,JSPR,Other,2023-02-16,,0,occurred
5677,AURA,Phase2,2023-02-16,,0,occurred
5678,ALVR,Phase2,2023-02-15,,0,occurred
5679,MGNX,Other,2023-02-14,,0,occurred
5680,KRRO,Other,2023-02-13,,0,occurred
5681,KRRO,Phase2,2023-02-13,,0,occurred
5682,RGNX,Phase2,2023-02-11,,0,occurred
5683,ANAB,Other,2023-02-10,,0,occurred
5684,PFE,Other,2023-02-10,,0,occurred
5685,GSK,Other,2023-02-10,,0,occurred
5686,REGN,Other,2023-02-08,,0,occurred
5687,LSTA,Other,2023-02-06,,0,occurred
5688,GILD,Other,2023-02-03,,0,occurred
5689,TAK,Other,2023-02-03,,0,occurred
5690,GSK,Other,2023-02-01,,0,occurred
5691,CNTX,Other,2023-01-31,,0,occurred
5692,EDAP,Phase2,2023-01-31,,0,occurred
5693,GSK,Other,2023-01-30,,0,occurred
5694,CVAC,Other,2023-01-30,,0,occurred
5695,LLY,Other,2023-01-27,,0,occurred
5696,MRK,Other,2023-01-27,,0,occurred
5697,LLY,Other,2023-01-27,,0,occurred
5698,ACIU,Other,2023-01-26,,0,occurred
5699,BMY,Other,2023-01-26,,0,occurred
5700,AZN,Phase3,2023-01-26,,0,occurred
5701,MGTA,Other,2023-01-25,,0,occurred
5702,CYTO,Other,2023-01-24,,0,occurred
5703,MRK,Other,2023-01-19,,0,occurred
5704,BGNE,Other,2023-01-19,,0,occurred
5705,PFE,Other,2023-01-19,,0,occurred
5706,ORMP,Phase3,2023-01-12,,0,occurred
5707,GKOS,Phase2,2023-01-10,,0,occurred
5708,OCGN,Phase2/3,2023-01-09,,0,occurred
5709,TIL,Other,2023-01-09,,0,occurred
5710,BFRI,Phase3,2023-01-09,,0,occurred
5711,RDHL,Phase2/3,2023-01-03,,0,occurred
5712,PDSB,Phase2,2022-12-28,,0,occurred
5713,GRCE,Phase3,2022-12-28,,0,occurred
5714,UNCY,Other,2022-12-28,,0,occurred
5715,JNJ,Phase3,2022-12-27,,0,occurred
5716,NBTX,Phase3,2022-12-27,,0,occurred
5717,RLFTF,Other,2022-12-23,,0,occurred
5718,ZVRA,Other,2022-12-23,,0,occurred
5719,RHHBY,Other,2022-12-23,,0,occurred
5720,ATAI,Other,2022-12-23,,0,occurred
5721,CYAD,Other,2022-12-21,,0,occurred
5722,ANIP,Other,2022-12-20,,0,occurred
5723,ABBV,Other,2022-12-19,,0,occurred
5724,AZN,Phase3,2022-12-19,,0,occurred
5725,ASMB,Other,2022-12-19,,0,occurred
5726,SYBX,Other,2022-12-15,,0,occurred
5727,ALNY,Other,2022-12-15,,0,occurred
5728,ZLAB,Other,2022-12-13,,0,occurred
5729,BYSI,Phase2/3,2022-12-13,,0,occurred
5730,ADMA,Other,2022-12-13,,0,occurred
5731,PGEN,Other,2022-12-13,,0,occurred
5732,ADMA,Other,2022-12-13,,0,occurred
5733,BMY,Other,2022-12-13,,0,occurred
5734,MRK,Phase2,2022-12-12,,0,occurred
5735,TAK,Other,2022-12-12,,0,occurred
5736,AZN,Other,2022-12-12,,0,occurred
5737,BMY,Other,2022-12-12,,0,occurred
5738,BMY,Other,2022-12-12,,0,occurred
5739,IMAB,Phase2,2022-12-12,,0,occurred
5740,RHHBY,Other,2022-12-12,,0,occurred
5741,AZN,Other,2022-12-12,,0,occurred
5742,ONCT,Other,2022-12-12,,0,occurred
5743,XNCR,Other,2022-12-12,,0,occurred
5744,AFMD,Other,2022-12-12,,0,occurred
5745,GMAB,Other,2022-12-12,,0,occurred
5746,JAZZ,Phase3,2022-12-12,,0,occurred
5747,AZN,Other,2022-12-12,,0,occurred
5748,NVS,Other,2022-12-12,,0,occurred
5749,AUTL,Other,2022-12-12,,0,occurred
5750,INCY,Phase2,2022-12-12,,0,occurred
5751,ABBV,Phase2,2022-12-12,,0,occurred
5752,BLUE,Phase3,2022-12-12,,0,occurred
5753,AZN,Phase2,2022-12-12,,0,occurred
5754,INCY,Other,2022-12-12,,0,occurred
5755,VINC,Other,2022-12-12,,0,occurred
5756,ALXO,Other,2022-12-12,,0,occurred
5757,PRTA,Phase3,2022-12-12,,0,occurred
5758,RHHBY,Other,2022-12-12,,0,occurred
5759,KROS,Phase2,2022-12-12,,0,occurred
5760,MRK,Phase2,2022-12-12,,0,occurred
5761,RHHBY,Phase3,2022-12-12,,0,occurred
5762,ADCT,Other,2022-12-12,,0,occurred
5763,NVCR,Phase2,2022-12-12,,0,occurred
5764,BPMC,Other,2022-12-12,,0,occurred
5765,JAZZ,Phase2,2022-12-12,,0,occurred
5766,JAZZ,Other,2022-12-12,,0,occurred
5767,RHHBY,Other,2022-12-12,,0,occurred
5768,ADPT,Other,2022-12-12,,0,occurred
5769,FATE,Other,2022-12-12,,0,occurred
5770,LEGN,Phase2,2022-12-12,,0,occurred
5771,RCKT,Phase2,2022-12-12,,0,occurred
5772,RIGL,Phase3,2022-12-12,,0,occurred
5773,BMY,Other,2022-12-12,,0,occurred
5774,REGN,Other,2022-12-12,,0,occurred
5775,MRK,Phase2,2022-12-12,,0,occurred
5776,BMY,Other,2022-12-11,,0,occurred
5777,BMY,Other,2022-12-10,,0,occurred
5778,TSVT,Phase2,2022-12-10,,0,occurred
5779,BMY,Other,2022-12-10,,0,occurred
5780,BMY,Phase2,2022-12-10,,0,occurred
5781,ADPT,Phase2,2022-12-10,,0,occurred
5782,ABBV,Phase3,2022-12-10,,0,occurred
5783,JNJ,Phase2,2022-12-09,,0,occurred
5784,AZN,Other,2022-12-09,,0,occurred
5785,VIRX,Other,2022-12-09,,0,occurred
5786,AZN,Other,2022-12-09,,0,occurred
5787,AZN,Other,2022-12-09,,0,occurred
5788,ZYME,Phase2,2022-12-09,,0,occurred
5789,IPHA,Other,2022-12-09,,0,occurred
5790,CYTK,Phase2,2022-12-08,,0,occurred
5791,CNTX,Phase2,2022-12-08,,0,occurred
5792,PFE,Other,2022-12-08,,0,occurred
5793,AZN,Phase2,2022-12-08,,0,occurred
5794,IMCR,Other,2022-12-08,,0,occurred
5795,CORT,Phase2,2022-12-08,,0,occurred
5796,PBYI,Phase2,2022-12-08,,0,occurred
5797,CORT,Phase2,2022-12-08,,0,occurred
5798,BNTX,Other,2022-12-08,,0,occurred
5799,VOR,Other,2022-12-07,,0,occurred
5800,MNOV,Phase2,2022-12-07,,0,occurred
5801,NVS,Phase2,2022-12-06,,0,occurred
5802,DRMA,Phase2,2022-12-05,,0,occurred
5803,PRAX,Other,2022-12-04,,0,occurred
5804,VNDA,Phase2,2022-12-02,,0,occurred
5805,ACIU,Phase2,2022-12-01,,0,occurred
5806,NVO,Other,2022-12-01,,0,occurred
5807,RIGL,Other,2022-12-01,,0,occurred
5808,SCYX,Other,2022-12-01,,0,occurred
5809,YMAB,Other,2022-12-01,,0,occurred
5810,SCYX,Other,2022-12-01,,0,occurred
5811,NBRV,Other,2022-11-28,,0,occurred
5812,AZN,Other,2022-11-28,,0,occurred
5813,ARVN,Phase2,2022-11-22,,0,occurred
5814,QURE,Other,2022-11-22,,0,occurred
5815,BFRI,Other,2022-11-21,,0,occurred
5816,JAZZ,Other,2022-11-18,,0,occurred
5817,NWBO,Phase3,2022-11-17,,0,occurred
5818,INTS,Other,2022-11-17,,0,occurred
5819,MEIP,Phase2,2022-11-17,,0,occurred
5820,SNY,Other,2022-11-17,,0,occurred
5821,AMGN,Phase2,2022-11-14,,0,occurred
5822,VRDN,Other,2022-11-14,,0,occurred
5823,SYRS,Other,2022-11-14,,0,occurred
5824,INFI,Phase2,2022-11-14,,0,occurred
5825,SRNE,Other,2022-11-13,,0,occurred
5826,AZN,Other,2022-11-11,,0,occurred
5827,CVAC,Other,2022-11-11,,0,occurred
5828,IKNA,Other,2022-11-10,,0,occurred
5829,XNCR,Phase2,2022-11-10,,0,occurred
5830,PHVS,Other,2022-11-10,,0,occurred
5831,BMY,Other,2022-11-10,,0,occurred
5832,SLS,Other,2022-11-10,,0,occurred
5833,VCNX,Other,2022-11-10,,0,occurred
5834,NRIX,Other,2022-11-10,,0,occurred
5835,NRIX,Other,2022-11-10,,0,occurred
5836,PFE,Other,2022-11-10,,0,occurred
5837,CRSP,Other,2022-11-10,,0,occurred
5838,ADAG,Other,2022-11-10,,0,occurred
5839,CNTX,Phase2,2022-11-09,,0,occurred
5840,PRAX,Phase2,2022-11-09,,0,occurred
5841,NVAX,Phase3,2022-11-08,,0,occurred
5842,GLTO,Other,2022-11-08,,0,occurred
5843,ADAP,Other,2022-11-08,,0,occurred
5844,ADAP,Other,2022-11-08,,0,occurred
5845,MIRM,Phase2,2022-11-08,,0,occurred
5846,ADAP,Phase2,2022-11-08,,0,occurred
5847,IONS,Phase2,2022-11-07,,0,occurred
5848,ABBV,Phase2,2022-11-07,,0,occurred
5849,NXTC,Other,2022-11-07,,0,occurred
5850,RHHBY,Phase2,2022-11-07,,0,occurred
5851,AZN,Phase2,2022-11-07,,0,occurred
5852,CARA,Phase2,2022-11-07,,0,occurred
5853,GSK,Phase3,2022-11-07,,0,occurred
5854,LXRX,Phase3,2022-11-05,,0,occurred
5855,VERA,Phase2,2022-11-05,,0,occurred
5856,IONS,Phase2,2022-11-04,,0,occurred
5857,PFE,Phase2/3,2022-11-04,,0,occurred
5858,TERN,Other,2022-11-04,,0,occurred
5859,BNTX,Phase2/3,2022-11-04,,0,occurred
5860,KZR,Phase2,2022-11-03,,0,occurred
5861,NVS,Phase2,2022-11-03,,0,occurred
5862,FATE,Other,2022-11-03,,0,occurred
5863,INBX,Other,2022-11-02,,0,occurred
5864,GILD,Other,2022-11-02,,0,occurred
5865,SNY,Other,2022-11-02,,0,occurred
5866,AMRX,Other,2022-11-02,,0,occurred
5867,DNLI,Other,2022-11-01,,0,occurred
5868,ANIK,Phase3,2022-11-01,,0,occurred
5869,IVA,Phase2,2022-10-31,,0,occurred
5870,ENSC,Other,2022-10-31,,0,occurred
5871,SNY,Other,2022-10-27,,0,occurred
5872,GRTX,Phase2,2022-10-27,,0,occurred
5873,REGN,Other,2022-10-27,,0,occurred
5874,PBYI,Phase2,2022-10-27,,0,occurred
5875,KURA,Other,2022-10-26,,0,occurred
5876,LLY,Other,2022-10-25,,0,occurred
5877,AZN,Phase3,2022-10-25,,0,occurred
5878,SCYX,Phase3,2022-10-24,,0,occurred
5879,TCDA,Phase3,2022-10-24,,0,occurred
5880,AZN,Other,2022-10-24,,0,occurred
5881,ABBV,Phase3,2022-10-24,,0,occurred
5882,FNCH,Phase2,2022-10-24,,0,occurred
5883,ABBV,Other,2022-10-21,,0,occurred
5884,SMMT,Phase3,2022-10-20,,0,occurred
5885,EYEN,Phase3,2022-10-20,,0,occurred
5886,SAGE,Phase3,2022-10-17,,0,occurred
5887,BIIB,Phase3,2022-10-17,,0,occurred
5888,GSK,Other,2022-10-17,,0,occurred
5889,SRPT,Phase3,2022-10-14,,0,occurred
5890,RLMD,Phase3,2022-10-13,,0,occurred
5891,FOLD,Other,2022-10-12,,0,occurred
5892,EVFM,Phase3,2022-10-12,,0,occurred
5893,ORMP,Other,2022-10-07,,0,occurred
5894,ANAB,Phase2,2022-10-05,,0,occurred
5895,GSK,Phase2,2022-10-05,,0,occurred
5896,VSTM,Phase2,2022-10-04,,0,occurred
5897,KALV,Phase2,2022-10-04,,0,occurred
5898,NVO,Phase3,2022-10-03,,0,occurred
5899,MGTX,Other,2022-10-01,,0,occurred
5900,APLS,Phase3,2022-09-30,,0,occurred
5901,GRTS,Phase2,2022-09-30,,0,occurred
5902,ABBV,Other,2022-09-29,,0,occurred
5903,PFE,Phase3,2022-09-29,,0,occurred
5904,ABBV,Other,2022-09-29,,0,occurred
5905,BHVN,Phase3,2022-09-29,,0,occurred
5906,CPRX,Other,2022-09-29,,0,occurred
5907,AXLA,Phase2,2022-09-29,,0,occurred
5908,SNY,Other,2022-09-28,,0,occurred
5909,REGN,Other,2022-09-28,,0,occurred
5910,BMY,Other,2022-09-28,,0,occurred
5911,ADAP,Other,2022-09-28,,0,occurred
5912,VBIV,Phase3,2022-09-21,,0,occurred
5913,LLY,Other,2022-09-21,,0,occurred
5914,PCRX,Phase3,2022-09-21,,0,occurred
5915,FENC,Other,2022-09-20,,0,occurred
5916,TRVI,Phase2,2022-09-19,,0,occurred
5917,VIRI,Phase2,2022-09-19,,0,occurred
5918,ERYP,Phase2,2022-09-19,,0,occurred
5919,JNJ,Phase3,2022-09-18,,0,occurred
5920,BLUE,Other,2022-09-17,,0,occurred
5921,AZN,Phase3,2022-09-16,,0,occurred
5922,HRTX,Other,2022-09-16,,0,occurred
5923,OMER,Phase2,2022-09-15,,0,occurred
5924,GRTS,Other,2022-09-12,,0,occurred
5925,TRAW,Other,2022-09-12,,0,occurred
5926,GRTS,Phase2,2022-09-12,,0,occurred
5927,ONTX,Other,2022-09-12,,0,occurred
5928,AZN,Phase2,2022-09-11,,0,occurred
5929,BMY,Other,2022-09-10,,0,occurred
5930,NKTR,Other,2022-09-10,,0,occurred
5931,MRK,Phase3,2022-09-10,,0,occurred
5932,BMY,Other,2022-09-10,,0,occurred
5933,SPPI,Phase2,2022-09-10,,0,occurred
5934,EXEL,Other,2022-09-10,,0,occurred
5935,DCPH,Other,2022-09-10,,0,occurred
5936,LYRA,Phase2,2022-09-10,,0,occurred
5937,SPPI,Other,2022-09-09,,0,occurred
5938,ALLK,Phase3,2022-09-09,,0,occurred
5939,NVS,Phase3,2022-09-09,,0,occurred
5940,ASRT,Other,2022-09-09,,0,occurred
5941,EXEL,Phase3,2022-09-08,,0,occurred
5942,BMY,Phase3,2022-09-08,,0,occurred
5943,TAK,Phase3,2022-09-08,,0,occurred
5944,VRTX,Other,2022-09-02,,0,occurred
5945,AQST,Other,2022-08-31,,0,occurred
5946,ANAB,Phase2,2022-08-31,,0,occurred
5947,JNCE,Phase2,2022-08-30,,0,occurred
5948,DVAX,Phase2/3,2022-08-30,,0,occurred
5949,CYTO,Phase2,2022-08-30,,0,occurred
5950,REGN,Phase2,2022-08-29,,0,occurred
5951,ALNY,Phase2,2022-08-29,,0,occurred
5952,BYSI,Phase2,2022-08-29,,0,occurred
5953,BMY,Phase2,2022-08-28,,0,occurred
5954,INCY,Other,2022-08-26,,0,occurred
5955,JNJ,Other,2022-08-24,,0,occurred
5956,NVO,Phase2,2022-08-22,,0,occurred
5957,AXSM,Other,2022-08-19,,0,occurred
5958,BLUE,Other,2022-08-17,,0,occurred
5959,SNY,Phase3,2022-08-17,,0,occurred
5960,NVS,Phase3,2022-08-15,,0,occurred
5961,VRDN,Other,2022-08-15,,0,occurred
5962,AZN,Other,2022-08-12,,0,occurred
5963,RHHBY,Other,2022-08-11,,0,occurred
5964,INFI,Phase2,2022-08-09,,0,occurred
5965,BMY,Phase3,2022-08-08,,0,occurred
5966,RVMD,Phase3,2022-08-07,,0,occurred
5967,CYAD,Other,2022-08-05,,0,occurred
5968,AZN,Other,2022-08-05,,0,occurred
5969,ACAD,Other,2022-08-05,,0,occurred
5970,PFE,Other,2022-08-05,,0,occurred
5971,AZN,Other,2022-08-05,,0,occurred
5972,AKBA,Phase2,2022-08-04,,0,occurred
5973,NBIX,Phase2,2022-08-04,,0,occurred
5974,ABBV,Other,2022-08-03,,0,occurred
5975,ABBV,Other,2022-08-03,,0,occurred
5976,LIAN,Other,2022-08-03,,0,occurred
5977,MACK,Phase3,2022-08-03,,0,occurred
5978,MRK,Phase3,2022-08-03,,0,occurred
5979,ACIU,Phase3,2022-08-02,,0,occurred
5980,RHHBY,Phase3,2022-08-02,,0,occurred
5981,CHRS,Other,2022-08-02,,0,occurred
5982,JNJ,Other,2022-08-01,,0,occurred
5983,IPHA,Phase3,2022-08-01,,0,occurred
5984,MBRX,Other,2022-07-28,,0,occurred
5985,PFE,Phase3,2022-07-28,,0,occurred
5986,GSK,Other,2022-07-27,,0,occurred
5987,JNJ,Other,2022-07-26,,0,occurred
5988,VTGN,Phase3,2022-07-22,,0,occurred
5989,BIIB,Phase2,2022-07-20,,0,occurred
5990,MRK,Phase3,2022-07-20,,0,occurred
5991,HLVX,Phase2,2022-07-20,,0,occurred
5992,INCY,Other,2022-07-19,,0,occurred
5993,HRMY,Phase3,2022-07-18,,0,occurred
5994,ETON,Other,2022-07-18,,0,occurred
5995,ZYNE,Phase3,2022-07-18,,0,occurred
5996,RGLS,Phase2,2022-07-15,,0,occurred
5997,HGEN,Phase2/3,2022-07-13,,0,occurred
5998,NVAX,Other,2022-07-13,,0,occurred
5999,CFRX,Phase3,2022-07-13,,0,occurred
6000,SCPH,Phase2,2022-07-12,,0,occurred
6001,ALDX,Phase3,2022-07-12,,0,occurred
6002,AMGN,Other,2022-07-08,,0,occurred
6003,OPTN,Phase3,2022-07-08,,0,occurred
6004,MGNX,Phase2,2022-07-08,,0,occurred
6005,SRPT,Phase2,2022-07-06,,0,occurred
6006,CTMX,Phase2,2022-07-06,,0,occurred
6007,HGEN,Phase3,2022-07-06,,0,occurred
6008,ENDP,Phase2,2022-07-01,,0,occurred
6009,CDAK,Other,2022-06-30,,0,occurred
6010,CYCC,Other,2022-06-30,,0,occurred
6011,JAZZ,Phase3,2022-06-28,,0,occurred
6012,CYCN,Phase2,2022-06-28,,0,occurred
6013,IONS,Phase2,2022-06-27,,0,occurred
6014,ETNB,Other,2022-06-27,,0,occurred
6015,ARWR,Phase2,2022-06-27,,0,occurred
6016,MDGL,Phase3,2022-06-27,,0,occurred
6017,SPRO,Other,2022-06-27,,0,occurred
6018,BMY,Other,2022-06-24,,0,occurred
6019,AZN,Phase3,2022-06-23,,0,occurred
6020,MRNA,Phase2/3,2022-06-22,,0,occurred
6021,NVS,Other,2022-06-22,,0,occurred
6022,ANIP,Other,2022-06-22,,0,occurred
6023,MRK,Other,2022-06-22,,0,occurred
6024,PTCT,Phase3,2022-06-21,,0,occurred
6025,PFE,Other,2022-06-17,,0,occurred
6026,BNTX,Other,2022-06-17,,0,occurred
6027,ABBV,Other,2022-06-17,,0,occurred
6028,RYTM,Other,2022-06-16,,0,occurred
6029,RYTM,Other,2022-06-16,,0,occurred
6030,LLY,Other,2022-06-14,,0,occurred
6031,ALNY,Other,2022-06-14,,0,occurred
6032,INCY,Other,2022-06-14,,0,occurred
6033,INCY,Other,2022-06-13,,0,occurred
6034,LLY,Other,2022-06-13,,0,occurred
6035,BBIO,Phase2,2022-06-13,,0,occurred
6036,AMLX,Phase2,2022-06-13,,0,occurred
6037,NBIX,Phase2,2022-06-13,,0,occurred
6038,RHHBY,Phase3,2022-06-10,,0,occurred
6039,BBIO,Other,2022-06-10,,0,occurred
6040,VCNX,Phase2,2022-06-10,,0,occurred
6041,AGIO,Phase3,2022-06-10,,0,occurred
6042,TAK,Phase3,2022-06-09,,0,occurred
6043,DTIL,Other,2022-06-08,,0,occurred
6044,ALDX,Phase3,2022-06-08,,0,occurred
6045,MNOV,Phase2,2022-06-08,,0,occurred
6046,DTIL,Other,2022-06-08,,0,occurred
6047,REGN,Other,2022-06-07,,0,occurred
6048,BMY,Phase3,2022-06-07,,0,occurred
6049,RHHBY,Phase3,2022-06-07,,0,occurred
6050,TRML,Phase2,2022-06-07,,0,occurred
6051,ANNX,Phase2,2022-06-07,,0,occurred
6052,GILD,Phase3,2022-06-06,,0,occurred
6053,RVMD,Phase3,2022-06-06,,0,occurred
6054,VERU,Other,2022-06-06,,0,occurred
6055,BMY,Phase3,2022-06-06,,0,occurred
6056,AMGN,Other,2022-06-06,,0,occurred
6057,CNTX,Phase2,2022-06-06,,0,occurred
6058,GMAB,Other,2022-06-06,,0,occurred
6059,PFE,Other,2022-06-06,,0,occurred
6060,MRK,Other,2022-06-06,,0,occurred
6061,IBRX,Phase2,2022-06-06,,0,occurred
6062,GSK,Other,2022-06-06,,0,occurred
6063,GILD,Phase2,2022-06-06,,0,occurred
6064,EFTR,Other,2022-06-06,,0,occurred
6065,PRAX,Phase2/3,2022-06-06,,0,occurred
6066,IMNM,Phase2,2022-06-06,,0,occurred
6067,IMCR,Other,2022-06-05,,0,occurred
6068,PFE,Phase3,2022-06-04,,0,occurred
6069,RFL,Phase3,2022-06-04,,0,occurred
6070,MEIP,Phase2,2022-06-04,,0,occurred
6071,LLY,Phase3,2022-06-04,,0,occurred
6072,VERA,Phase2,2022-06-04,,0,occurred
6073,NVCR,Phase2,2022-06-03,,0,occurred
6074,NVO,Phase3,2022-06-03,,0,occurred
6075,BMY,Phase3,2022-06-02,,0,occurred
6076,MURA,Other,2022-06-01,,0,occurred
6077,FNCH,Phase2,2022-06-01,,0,occurred
6078,ALKS,Other,2022-06-01,,0,occurred
6079,BMRN,Other,2022-05-31,,0,occurred
6080,PLX,Phase3,2022-05-31,,0,occurred
6081,ELDN,Phase2,2022-05-31,,0,occurred
6082,RHHBY,Other,2022-05-31,,0,occurred
6083,PTCT,Other,2022-05-31,,0,occurred
6084,ETON,Other,2022-05-27,,0,occurred
6085,BMY,Other,2022-05-27,,0,occurred
6086,AMRX,Other,2022-05-27,,0,occurred
6087,ZYME,Other,2022-05-26,,0,occurred
6088,RHHBY,Phase2,2022-05-26,,0,occurred
6089,BGNE,Other,2022-05-26,,0,occurred
6090,RVMD,Phase3,2022-05-26,,0,occurred
6091,HOOK,Other,2022-05-26,,0,occurred
6092,REGN,Other,2022-05-26,,0,occurred
6093,EXEL,Phase2,2022-05-26,,0,occurred
6094,RLFTF,Phase3,2022-05-25,,0,occurred
6095,OBSV,Phase3,2022-05-25,,0,occurred
6096,NRXP,Phase3,2022-05-25,,0,occurred
6097,ROIV,Other,2022-05-24,,0,occurred
6098,MNKD,Other,2022-05-24,,0,occurred
6099,UTHR,Other,2022-05-24,,0,occurred
6100,AMPH,Other,2022-05-24,,0,occurred
6101,ALNY,Phase3,2022-05-23,,0,occurred
6102,BNTX,Other,2022-05-23,,0,occurred
6103,PFE,Other,2022-05-23,,0,occurred
6104,SNY,Other,2022-05-20,,0,occurred
6105,REGN,Other,2022-05-20,,0,occurred
6106,ATHX,Phase2/3,2022-05-20,,0,occurred
6107,RARE,Other,2022-05-19,,0,occurred
6108,SIGA,Other,2022-05-19,,0,occurred
6109,GLMD,Phase3,2022-05-17,,0,occurred
6110,LBPS,Other,2022-05-17,,0,occurred
6111,AZN,Phase3,2022-05-16,,0,occurred
6112,ZYNE,Phase2/3,2022-05-13,,0,occurred
6113,HRMY,Phase2/3,2022-05-13,,0,occurred
6114,URGN,Phase2,2022-05-13,,0,occurred
6115,RVMD,Phase2,2022-05-13,,0,occurred
6116,LLY,Other,2022-05-13,,0,occurred
6117,XERS,Phase3,2022-05-12,,0,occurred
6118,LPCN,Phase2,2022-05-12,,0,occurred
6119,MNMD,Phase2,2022-05-11,,0,occurred
6120,INCY,Other,2022-05-11,,0,occurred
6121,AKTX,Phase2,2022-05-10,,0,occurred
6122,MREO,Phase2,2022-05-09,,0,occurred
6123,SRNE,Phase3,2022-05-05,,0,occurred
6124,AZN,Other,2022-05-05,,0,occurred
6125,OPT,Phase2,2022-05-05,,0,occurred
6126,UBX,Other,2022-05-04,,0,occurred
6127,IMMP,Phase2,2022-05-04,,0,occurred
6128,KOD,Phase2/3,2022-05-03,,0,occurred
6129,LCTX,Other,2022-05-02,,0,occurred
6130,PALI,Phase2,2022-05-02,,0,occurred
6131,ABBV,Other,2022-04-29,,0,occurred
6132,LIAN,Other,2022-04-28,,0,occurred
6133,SNY,Phase2,2022-04-28,,0,occurred
6134,AZN,Other,2022-04-28,,0,occurred
6135,BMY,Other,2022-04-28,,0,occurred
6136,KPRX,Other,2022-04-25,,0,occurred
6137,GLSI,Phase2,2022-04-19,,0,occurred
6138,BGNE,Phase3,2022-04-19,,0,occurred
6139,AMGN,Phase3,2022-04-18,,0,occurred
6140,NKTR,Phase3,2022-04-14,,0,occurred
6141,BMY,Phase2,2022-04-14,,0,occurred
6142,NKTR,Phase2,2022-04-14,,0,occurred
6143,AMRX,Other,2022-04-13,,0,occurred
6144,PRQR,Phase2/3,2022-04-13,,0,occurred
6145,MDWD,Phase2,2022-04-12,,0,occurred
6146,ALPN,Other,2022-04-12,,0,occurred
6147,BMY,Phase3,2022-04-11,,0,occurred
6148,BMY,Other,2022-04-11,,0,occurred
6149,SYRE,Phase3,2022-04-11,,0,occurred
6150,ETON,Other,2022-04-11,,0,occurred
6151,PFE,Phase2,2022-04-07,,0,occurred
6152,NVS,Other,2022-04-06,,0,occurred
6153,BTAI,Other,2022-04-06,,0,occurred
6154,ABBV,Phase3,2022-04-05,,0,occurred
6155,IONS,Phase2,2022-04-04,,0,occurred
6156,WVE,Other,2022-04-04,,0,occurred
6157,AZN,Phase2,2022-04-04,,0,occurred
6158,BMY,Phase2/3,2022-04-03,,0,occurred
6159,GILD,Other,2022-04-01,,0,occurred
6160,MRK,Phase3,2022-04-01,,0,occurred
6161,SAGE,Phase2,2022-04-01,,0,occurred
6162,ORKA,Phase2,2022-03-31,,0,occurred
6163,REVB,Phase2,2022-03-30,,0,occurred
6164,GSK,Other,2022-03-29,,0,occurred
6165,LPCN,Other,2022-03-29,,0,occurred
6166,HALO,Other,2022-03-29,,0,occurred
6167,PFE,Other,2022-03-29,,0,occurred
6168,ALDX,Phase2,2022-03-29,,0,occurred
6169,PFE,Phase3,2022-03-29,,0,occurred
6170,IONS,Other,2022-03-28,,0,occurred
6171,EVLO,Phase2,2022-03-28,,0,occurred
6172,ALZN,Other,2022-03-28,,0,occurred
6173,CAPR,Phase2,2022-03-28,,0,occurred
6174,NVO,Other,2022-03-28,,0,occurred
6175,BIIB,Other,2022-03-28,,0,occurred
6176,AMGN,Phase2,2022-03-27,,0,occurred
6177,IFRX,Phase2,2022-03-26,,0,occurred
6178,LLY,Other,2022-03-24,,0,occurred
6179,LBPS,Other,2022-03-23,,0,occurred
6180,MRNA,Phase2/3,2022-03-23,,0,occurred
6181,NVS,Other,2022-03-23,,0,occurred
6182,MRK,Other,2022-03-21,,0,occurred
6183,TNXP,Phase3,2022-03-21,,0,occurred
6184,BMY,Other,2022-03-18,,0,occurred
6185,MRNS,Other,2022-03-18,,0,occurred
6186,PLX,Phase3,2022-03-18,,0,occurred
6187,EIGR,Phase3,2022-03-17,,0,occurred
6188,ABBV,Other,2022-03-16,,0,occurred
6189,VTRS,Other,2022-03-15,,0,occurred
6190,SAGE,Phase2,2022-03-15,,0,occurred
6191,AMGN,Other,2022-03-15,,0,occurred
6192,MRK,Phase3,2022-03-15,,0,occurred
6193,IDYA,Other,2022-03-15,,0,occurred
6194,NKTR,Phase3,2022-03-14,,0,occurred
6195,AZN,Other,2022-03-14,,0,occurred
6196,ANAB,Phase2,2022-03-14,,0,occurred
6197,BMY,Phase3,2022-03-14,,0,occurred
6198,SLDB,Other,2022-03-14,,0,occurred
6199,EXEL,Phase3,2022-03-14,,0,occurred
6200,TAK,Phase3,2022-03-14,,0,occurred
6201,AZN,Other,2022-03-11,,0,occurred
6202,MRK,Other,2022-03-11,,0,occurred
6203,BMY,Other,2022-03-04,,0,occurred
6204,AMPE,Phase3,2022-03-02,,0,occurred
6205,CYAD,Other,2022-03-02,,0,occurred
6206,NCNA,Phase3,2022-03-02,,0,occurred
6207,PFE,Phase3,2022-03-01,,0,occurred
6208,GILD,Other,2022-03-01,,0,occurred
6209,BBIO,Phase3,2022-02-28,,0,occurred
6210,LEGN,Other,2022-02-28,,0,occurred
6211,BIIB,Other,2022-02-25,,0,occurred
6212,ABBV,Phase3,2022-02-24,,0,occurred
6213,LLY,Other,2022-02-24,,0,occurred
6214,MESO,Other,2022-02-20,,0,occurred
6215,REGN,Phase3,2022-02-18,,0,occurred
6216,SNY,Phase3,2022-02-18,,0,occurred
6217,AGIO,Other,2022-02-17,,0,occurred
6218,GILD,Phase2,2022-02-16,,0,occurred
6219,BIIB,Phase3,2022-02-16,,0,occurred
6220,SAGE,Phase3,2022-02-16,,0,occurred
6221,MRKR,Phase2,2022-02-16,,0,occurred
6222,GILD,Phase2/3,2022-02-16,,0,occurred
6223,ATXI,Other,2022-02-15,,0,occurred
6224,FBIO,Other,2022-02-15,,0,occurred
6225,LLY,Other,2022-02-11,,0,occurred
6226,VIR,Other,2022-02-11,,0,occurred
6227,GSK,Other,2022-02-11,,0,occurred
6228,AZN,Phase2/3,2022-02-10,,0,occurred
6229,MRK,Phase3,2022-02-08,,0,occurred
6230,FRLN,Other,2022-02-08,,0,occurred
6231,PFE,Phase3,2022-02-08,,0,occurred
6232,VTRS,Other,2022-02-03,,0,occurred
6233,ATHX,Other,2022-02-02,,0,occurred
6234,GSK,Other,2022-02-01,,0,occurred
6235,AVXL,Phase3,2022-02-01,,0,occurred
6236,PFE,Other,2022-02-01,,0,occurred
6237,RHHBY,Other,2022-01-31,,0,occurred
6238,TSHA,Other,2022-01-31,,0,occurred
6239,TAK,Other,2022-01-31,,0,occurred
6240,RHHBY,Other,2022-01-28,,0,occurred
6241,LLY,Phase2,2022-01-27,,0,occurred
6242,ZURA,Phase2,2022-01-27,,0,occurred
6243,IMCR,Other,2022-01-26,,0,occurred
6244,INCY,Other,2022-01-25,,0,occurred
6245,ARCT,Other,2022-01-24,,0,occurred
6246,BLRX,Other,2022-01-24,,0,occurred
6247,ABBV,Other,2022-01-21,,0,occurred
6248,GILD,Other,2022-01-21,,0,occurred
6249,VALN,Other,2022-01-19,,0,occurred
6250,MRK,Phase3,2022-01-18,,0,occurred
6251,AZN,Phase3,2022-01-18,,0,occurred
6252,EXEL,Other,2022-01-18,,0,occurred
6253,ABBV,Other,2022-01-14,,0,occurred
6254,ABBV,Other,2022-01-14,,0,occurred
6255,PFE,Other,2022-01-14,,0,occurred
6256,PFE,Phase3,2022-01-12,,0,occurred
6257,OSTX,Other,2022-01-11,,0,occurred
6258,RVMD,Other,2022-01-11,,0,occurred
6259,MOLN,Phase2/3,2022-01-10,,0,occurred
6260,HEPA,Phase2,2022-01-08,,0,occurred
6261,CYDY,Phase2,2022-01-05,,0,occurred
6262,XERS,Other,2021-12-30,,0,occurred
6263,KNSA,Phase2/3,2021-12-28,,0,occurred
6264,PLUR,Phase2,2021-12-27,,0,occurred
6265,OPK,Phase2,2021-12-23,,0,occurred
6266,NVS,Other,2021-12-22,,0,occurred
6267,ALNY,Other,2021-12-22,,0,occurred
6268,MREO,Other,2021-12-22,,0,occurred
6269,ALLK,Phase2/3,2021-12-21,,0,occurred
6270,ALLK,Phase3,2021-12-21,,0,occurred
6271,GSK,Other,2021-12-21,,0,occurred
6272,ANIP,Other,2021-12-21,,0,occurred
6273,PFE,Other,2021-12-21,,0,occurred
6274,JAGX,Other,2021-12-21,,0,occurred
6275,CHRS,Other,2021-12-20,,0,occurred
6276,ITCI,Other,2021-12-20,,0,occurred
6277,CTMX,Phase2,2021-12-20,,0,occurred
6278,AMGN,Other,2021-12-20,,0,occurred
6279,ZLAB,Other,2021-12-17,,0,occurred
6280,PFE,Other,2021-12-17,,0,occurred
6281,BLPH,Phase2,2021-12-17,,0,occurred
6282,AMGN,Other,2021-12-17,,0,occurred
6283,AZN,Other,2021-12-17,,0,occurred
6284,ARGX,Other,2021-12-17,,0,occurred
6285,ZLAB,Other,2021-12-16,,0,occurred
6286,MCRB,Phase2,2021-12-16,,0,occurred
6287,CGEM,Other,2021-12-16,,0,occurred
6288,SNY,Phase3,2021-12-15,,0,occurred
6289,BMY,Other,2021-12-15,,0,occurred
6290,EGRX,Other,2021-12-15,,0,occurred
6291,ABBV,Other,2021-12-15,,0,occurred
6292,CALT,Other,2021-12-15,,0,occurred
6293,GSK,Phase3,2021-12-15,,0,occurred
6294,ATNM,Other,2021-12-14,,0,occurred
6295,GMAB,Other,2021-12-14,,0,occurred
6296,ATAI,Phase2,2021-12-14,,0,occurred
6297,APRE,Phase2,2021-12-14,,0,occurred
6298,INO,Phase3,2021-12-14,,0,occurred
6299,MGTA,Phase2,2021-12-14,,0,occurred
6300,PFE,Other,2021-12-14,,0,occurred
6301,CNTA,Phase3,2021-12-14,,0,occurred
6302,APRE,Phase2,2021-12-13,,0,occurred
6303,NKTR,Phase2,2021-12-13,,0,occurred
6304,JAZZ,Phase2,2021-12-13,,0,occurred
6305,CLLS,Other,2021-12-13,,0,occurred
6306,SGMO,Other,2021-12-13,,0,occurred
6307,PBYI,Phase2,2021-12-13,,0,occurred
6308,ABBV,Other,2021-12-13,,0,occurred
6309,FRLN,Other,2021-12-13,,0,occurred
6310,GSK,Phase2,2021-12-13,,0,occurred
6311,VERU,Other,2021-12-13,,0,occurred
6312,KURA,Phase2,2021-12-13,,0,occurred
6313,ADCT,Phase2,2021-12-13,,0,occurred
6314,ELVN,Phase2,2021-12-13,,0,occurred
6315,XFOR,Other,2021-12-13,,0,occurred
6316,AGIO,Phase2,2021-12-13,,0,occurred
6317,SNY,Other,2021-12-13,,0,occurred
6318,ABBV,Phase3,2021-12-13,,0,occurred
6319,ALLO,Other,2021-12-13,,0,occurred
6320,NEXI,Other,2021-12-12,,0,occurred
6321,AZN,Phase3,2021-12-12,,0,occurred
6322,TAK,Phase2,2021-12-12,,0,occurred
6323,PTGX,Phase2,2021-12-12,,0,occurred
6324,NVS,Phase3,2021-12-11,,0,occurred
6325,KPTI,Phase2,2021-12-11,,0,occurred
6326,RHHBY,Other,2021-12-11,,0,occurred
6327,RHHBY,Other,2021-12-11,,0,occurred
6328,JAGX,Phase2,2021-12-10,,0,occurred
6329,NVS,Phase2,2021-12-10,,0,occurred
6330,RHHBY,Phase2,2021-12-10,,0,occurred
6331,INCY,Phase2,2021-12-10,,0,occurred
6332,ONCY,Phase2,2021-12-10,,0,occurred
6333,ELTX,Phase2,2021-12-09,,0,occurred
6334,SQZ,Other,2021-12-09,,0,occurred
6335,DARE,Other,2021-12-07,,0,occurred
6336,IDYA,Other,2021-12-07,,0,occurred
6337,BLCM,Other,2021-12-06,,0,occurred
6338,MOLN,Phase2,2021-12-06,,0,occurred
6339,CHRS,Other,2021-12-06,,0,occurred
6340,BLCM,Other,2021-12-06,,0,occurred
6341,OCUL,Phase2,2021-12-06,,0,occurred
6342,LLY,Other,2021-12-03,,0,occurred
6343,ABCL,Other,2021-12-03,,0,occurred
6344,MRK,Other,2021-12-03,,0,occurred
6345,RLYB,Other,2021-12-01,,0,occurred
6346,AMGN,Other,2021-12-01,,0,occurred
6347,HALO,Other,2021-12-01,,0,occurred
6348,VBIV,Other,2021-12-01,,0,occurred
6349,BYSI,Other,2021-12-01,,0,occurred
6350,MREO,Other,2021-11-30,,0,occurred
6351,SLS,Phase2,2021-11-30,,0,occurred
6352,RDHL,Phase2,2021-11-30,,0,occurred
6353,DCPH,Other,2021-11-30,,0,occurred
6354,DCPH,Other,2021-11-30,,0,occurred
6355,ABBV,Phase3,2021-11-30,,0,occurred
6356,PFE,Phase2,2021-11-24,,0,occurred
6357,IONS,Phase2,2021-11-24,,0,occurred
6358,TAK,Other,2021-11-23,,0,occurred
6359,AADI,Other,2021-11-23,,0,occurred
6360,ADAP,Other,2021-11-21,,0,occurred
6361,PBYI,Phase2,2021-11-20,,0,occurred
6362,BMRN,Other,2021-11-19,,0,occurred
6363,PRQR,Other,2021-11-18,,0,occurred
6364,AZN,Phase3,2021-11-18,,0,occurred
6365,PRQR,Other,2021-11-18,,0,occurred
6366,ENTA,Other,2021-11-18,,0,occurred
6367,MRK,Other,2021-11-18,,0,occurred
6368,PRQR,Other,2021-11-18,,0,occurred
6369,KTRA,Phase2,2021-11-18,,0,occurred
6370,TBPH,Phase2,2021-11-17,,0,occurred
6371,ELOX,Phase2,2021-11-17,,0,occurred
6372,ELVN,Phase2,2021-11-16,,0,occurred
6373,CLRB,Other,2021-11-16,,0,occurred
6374,AMRN,Phase3,2021-11-16,,0,occurred
6375,PTGX,Phase2,2021-11-15,,0,occurred
6376,CALC,Phase2,2021-11-15,,0,occurred
6377,IFRX,Phase2,2021-11-15,,0,occurred
6378,PHGE,Phase2,2021-11-15,,0,occurred
6379,MIST,Phase3,2021-11-15,,0,occurred
6380,ARWR,Phase2,2021-11-15,,0,occurred
6381,MRNA,Phase2,2021-11-15,,0,occurred
6382,ATAI,Phase2,2021-11-15,,0,occurred
6383,ONCT,Other,2021-11-15,,0,occurred
6384,BMY,Phase2,2021-11-15,,0,occurred
6385,IONS,Phase3,2021-11-13,,0,occurred
6386,ALKS,Phase2,2021-11-13,,0,occurred
6387,NXTC,Other,2021-11-13,,0,occurred
6388,MURA,Phase2,2021-11-13,,0,occurred
6389,TERN,Phase2,2021-11-12,,0,occurred
6390,SRNE,Phase3,2021-11-12,,0,occurred
6391,GYRE,Phase3,2021-11-12,,0,occurred
6392,CGEN,Other,2021-11-12,,0,occurred
6393,NKTR,Other,2021-11-12,,0,occurred
6394,ASMB,Phase2,2021-11-12,,0,occurred
6395,IRON,Phase2,2021-11-12,,0,occurred
6396,QNCX,Phase2/3,2021-11-11,,0,occurred
6397,GMAB,Other,2021-11-10,,0,occurred
6398,BNTX,Other,2021-11-10,,0,occurred
6399,ALEC,Other,2021-11-10,,0,occurred
6400,STTK,Other,2021-11-09,,0,occurred
6401,MRK,Phase2,2021-11-09,,0,occurred
6402,ALXO,Phase2,2021-11-09,,0,occurred
6403,ALXO,Phase2,2021-11-09,,0,occurred
6404,HOOK,Phase2,2021-11-09,,0,occurred
6405,MRK,Phase2,2021-11-09,,0,occurred
6406,BMY,Phase2,2021-11-08,,0,occurred
6407,LQDA,Other,2021-11-08,,0,occurred
6408,ETON,Other,2021-11-08,,0,occurred
6409,ALNY,Phase3,2021-11-05,,0,occurred
6410,CASI,Other,2021-11-05,,0,occurred
6411,CALA,Phase2,2021-11-05,,0,occurred
6412,NVS,Other,2021-11-04,,0,occurred
6413,DMAC,Phase2,2021-11-04,,0,occurred
6414,CYDY,Other,2021-11-03,,0,occurred
6415,BMY,Phase2,2021-11-03,,0,occurred
6416,PTGX,Phase2,2021-11-03,,0,occurred
6417,INMB,Phase2,2021-11-03,,0,occurred
6418,ABBV,Other,2021-10-29,,0,occurred
6419,SNY,Phase3,2021-10-29,,0,occurred
6420,RFL,Phase3,2021-10-28,,0,occurred
6421,MRK,Phase2,2021-10-27,,0,occurred
6422,SRNE,Phase2,2021-10-27,,0,occurred
6423,SNY,Other,2021-10-26,,0,occurred
6424,ELTX,Phase3,2021-10-26,,0,occurred
6425,NVS,Phase3,2021-10-26,,0,occurred
6426,NVS,Phase3,2021-10-25,,0,occurred
6427,MRK,Phase3,2021-10-25,,0,occurred
6428,ERYP,Phase3,2021-10-25,,0,occurred
6429,BHC,Other,2021-10-25,,0,occurred
6430,CLSD,Other,2021-10-25,,0,occurred
6431,AKTX,Other,2021-10-25,,0,occurred
6432,FDMT,Other,2021-10-25,,0,occurred
6433,BMY,Other,2021-10-23,,0,occurred
6434,AGEN,Other,2021-10-22,,0,occurred
6435,OCUL,Phase2,2021-10-22,,0,occurred
6436,UTHR,Phase3,2021-10-21,,0,occurred
6437,SIOX,Other,2021-10-21,,0,occurred
6438,OBSV,Phase3,2021-10-20,,0,occurred
6439,OBSV,Phase3,2021-10-20,,0,occurred
6440,SNY,Other,2021-10-20,,0,occurred
6441,JNJ,Other,2021-10-20,,0,occurred
6442,OBSV,Phase3,2021-10-20,,0,occurred
6443,BIIB,Phase2/3,2021-10-20,,0,occurred
6444,REGN,Other,2021-10-20,,0,occurred
6445,EDSA,Phase2/3,2021-10-19,,0,occurred
6446,AVIR,Phase2,2021-10-19,,0,occurred
6447,VTRS,Other,2021-10-18,,0,occurred
6448,OYST,Other,2021-10-18,,0,occurred
6449,RHHBY,Other,2021-10-15,,0,occurred
6450,NRXP,Phase2/3,2021-10-14,,0,occurred
6451,FBIO,Other,2021-10-14,,0,occurred
6452,LGND,Phase2,2021-10-13,,0,occurred
6453,LLY,Other,2021-10-13,,0,occurred
6454,MRK,Other,2021-10-13,,0,occurred
6455,VRNA,Phase2,2021-10-13,,0,occurred
6456,BIIB,Phase3,2021-10-13,,0,occurred
6457,OTLK,Phase3,2021-10-12,,0,occurred
6458,RGLS,Other,2021-10-12,,0,occurred
6459,CRSP,Other,2021-10-12,,0,occurred
6460,CVAC,Phase2/3,2021-10-12,,0,occurred
6461,PTGX,Phase2,2021-10-11,,0,occurred
6462,RHHBY,Other,2021-10-11,,0,occurred
6463,OCUL,Other,2021-10-11,,0,occurred
6464,SRPT,Other,2021-10-11,,0,occurred
6465,FDMT,Other,2021-10-10,,0,occurred
6466,ADVM,Phase2,2021-10-09,,0,occurred
6467,AMGN,Other,2021-10-08,,0,occurred
6468,ZYNE,Phase2,2021-10-08,,0,occurred
6469,HRMY,Phase2,2021-10-08,,0,occurred
6470,NVO,Other,2021-10-07,,0,occurred
6471,TCON,Phase2,2021-10-07,,0,occurred
6472,BMY,Phase2,2021-10-07,,0,occurred
6473,ZLAB,Other,2021-10-07,,0,occurred
6474,ORIC,Other,2021-10-07,,0,occurred
6475,PRLD,Other,2021-10-07,,0,occurred
6476,PRLD,Other,2021-10-07,,0,occurred
6477,ALC,Phase2,2021-10-07,,0,occurred
6478,BMY,Other,2021-10-07,,0,occurred
6479,DNLI,Other,2021-10-06,,0,occurred
6480,TAK,Phase2,2021-10-05,,0,occurred
6481,ENTA,Phase2,2021-10-04,,0,occurred
6482,ABBV,Phase2,2021-10-04,,0,occurred
6483,LIAN,Phase2,2021-10-04,,0,occurred
6484,AMGN,Phase2,2021-10-02,,0,occurred
6485,GILD,Other,2021-10-01,,0,occurred
6486,PGEN,Other,2021-10-01,,0,occurred
6487,ABBV,Phase3,2021-09-30,,0,occurred
6488,SNY,Phase2,2021-09-30,,0,occurred
6489,ARQT,Phase3,2021-09-30,,0,occurred
6490,REGN,Phase2/3,2021-09-30,,0,occurred
6491,RHHBY,Phase2/3,2021-09-30,,0,occurred
6492,TGTX,Other,2021-09-30,,0,occurred
6493,EDIT,Other,2021-09-29,,0,occurred
6494,IVVD,Phase2/3,2021-09-29,,0,occurred
6495,LGVN,Phase2,2021-09-29,,0,occurred
6496,HCM,Phase2,2021-09-29,,0,occurred
6497,MIRM,Other,2021-09-29,,0,occurred
6498,SNY,Other,2021-09-28,,0,occurred
6499,PFE,Other,2021-09-28,,0,occurred
6500,LLY,Other,2021-09-28,,0,occurred
6501,ABBV,Other,2021-09-28,,0,occurred
6502,PFE,Phase3,2021-09-27,,0,occurred
6503,BHVN,Phase3,2021-09-27,,0,occurred
6504,AMGN,Other,2021-09-24,,0,occurred
6505,DVAX,Phase2/3,2021-09-22,,0,occurred
6506,RYTM,Phase2,2021-09-22,,0,occurred
6507,INCY,Other,2021-09-22,,0,occurred
6508,GSK,Phase2/3,2021-09-22,,0,occurred
6509,PCRX,Phase3,2021-09-21,,0,occurred
6510,JNJ,Phase3,2021-09-21,,0,occurred
6511,INCY,Other,2021-09-21,,0,occurred
6512,GMAB,Other,2021-09-20,,0,occurred
6513,TGTX,Other,2021-09-20,,0,occurred
6514,TGTX,Phase3,2021-09-20,,0,occurred
6515,BMY,Phase2,2021-09-20,,0,occurred
6516,TGTX,Other,2021-09-20,,0,occurred
6517,EXEL,Phase3,2021-09-20,,0,occurred
6518,PFE,Other,2021-09-20,,0,occurred
6519,TAK,Phase3,2021-09-20,,0,occurred
6520,BIIB,Other,2021-09-20,,0,occurred
6521,SNY,Phase3,2021-09-19,,0,occurred
6522,REGN,Phase3,2021-09-19,,0,occurred
6523,MRK,Phase3,2021-09-19,,0,occurred
6524,AZN,Phase2,2021-09-18,,0,occurred
6525,AZN,Phase3,2021-09-18,,0,occurred
6526,PFE,Phase3,2021-09-17,,0,occurred
6527,CHRS,Phase3,2021-09-17,,0,occurred
6528,GRTS,Other,2021-09-17,,0,occurred
6529,AZN,Phase3,2021-09-17,,0,occurred
6530,AZN,Phase2,2021-09-17,,0,occurred
6531,AGEN,Phase2,2021-09-17,,0,occurred
6532,EXEL,Phase3,2021-09-16,,0,occurred
6533,MGNX,Phase2/3,2021-09-16,,0,occurred
6534,BMY,Phase3,2021-09-16,,0,occurred
6535,MGNX,Phase2,2021-09-16,,0,occurred
6536,BMY,Phase3,2021-09-16,,0,occurred
6537,JNJ,Phase3,2021-09-16,,0,occurred
6538,ZYME,Phase2,2021-09-16,,0,occurred
6539,BIIB,Phase2,2021-09-16,,0,occurred
6540,CRNX,Other,2021-09-15,,0,occurred
6541,BGNE,Other,2021-09-15,,0,occurred
6542,TBPH,Phase3,2021-09-15,,0,occurred
6543,TAK,Other,2021-09-15,,0,occurred
6544,GRTX,Other,2021-09-08,,0,occurred
6545,ZLAB,Phase3,2021-09-07,,0,occurred
6546,MGNX,Phase3,2021-09-07,,0,occurred
6547,BMRN,Other,2021-09-06,,0,occurred
6548,ADAP,Other,2021-09-05,,0,occurred
6549,AZN,Phase3,2021-09-05,,0,occurred
6550,AMGN,Phase3,2021-09-05,,0,occurred
6551,IMPL,Other,2021-09-03,,0,occurred
6552,FBRX,Phase2,2021-09-02,,0,occurred
6553,TAK,Phase3,2021-09-01,,0,occurred
6554,BGNE,Other,2021-09-01,,0,occurred
6555,MRK,Other,2021-08-31,,0,occurred
6556,JNJ,Phase2,2021-08-31,,0,occurred
6557,PFE,Phase3,2021-08-30,,0,occurred
6558,FGEN,Phase2,2021-08-25,,0,occurred
6559,ASND,Other,2021-08-25,,0,occurred
6560,CARA,Other,2021-08-23,,0,occurred
6561,XERS,Other,2021-08-23,,0,occurred
6562,NVS,Phase3,2021-08-23,,0,occurred
6563,TBPH,Phase2,2021-08-23,,0,occurred
6564,AZN,Phase3,2021-08-20,,0,occurred
6565,BMY,Other,2021-08-20,,0,occurred
6566,LLY,Other,2021-08-18,,0,occurred
6567,NVS,Phase3,2021-08-17,,0,occurred
6568,GSK,Other,2021-08-17,,0,occurred
6569,ANAB,Other,2021-08-17,,0,occurred
6570,PRAX,Phase2,2021-08-16,,0,occurred
6571,MRK,Other,2021-08-13,,0,occurred
6572,CARM,Other,2021-08-13,,0,occurred
6573,RIGL,Phase2,2021-08-13,,0,occurred
6574,PFE,Other,2021-08-13,,0,occurred
6575,JAZZ,Other,2021-08-12,,0,occurred
6576,MNOV,Phase2,2021-08-12,,0,occurred
6577,AZN,Other,2021-08-11,,0,occurred
6578,FGEN,Other,2021-08-11,,0,occurred
6579,MRK,Other,2021-08-11,,0,occurred
6580,IMAB,Phase2,2021-08-11,,0,occurred
6581,AXSM,Phase2,2021-08-09,,0,occurred
6582,SNY,Other,2021-08-06,,0,occurred
6583,MRSN,Other,2021-08-06,,0,occurred
6584,ATHX,Phase2,2021-08-06,,0,occurred
6585,VALN,Phase3,2021-08-05,,0,occurred
6586,XCUR,Other,2021-08-05,,0,occurred
6587,CLNN,Phase2,2021-08-05,,0,occurred
6588,CLNN,Phase2,2021-08-05,,0,occurred
6589,MRNA,Phase2,2021-08-05,,0,occurred
6590,SNSE,Other,2021-08-04,,0,occurred
6591,AZN,Phase3,2021-08-02,,0,occurred
6592,JNJ,Other,2021-07-31,,0,occurred
6593,INSM,Phase3,2021-07-31,,0,occurred
6594,GSK,Other,2021-07-29,,0,occurred
6595,PALI,Phase2,2021-07-29,,0,occurred
6596,ABBV,Other,2021-07-29,,0,occurred
6597,LLY,Phase3,2021-07-28,,0,occurred
6598,PFE,Phase3,2021-07-28,,0,occurred
6599,SLGL,Other,2021-07-27,,0,occurred
6600,AZN,Other,2021-07-23,,0,occurred
6601,ABBV,Other,2021-07-23,,0,occurred
6602,MRK,Phase3,2021-07-22,,0,occurred
6603,IPSEY,Other,2021-07-20,,0,occurred
6604,MRK,Other,2021-07-16,,0,occurred
6605,LGND,Other,2021-07-16,,0,occurred
6606,LLY,PDUFA,2021-07-16,,0,occurred
6607,INCY,PDUFA,2021-07-16,,0,occurred
6608,BMY,Phase3,2021-07-16,,0,occurred
6609,GLPG,Phase2,2021-07-14,,0,occurred
6610,GLPG,Phase2,2021-07-14,,0,occurred
6611,HALO,Other,2021-07-12,,0,occurred
6612,JNJ,Other,2021-07-12,,0,occurred
6613,PFE,Other,2021-07-09,,0,occurred
6614,LLY,Other,2021-07-09,,0,occurred
6615,MRK,Other,2021-07-06,,0,occurred
6616,IPHA,Phase2,2021-07-06,,0,occurred
6617,OCGN,Phase3,2021-07-02,,0,occurred
6618,ARWR,Other,2021-07-02,,0,occurred
6619,KRYS,Phase2,2021-07-01,,0,occurred
6620,ARQT,Phase2,2021-07-01,,0,occurred
6621,NVCR,Phase2,2021-07-01,,0,occurred
6622,JAZZ,Other,2021-06-30,,0,occurred
6623,LGND,Other,2021-06-30,,0,occurred
6624,MDWD,Other,2021-06-29,,0,occurred
6625,ELTX,Phase3,2021-06-29,,0,occurred
6626,ALT,Other,2021-06-29,,0,occurred
6627,VBIV,Other,2021-06-29,,0,occurred
6628,VCEL,Other,2021-06-29,,0,occurred
6629,CRBP,Phase3,2021-06-24,,0,occurred
6630,ADCT,Phase2,2021-06-22,,0,occurred
6631,GLTO,Phase2,2021-06-22,,0,occurred
6632,CORT,Phase3,2021-06-22,,0,occurred
6633,TBPH,Phase2,2021-06-21,,0,occurred
6634,TARS,Phase2/3,2021-06-21,,0,occurred
6635,BPMC,Other,2021-06-16,,0,occurred
6636,BIIB,Phase2,2021-06-16,,0,occurred
6637,AZN,Phase3,2021-06-15,,0,occurred
6638,ETON,Other,2021-06-15,,0,occurred
6639,BIIB,Phase3,2021-06-14,,0,occurred
6640,RHHBY,Phase2,2021-06-11,,0,occurred
6641,PTCT,Phase2,2021-06-11,,0,occurred
6642,VRTX,Phase2,2021-06-10,,0,occurred
6643,ATOS,Phase2,2021-06-09,,0,occurred
6644,VRTX,Other,2021-06-09,,0,occurred
6645,PFE,Other,2021-06-08,,0,occurred
6646,AZN,Other,2021-06-07,,0,occurred
6647,BIIB,Other,2021-06-07,,0,occurred
6648,CMRX,Phase2,2021-06-04,,0,occurred
6649,CMRX,Other,2021-06-04,,0,occurred
6650,ITOS,Other,2021-06-04,,0,occurred
6651,ACIU,Phase2,2021-06-02,,0,occurred
6652,SCYX,Other,2021-06-02,,0,occurred
6653,ALKS,Other,2021-06-01,,0,occurred
6654,LIAN,Other,2021-06-01,,0,occurred
6655,SNY,Phase2/3,2021-06-01,,0,occurred
6656,BBIO,Other,2021-06-01,,0,occurred
6657,AMGN,Other,2021-05-28,,0,occurred
6658,BMY,Other,2021-05-27,,0,occurred
6659,PFE,Other,2021-05-27,,0,occurred
6660,BHVN,Other,2021-05-27,,0,occurred
6661,LNTH,Other,2021-05-27,,0,occurred
6662,GSK,Other,2021-05-26,,0,occurred
6663,PFE,Other,2021-05-26,,0,occurred
6664,XNCR,Other,2021-05-26,,0,occurred
6665,VIR,Other,2021-05-26,,0,occurred
6666,PCRX,Phase3,2021-05-26,,0,occurred
6667,ONCY,Phase2,2021-05-20,,0,occurred
6668,BMY,Other,2021-05-20,,0,occurred
6669,MRK,Phase3,2021-05-20,,0,occurred
6670,INCY,Phase2,2021-05-19,,0,occurred
6671,MRK,Phase2,2021-05-19,,0,occurred
6672,MRK,Other,2021-05-19,,0,occurred
6673,APLS,Other,2021-05-14,,0,occurred
6674,HRTX,Other,2021-05-13,,0,occurred
6675,BIIB,Phase2,2021-05-12,,0,occurred
6676,IFRX,Phase2,2021-05-11,,0,occurred
6677,INO,Phase2,2021-05-10,,0,occurred
6678,CMRX,Phase2,2021-05-06,,0,occurred
6679,FATE,Phase2,2021-05-05,,0,occurred
6680,MRK,Other,2021-05-05,,0,occurred
6681,ARQT,Phase2,2021-05-04,,0,occurred
6682,AZN,Other,2021-04-30,,0,occurred
6683,MESO,Phase3,2021-04-29,,0,occurred
6684,IMAB,Phase2,2021-04-26,,0,occurred
6685,ADCT,Other,2021-04-23,,0,occurred
6686,VRNA,Phase2,2021-04-23,,0,occurred
6687,OVID,Phase2,2021-04-19,,0,occurred
6688,BMY,Other,2021-04-16,,0,occurred
6689,MRK,Phase3,2021-04-14,,0,occurred
6690,GSK,Phase2,2021-04-14,,0,occurred
6691,GILD,Other,2021-04-13,,0,occurred
6692,RIGL,Phase2,2021-04-13,,0,occurred
6693,BHC,Phase3,2021-04-13,,0,occurred
6694,BGNE,Phase3,2021-04-12,,0,occurred
6695,AZN,Phase3,2021-04-12,,0,occurred
6696,INCY,Phase3,2021-04-08,,0,occurred
6697,LLY,Phase3,2021-04-08,,0,occurred
6698,BMY,Other,2021-04-05,,0,occurred
6699,MTEM,Phase2,2021-04-05,,0,occurred
6700,SUPN,Other,2021-04-02,,0,occurred
6701,UTHR,Other,2021-04-01,,0,occurred
6702,REGN,Other,2021-04-01,,0,occurred
6703,BTAI,Other,2021-03-31,,0,occurred
6704,KMDA,Other,2021-03-31,,0,occurred
6705,SNY,Other,2021-03-31,,0,occurred
6706,JAZZ,Other,2021-03-30,,0,occurred
6707,WVE,Other,2021-03-29,,0,occurred
6708,WVE,Other,2021-03-29,,0,occurred
6709,BLUE,Other,2021-03-26,,0,occurred
6710,BMY,Other,2021-03-26,,0,occurred
6711,LLY,Other,2021-03-25,,0,occurred
6712,PFE,Other,2021-03-25,,0,occurred
6713,PRQR,Other,2021-03-24,,0,occurred
6714,BCLI,Phase2,2021-03-24,,0,occurred
6715,KRRO,Phase2,2021-03-23,,0,occurred
6716,MRK,Other,2021-03-23,,0,occurred
6717,RHHBY,Phase3,2021-03-22,,0,occurred
6718,IONS,Phase3,2021-03-22,,0,occurred
6719,AZN,Phase3,2021-03-22,,0,occurred
6720,LPTX,Phase2,2021-03-22,,0,occurred
6721,BRNS,Phase3,2021-03-22,,0,occurred
6722,ZLDPF,Other,2021-03-22,,0,occurred
6723,KNSA,Other,2021-03-18,,0,occurred
6724,SNY,Other,2021-03-17,,0,occurred
6725,SNY,Phase3,2021-03-15,,0,occurred
6726,REGN,Phase3,2021-03-15,,0,occurred
6727,BLUE,Phase2/3,2021-03-14,,0,occurred
6728,MRNS,Phase2,2021-03-09,,0,occurred
6729,NVS,Phase3,2021-03-09,,0,occurred
6730,ANAB,Phase2,2021-03-08,,0,occurred
6731,GILD,Other,2021-03-05,,0,occurred
6732,GLPG,Phase2,2021-03-04,,0,occurred
6733,RHHBY,Other,2021-03-04,,0,occurred
6734,FULC,Phase3,2021-03-04,,0,occurred
6735,DRRX,Phase2,2021-03-04,,0,occurred
6736,APLS,Other,2021-03-04,,0,occurred
6737,MOLN,Phase3,2021-03-03,,0,occurred
6738,PFE,Phase3,2021-03-03,,0,occurred
6739,GSK,Phase3,2021-03-03,,0,occurred
6740,VIR,Phase3,2021-03-03,,0,occurred
6741,AVTX,Phase2,2021-03-02,,0,occurred
6742,PFE,Phase2,2021-03-02,,0,occurred
6743,ZVRA,Other,2021-03-02,,0,occurred
6744,TAK,Phase2,2021-03-02,,0,occurred
6745,SCYX,Phase3,2021-03-02,,0,occurred
6746,NBIX,Phase2,2021-03-02,,0,occurred
6747,MRK,Other,2021-03-01,,0,occurred
6748,BBIO,Other,2021-02-26,,0,occurred
6749,SRPT,Other,2021-02-25,,0,occurred
6750,SNY,Other,2021-02-22,,0,occurred
6751,REGN,Other,2021-02-22,,0,occurred
6752,IMUX,Phase2,2021-02-18,,0,occurred
6753,BLUE,Phase3,2021-02-16,,0,occurred
6754,PFE,Other,2021-02-12,,0,occurred
6755,ABEO,Other,2021-02-12,,0,occurred
6756,REGN,Other,2021-02-11,,0,occurred
6757,CRDF,Phase2,2021-02-11,,0,occurred
6758,ABBV,Other,2021-02-10,,0,occurred
6759,PLX,Phase3,2021-02-10,,0,occurred
6760,SNY,Other,2021-02-09,,0,occurred
6761,REGN,Other,2021-02-09,,0,occurred
6762,AGEN,Other,2021-02-09,,0,occurred
6763,TGTX,Other,2021-02-05,,0,occurred
6764,AZN,Phase3,2021-02-05,,0,occurred
6765,TGTX,Other,2021-02-05,,0,occurred
6766,BMY,Other,2021-02-05,,0,occurred
6767,ENLV,Phase2,2021-02-03,,0,occurred
6768,BIIB,Phase2,2021-02-03,,0,occurred
6769,IMVT,Phase2,2021-02-02,,0,occurred
6770,DRRX,Other,2021-02-02,,0,occurred
6771,AMGN,Other,2021-02-02,,0,occurred
6772,MTNB,Phase2,2021-02-01,,0,occurred
6773,RHHBY,Phase3,2021-01-25,,0,occurred
6774,AUPH,Other,2021-01-22,,0,occurred
6775,PFE,Other,2021-01-21,,0,occurred
6776,GSK,Other,2021-01-21,,0,occurred
6777,IMMP,Phase2,2021-01-21,,0,occurred
6778,MRK,Other,2021-01-20,,0,occurred
6779,GSK,Phase3,2021-01-20,,0,occurred
6780,PFE,Phase2/3,2021-01-18,,0,occurred
6781,BHVN,Phase2/3,2021-01-18,,0,occurred
6782,JNJ,Other,2021-01-15,,0,occurred
6783,NBTX,Other,2021-01-15,,0,occurred
6784,HALO,Other,2021-01-15,,0,occurred
6785,GMAB,Other,2021-01-15,,0,occurred
6786,PFE,Other,2021-01-14,,0,occurred
6787,OBSV,Phase3,2021-01-10,,0,occurred
6788,ARGX,Phase2,2021-01-08,,0,occurred
6789,CPRX,Phase2,2021-01-06,,0,occurred
6790,INO,Phase2,2021-01-06,,0,occurred
6791,ATYR,Phase2,2021-01-04,,0,occurred
6792,CALA,Phase2,2021-01-04,,0,occurred
6793,TAK,Phase2,2021-01-04,,0,occurred
6794,ARCT,Other,2020-12-28,,0,occurred
6795,BMY,Phase3,2020-12-23,,0,occurred
6796,NBIX,Phase2,2020-12-22,,0,occurred
6797,SUPN,Phase3,2020-12-22,,0,occurred
6798,VYGR,Phase2,2020-12-22,,0,occurred
6799,AMGN,Phase3,2020-12-22,,0,occurred
6800,KNSA,Phase2,2020-12-22,,0,occurred
6801,AMGN,Phase2,2020-12-21,,0,occurred
6802,AZN,Other,2020-12-21,,0,occurred
6803,VRTX,Other,2020-12-21,,0,occurred
6804,TNXP,Phase3,2020-12-21,,0,occurred
6805,KPTI,Other,2020-12-18,,0,occurred
6806,TAK,Other,2020-12-18,,0,occurred
6807,AMGN,Other,2020-12-17,,0,occurred
6808,GSK,Other,2020-12-17,,0,occurred
6809,BLRX,Phase2,2020-12-16,,0,occurred
6810,VTVT,Phase2,2020-12-15,,0,occurred
6811,INCY,Phase3,2020-12-14,,0,occurred
6812,AADI,Phase2,2020-12-11,,0,occurred
6813,AKTX,Phase2/3,2020-12-11,,0,occurred
6814,SVRA,Phase3,2020-12-10,,0,occurred
6815,INFI,Other,2020-12-09,,0,occurred
6816,LLY,Phase3,2020-12-09,,0,occurred
6817,PLUR,Phase3,2020-12-09,,0,occurred
6818,EVLO,Phase2,2020-12-09,,0,occurred
6819,RCUS,Other,2020-12-09,,0,occurred
6820,LPCN,Other,2020-12-08,,0,occurred
6821,AUTL,Phase2,2020-12-07,,0,occurred
6822,AFMD,Other,2020-12-07,,0,occurred
6823,INCY,Phase2,2020-12-07,,0,occurred
6824,SCPH,Other,2020-12-07,,0,occurred
6825,ERYP,Phase2,2020-12-06,,0,occurred
6826,GMDA,Phase2,2020-12-06,,0,occurred
6827,CRDF,Other,2020-12-06,,0,occurred
6828,FATE,Other,2020-12-04,,0,occurred
6829,JAZZ,Phase3,2020-12-03,,0,occurred
6830,BCRX,Other,2020-12-03,,0,occurred
6831,RHHBY,Other,2020-12-01,,0,occurred
6832,OVID,Phase3,2020-12-01,,0,occurred
6833,BPMC,Other,2020-12-01,,0,occurred
6834,VNDA,Other,2020-12-01,,0,occurred
6835,GLPG,Phase2,2020-11-30,,0,occurred
6836,RYTM,Other,2020-11-27,,0,occurred
6837,YMAB,Other,2020-11-25,,0,occurred
6838,ALNY,Other,2020-11-24,,0,occurred
6839,VTRS,Other,2020-11-23,,0,occurred
6840,BLRX,Phase2,2020-11-23,,0,occurred
6841,RHHBY,Other,2020-11-23,,0,occurred
6842,BLPH,Phase3,2020-11-23,,0,occurred
6843,EIGR,Other,2020-11-20,,0,occurred
6844,OBSV,Phase2,2020-11-16,,0,occurred
6845,SNY,Other,2020-11-13,,0,occurred
6846,JAZZ,Phase3,2020-11-12,,0,occurred
6847,ETON,Other,2020-11-12,,0,occurred
6848,VRCA,Phase2,2020-11-10,,0,occurred
6849,ABCL,Other,2020-11-09,,0,occurred
6850,ONCS,Phase2,2020-11-09,,0,occurred
6851,PFE,Phase2,2020-11-09,,0,occurred
6852,MRK,Phase3,2020-11-09,,0,occurred
6853,LLY,Other,2020-11-09,,0,occurred
6854,FIXX,Other,2020-11-06,,0,occurred
6855,AZN,Other,2020-11-06,,0,occurred
6856,TBPH,Phase2,2020-11-05,,0,occurred
6857,BMY,Phase3,2020-11-03,,0,occurred
6858,AUPH,Phase2/3,2020-11-02,,0,occurred
6859,KPTI,Phase3,2020-11-02,,0,occurred
6860,JNCE,Phase2,2020-11-02,,0,occurred
6861,AMGN,Phase2,2020-10-28,,0,occurred
6862,KALA,Other,2020-10-27,,0,occurred
6863,LLY,Phase3,2020-10-26,,0,occurred
6864,ATXS,Phase3,2020-10-26,,0,occurred
6865,BSGM,Phase2,2020-10-26,,0,occurred
6866,BMY,Other,2020-10-25,,0,occurred
6867,BIIB,Phase2,2020-10-21,,0,occurred
6868,RHHBY,Other,2020-10-16,,0,occurred
6869,ABBV,Other,2020-10-16,,0,occurred
6870,MRK,Other,2020-10-15,,0,occurred
6871,GILD,Phase2,2020-10-15,,0,occurred
6872,GLPG,Phase2,2020-10-15,,0,occurred
6873,VRTX,Phase2,2020-10-14,,0,occurred
6874,HRMY,Other,2020-10-14,,0,occurred
6875,REGN,Other,2020-10-14,,0,occurred
6876,CYCN,Phase2,2020-10-14,,0,occurred
6877,GOSS,Phase2,2020-10-13,,0,occurred
6878,GOSS,Phase2,2020-10-13,,0,occurred
6879,PFE,Phase3,2020-10-09,,0,occurred
6880,CRBP,Phase2,2020-10-06,,0,occurred
6881,KNSA,Phase2,2020-10-06,,0,occurred
6882,SIOX,Other,2020-10-06,,0,occurred
6883,MGTX,Other,2020-10-03,,0,occurred
6884,BMY,Other,2020-10-02,,0,occurred
6885,BMY,Phase3,2020-10-02,,0,occurred
6886,TOVX,Phase2,2020-10-02,,0,occurred
6887,ALNY,Phase3,2020-09-30,,0,occurred
6888,OVID,Phase2,2020-09-30,,0,occurred
6889,RNAC,Phase2,2020-09-30,,0,occurred
6890,ETON,Other,2020-09-29,,0,occurred
6891,IRWD,Phase3,2020-09-29,,0,occurred
6892,PFE,Phase3,2020-09-28,,0,occurred
6893,GSK,Other,2020-09-25,,0,occurred
6894,BHC,Other,2020-09-25,,0,occurred
6895,ETON,Other,2020-09-25,,0,occurred
6896,ALC,Phase3,2020-09-24,,0,occurred
6897,ACIU,Phase2,2020-09-23,,0,occurred
6898,RHHBY,Phase3,2020-09-18,,0,occurred
6899,INCY,Phase2,2020-09-18,,0,occurred
6900,MGNX,Phase2,2020-09-18,,0,occurred
6901,BMY,Phase2,2020-09-18,,0,occurred
6902,BGNE,Phase3,2020-09-17,,0,occurred
6903,BGNE,Other,2020-09-17,,0,occurred
6904,GLPG,Phase2,2020-09-10,,0,occurred
6905,GSK,Other,2020-09-09,,0,occurred
6906,TBPH,Other,2020-09-09,,0,occurred
6907,INVA,Other,2020-09-09,,0,occurred
6908,CRBP,Phase3,2020-09-08,,0,occurred
6909,BPMC,Other,2020-09-04,,0,occurred
6910,SVRA,Phase2,2020-09-03,,0,occurred
6911,BMY,Other,2020-09-01,,0,occurred
6912,SNY,Phase3,2020-09-01,,0,occurred
6913,REGN,Phase3,2020-09-01,,0,occurred
6914,GRCE,Phase3,2020-08-31,,0,occurred
6915,URGN,Phase2,2020-08-27,,0,occurred
6916,OTLK,Phase3,2020-08-26,,0,occurred
6917,OABI,Phase2,2020-08-25,,0,occurred
6918,IMVT,Phase2,2020-08-25,,0,occurred
6919,ONTX,Phase3,2020-08-24,,0,occurred
6920,TCDA,Other,2020-08-24,,0,occurred
6921,TRAW,Phase3,2020-08-24,,0,occurred
6922,NVS,Other,2020-08-20,,0,occurred
6923,GMAB,Other,2020-08-20,,0,occurred
6924,JNJ,Other,2020-08-20,,0,occurred
6925,GMAB,Other,2020-08-20,,0,occurred
6926,IPSEY,Phase2,2020-08-18,,0,occurred
6927,VNDA,Phase3,2020-08-18,,0,occurred
6928,UBX,Phase2,2020-08-17,,0,occurred
6929,VTRS,Other,2020-08-17,,0,occurred
6930,RHHBY,Other,2020-08-14,,0,occurred
6931,CYDY,Phase2,2020-08-11,,0,occurred
6932,CPRX,Phase3,2020-08-10,,0,occurred
6933,EGRX,Other,2020-08-10,,0,occurred
6934,RHHBY,Phase3,2020-08-10,,0,occurred
6935,TRVN,Other,2020-08-07,,0,occurred
6936,PTCT,Other,2020-08-07,,0,occurred
6937,RHHBY,Other,2020-08-07,,0,occurred
6938,RGNX,Other,2020-08-06,,0,occurred
6939,PFE,Other,2020-08-06,,0,occurred
6940,RHHBY,Phase3,2020-08-06,,0,occurred
6941,GSK,Other,2020-08-06,,0,occurred
6942,GSK,Other,2020-08-05,,0,occurred
6943,TEVA,Phase3,2020-08-05,,0,occurred
6944,PFE,Other,2020-08-05,,0,occurred
6945,REGN,Phase3,2020-08-05,,0,occurred
6946,DBVT,Other,2020-08-04,,0,occurred
6947,JAZZ,Other,2020-08-03,,0,occurred
6948,JNJ,Other,2020-08-03,,0,occurred
6949,INCY,Other,2020-07-31,,0,occurred
6950,XNCR,Other,2020-07-31,,0,occurred
6951,NVS,Other,2020-07-31,,0,occurred
6952,RHHBY,Other,2020-07-30,,0,occurred
6953,EXEL,Other,2020-07-30,,0,occurred
6954,RHHBY,Phase3,2020-07-29,,0,occurred
6955,GILD,Other,2020-07-24,,0,occurred
6956,AZN,Other,2020-07-24,,0,occurred
6957,JAZZ,Other,2020-07-22,,0,occurred
6958,ACAD,Phase3,2020-07-20,,0,occurred
6959,LLY,Phase3,2020-07-17,,0,occurred
6960,NVS,Other,2020-07-14,,0,occurred
6961,JNJ,Other,2020-07-14,,0,occurred
6962,CYDY,Other,2020-07-13,,0,occurred
6963,VTRS,Other,2020-07-09,,0,occurred
6964,MRK,Other,2020-07-08,,0,occurred
6965,ENDP,Other,2020-07-06,,0,occurred
6966,SNY,Phase3,2020-07-02,,0,occurred
6967,PFE,Other,2020-07-02,,0,occurred
6968,REGN,Phase3,2020-07-02,,0,occurred
6969,GSK,Other,2020-07-02,,0,occurred
6970,MEIP,Phase3,2020-07-02,,0,occurred
6971,PFE,Other,2020-06-30,,0,occurred
6972,RARE,Other,2020-06-30,,0,occurred
6973,MRK,Other,2020-06-29,,0,occurred
6974,RHHBY,Other,2020-06-29,,0,occurred
6975,ITCI,Other,2020-06-29,,0,occurred
6976,HALO,Other,2020-06-29,,0,occurred
6977,MOLN,Other,2020-06-26,,0,occurred
6978,ABBV,Other,2020-06-26,,0,occurred
6979,PFE,Phase2/3,2020-06-24,,0,occurred
6980,MRK,Other,2020-06-24,,0,occurred
6981,BHVN,Phase2/3,2020-06-24,,0,occurred
6982,KPTI,Other,2020-06-22,,0,occurred
6983,RHHBY,Phase3,2020-06-19,,0,occurred
6984,NBRV,Other,2020-06-19,,0,occurred
6985,EPZM,Other,2020-06-18,,0,occurred
6986,XERS,Phase2,2020-06-18,,0,occurred
6987,RARE,Other,2020-06-18,,0,occurred
6988,RHHBY,Phase3,2020-06-18,,0,occurred
6989,MRK,Other,2020-06-17,,0,occurred
6990,NVS,Other,2020-06-16,,0,occurred
6991,ABBV,Other,2020-06-15,,0,occurred
6992,XERS,Phase2,2020-06-15,,0,occurred
6993,JAZZ,Other,2020-06-15,,0,occurred
6994,ORMP,Phase2,2020-06-15,,0,occurred
6995,GYRE,Phase2,2020-06-15,,0,occurred
6996,LLY,Other,2020-06-15,,0,occurred
6997,JNJ,Phase2,2020-06-15,,0,occurred
6998,MRK,Other,2020-06-12,,0,occurred
6999,BGNE,Other,2020-06-12,,0,occurred
7000,BLUE,Phase3,2020-06-11,,0,occurred
7001,AMGN,Other,2020-06-11,,0,occurred
7002,MRK,Other,2020-06-04,,0,occurred
7003,TENX,Phase2,2020-06-02,,0,occurred
7004,VYNE,Phase2,2020-06-02,,0,occurred
7005,LLY,Other,2020-06-01,,0,occurred
7006,OCGN,Phase3,2020-06-01,,0,occurred
7007,ITRM,Phase3,2020-06-01,,0,occurred
7008,AZN,Other,2020-06-01,,0,occurred
7009,KURA,Phase2,2020-05-29,,0,occurred
7010,RHHBY,Other,2020-05-29,,0,occurred
7011,NBIX,Other,2020-05-29,,0,occurred
7012,ABBV,Other,2020-05-29,,0,occurred
7013,LLY,Other,2020-05-29,,0,occurred
7014,CRVS,Other,2020-05-29,,0,occurred
7015,VYNE,Other,2020-05-29,,0,occurred
7016,PFE,Phase3,2020-05-29,,0,occurred
7017,LLY,Other,2020-05-28,,0,occurred
7018,IRWD,Phase2,2020-05-27,,0,occurred
7019,SNY,Other,2020-05-26,,0,occurred
7020,REGN,Other,2020-05-26,,0,occurred
7021,BMY,Other,2020-05-26,,0,occurred
7022,XERS,Phase2,2020-05-22,,0,occurred
7023,TAK,Other,2020-05-22,,0,occurred
7024,EVFM,Other,2020-05-22,,0,occurred
7025,SNDX,Phase3,2020-05-21,,0,occurred
7026,AQST,Other,2020-05-21,,0,occurred
7027,GILD,Phase2/3,2020-05-20,,0,occurred
7028,GLPG,Phase2/3,2020-05-20,,0,occurred
7029,MRK,Other,2020-05-19,,0,occurred
7030,AZN,Other,2020-05-19,,0,occurred
7031,RHHBY,Other,2020-05-18,,0,occurred
7032,AMGN,Phase2,2020-05-18,,0,occurred
7033,BMY,Other,2020-05-15,,0,occurred
7034,BPMC,Other,2020-05-15,,0,occurred
7035,BMY,Other,2020-05-15,,0,occurred
7036,DCPH,Other,2020-05-15,,0,occurred
7037,NVO,Phase3,2020-05-13,,0,occurred
7038,GNFT,Phase3,2020-05-11,,0,occurred
7039,KNSA,Phase2,2020-05-11,,0,occurred
7040,GILD,Phase2,2020-05-11,,0,occurred
7041,MRK,Other,2020-05-08,,0,occurred
7042,AZN,Other,2020-05-08,,0,occurred
7043,LLY,Other,2020-05-08,,0,occurred
7044,ENTA,Phase2,2020-05-06,,0,occurred
7045,NVS,Other,2020-05-06,,0,occurred
7046,INCY,Other,2020-05-06,,0,occurred
7047,SUPN,Phase3,2020-05-05,,0,occurred
7048,AZN,Other,2020-05-05,,0,occurred
7049,GMAB,Other,2020-05-01,,0,occurred
7050,JNJ,Other,2020-05-01,,0,occurred
7051,HALO,Other,2020-05-01,,0,occurred
7052,AMGN,Other,2020-04-30,,0,occurred
7053,GSK,Other,2020-04-29,,0,occurred
7054,ZLAB,Other,2020-04-29,,0,occurred
7055,BPMC,Phase3,2020-04-28,,0,occurred
7056,UTHR,Other,2020-04-28,,0,occurred
7057,VCNX,Other,2020-04-27,,0,occurred
7058,NBIX,Other,2020-04-27,,0,occurred
7059,SNY,Phase3,2020-04-27,,0,occurred
7060,REGN,Phase3,2020-04-27,,0,occurred
7061,SNY,Other,2020-04-24,,0,occurred
7062,RHHBY,Phase2,2020-04-22,,0,occurred
7063,BIIB,Phase2,2020-04-22,,0,occurred
7064,GILD,Other,2020-04-22,,0,occurred
7065,KNSA,Phase2,2020-04-22,,0,occurred
7066,ABBV,Other,2020-04-21,,0,occurred
7067,JNJ,Other,2020-04-21,,0,occurred
7068,INCY,Other,2020-04-17,,0,occurred
7069,PFE,Other,2020-04-17,,0,occurred
7070,URGN,Other,2020-04-15,,0,occurred
7071,OGEN,Phase2,2020-04-15,,0,occurred
7072,AZN,Other,2020-04-13,,0,occurred
7073,MRK,Other,2020-04-13,,0,occurred
7074,PFE,Other,2020-04-08,,0,occurred
7075,MRK,Other,2020-04-03,,0,occurred
7076,BMY,Other,2020-04-03,,0,occurred
7077,BHC,Phase2,2020-03-31,,0,occurred
7078,BIIB,Phase3,2020-03-30,,0,occurred
7079,ZLDPF,Phase2,2020-03-30,,0,occurred
7080,LLY,Other,2020-03-30,,0,occurred
7081,CTMX,Phase2,2020-03-30,,0,occurred
7082,IMVT,Phase2,2020-03-30,,0,occurred
7083,RMTI,Other,2020-03-27,,0,occurred
7084,BMY,Other,2020-03-25,,0,occurred
7085,NVAX,Phase3,2020-03-24,,0,occurred
7086,LLY,Other,2020-03-20,,0,occurred
7087,GILD,Other,2020-03-19,,0,occurred
7088,PFE,Phase3,2020-03-13,,0,occurred
7089,SVRA,Phase2,2020-03-12,,0,occurred
7090,AZN,Phase3,2020-03-12,,0,occurred
7091,BMY,Other,2020-03-11,,0,occurred
7092,TAK,Phase3,2020-03-10,,0,occurred
7093,MRK,Phase2,2020-03-09,,0,occurred
7094,BMY,Phase3,2020-03-09,,0,occurred
7095,TCON,Phase2,2020-03-09,,0,occurred
7096,AZN,Phase3,2020-03-06,,0,occurred
7097,SNY,Other,2020-03-02,,0,occurred
7098,BHVN,Other,2020-02-27,,0,occurred
7099,PFE,Other,2020-02-27,,0,occurred
7100,EGRX,Other,2020-02-26,,0,occurred
7101,PBYI,Other,2020-02-26,,0,occurred
7102,ESPR,Other,2020-02-26,,0,occurred
7103,SUPN,Phase3,2020-02-25,,0,occurred
7104,VNDA,Phase3,2020-02-25,,0,occurred
7105,LLY,Other,2020-02-21,,0,occurred
7106,ESPR,Other,2020-02-21,,0,occurred
7107,TEVA,Phase2/3,2020-02-19,,0,occurred
7108,BMY,Other,2020-02-15,,0,occurred
7109,RHHBY,Phase2/3,2020-02-10,,0,occurred
7110,PFE,Phase3,2020-02-10,,0,occurred
7111,BHVN,Phase3,2020-02-10,,0,occurred
7112,LLY,Phase2/3,2020-02-10,,0,occurred
7113,SNY,Phase2,2020-02-06,,0,occurred
7114,UTHR,Phase2/3,2020-02-03,,0,occurred
7115,LNTH,Phase3,2020-02-03,,0,occurred
7116,SNY,Phase3,2020-01-30,,0,occurred
7117,MRK,Other,2020-01-27,,0,occurred
7118,LLY,Other,2020-01-27,,0,occurred
7119,RHHBY,Phase3,2020-01-24,,0,occurred
7120,EPZM,Other,2020-01-23,,0,occurred
7121,BGNE,Phase3,2020-01-21,,0,occurred
7122,AMGN,Other,2020-01-21,,0,occurred
7123,HCM,Phase3,2020-01-20,,0,occurred
7124,ELOX,Phase2,2020-01-14,,0,occurred
7125,VERU,Phase2,2020-01-13,,0,occurred
7126,OYST,Phase2,2020-01-12,,0,occurred
7127,BPMC,Other,2020-01-09,,0,occurred
7128,REGN,Phase2,2020-01-09,,0,occurred
7129,MRK,Other,2020-01-08,,0,occurred
7130,MRK,Phase3,2020-01-06,,0,occurred
7131,INCY,Phase3,2020-01-02,,0,occurred
7132,DRRX,Phase2,2020-01-02,,0,occurred
7133,AZN,Other,2019-12-30,,0,occurred
7134,MRK,Other,2019-12-30,,0,occurred
7135,ABBV,Other,2019-12-23,,0,occurred
7136,ITCI,Other,2019-12-23,,0,occurred
7137,BHC,Other,2019-12-19,,0,occurred
7138,PFE,Other,2019-12-18,,0,occurred
7139,NERV,Phase2,2019-12-18,,0,occurred
7140,AVDL,Other,2019-12-16,,0,occurred
7141,NVS,Phase3,2019-12-16,,0,occurred
7142,GILD,Phase2,2019-12-16,,0,occurred
7143,LLY,Phase3,2019-12-13,,0,occurred
7144,SRPT,Other,2019-12-12,,0,occurred
7145,ONCS,Phase2,2019-12-12,,0,occurred
7146,ITRM,Phase3,2019-12-10,,0,occurred
7147,BMY,Phase2,2019-12-09,,0,occurred
7148,MRK,Phase2,2019-12-09,,0,occurred
7149,KALV,Phase2,2019-12-09,,0,occurred
7150,SNY,Phase2,2019-12-07,,0,occurred
7151,AMGN,Other,2019-12-06,,0,occurred
7152,SAGE,Phase3,2019-12-05,,0,occurred
7153,RHHBY,Other,2019-12-03,,0,occurred
7154,BIIB,Phase2,2019-12-03,,0,occurred
7155,PFE,Other,2019-11-25,,0,occurred
7156,INVA,Phase3,2019-11-25,,0,occurred
7157,AQST,Other,2019-11-23,,0,occurred
7158,EBS,Phase2,2019-11-22,,0,occurred
7159,AZN,Other,2019-11-21,,0,occurred
7160,XERS,Phase2,2019-11-21,,0,occurred
7161,ALNY,Other,2019-11-20,,0,occurred
7162,NVS,Phase3,2019-11-18,,0,occurred
7163,PFE,Other,2019-11-18,,0,occurred
7164,NVS,Other,2019-11-15,,0,occurred
7165,BGNE,Other,2019-11-14,,0,occurred
7166,VTGN,Phase2,2019-11-14,,0,occurred
7167,EIGR,Phase2,2019-11-12,,0,occurred
7168,ASLN,Phase2/3,2019-11-11,,0,occurred
7169,NKTR,Other,2019-11-09,,0,occurred
7170,PIRS,Other,2019-11-09,,0,occurred
7171,BMY,Other,2019-11-09,,0,occurred
7172,PFE,Phase3,2019-11-08,,0,occurred
7173,MRK,Other,2019-11-08,,0,occurred
7174,BMY,Other,2019-11-08,,0,occurred
7175,TAK,Phase3,2019-11-08,,0,occurred
7176,IBRX,Phase2,2019-11-07,,0,occurred
7177,OBSV,Phase3,2019-11-06,,0,occurred
7178,NVS,Other,2019-11-05,,0,occurred
7179,SUPN,Phase3,2019-11-05,,0,occurred
7180,INO,Other,2019-11-05,,0,occurred
7181,HALO,Phase3,2019-11-04,,0,occurred
7182,SNY,Other,2019-11-04,,0,occurred
7183,NVS,Phase3,2019-11-01,,0,occurred
7184,BIIB,Other,2019-10-30,,0,occurred
7185,ALKS,Other,2019-10-30,,0,occurred
7186,CYCN,Phase2,2019-10-30,,0,occurred
7187,CPRX,Phase3,2019-10-30,,0,occurred
7188,GILD,Phase2,2019-10-24,,0,occurred
7189,GILD,Phase2,2019-10-24,,0,occurred
7190,ABBV,Other,2019-10-24,,0,occurred
7191,ACRS,Phase2,2019-10-24,,0,occurred
7192,GLPG,Phase2,2019-10-24,,0,occurred
7193,GSK,Other,2019-10-23,,0,occurred
7194,NVS,Phase3,2019-10-22,,0,occurred
7195,SNY,Phase2,2019-10-22,,0,occurred
7196,ETON,Other,2019-10-22,,0,occurred
7197,JNJ,Other,2019-10-21,,0,occurred
7198,AZN,Other,2019-10-21,,0,occurred
7199,VRTX,Other,2019-10-21,,0,occurred
7200,ASRT,Other,2019-10-21,,0,occurred
7201,VYNE,Other,2019-10-18,,0,occurred
7202,AMGN,Other,2019-10-18,,0,occurred
7203,RHHBY,Other,2019-10-18,,0,occurred
7204,AZN,Other,2019-10-18,,0,occurred
7205,LLY,Phase3,2019-10-16,,0,occurred
7206,JNJ,Other,2019-10-14,,0,occurred
7207,LLY,Other,2019-10-11,,0,occurred
7208,NVS,Other,2019-10-08,,0,occurred
7209,MDT,Phase3,2019-10-07,,0,occurred
7210,LGND,Other,2019-10-07,,0,occurred
7211,GILD,Other,2019-10-03,,0,occurred
7212,AZN,Other,2019-10-01,,0,occurred
7213,AGIO,Phase3,2019-09-30,,0,occurred
7214,XFOR,Phase2,2019-09-30,,0,occurred
7215,RHHBY,Phase3,2019-09-30,,0,occurred
7216,JNJ,Other,2019-09-30,,0,occurred
7217,RHHBY,Phase3,2019-09-29,,0,occurred
7218,RHHBY,Other,2019-09-27,,0,occurred
7219,JNJ,Other,2019-09-26,,0,occurred
7220,GMAB,Other,2019-09-26,,0,occurred
7221,AMGN,Phase3,2019-09-24,,0,occurred
7222,MRK,Other,2019-09-20,,0,occurred
7223,NVO,Other,2019-09-20,,0,occurred
7224,ZYNE,Phase2,2019-09-18,,0,occurred
7225,HRMY,Phase2,2019-09-18,,0,occurred
7226,JNJ,Other,2019-09-18,,0,occurred
7227,MRK,Other,2019-09-17,,0,occurred
7228,MRK,Phase2,2019-09-16,,0,occurred
7229,BIIB,Phase3,2019-09-13,,0,occurred
7230,BIIB,Phase3,2019-09-13,,0,occurred
7231,GSK,Other,2019-09-12,,0,occurred
7232,ARDX,Other,2019-09-12,,0,occurred
7233,XERS,Other,2019-09-10,,0,occurred
7234,ABBV,Other,2019-09-03,,0,occurred
7235,ARDX,Phase3,2019-09-03,,0,occurred
7236,BIIB,Phase2,2019-08-31,,0,occurred
7237,ESPR,Phase2,2019-08-28,,0,occurred
7238,LLY,Other,2019-08-26,,0,occurred
7239,TVTX,Phase3,2019-08-22,,0,occurred
7240,AZN,Phase3,2019-08-21,,0,occurred
7241,SYBX,Other,2019-08-20,,0,occurred
7242,NCNA,Phase3,2019-08-20,,0,occurred
7243,NBRV,Other,2019-08-19,,0,occurred
7244,VNDA,Other,2019-08-19,,0,occurred
7245,ABBV,Other,2019-08-16,,0,occurred
7246,BMY,Other,2019-08-16,,0,occurred
7247,RHHBY,Other,2019-08-15,,0,occurred
7248,RHHBY,Other,2019-08-15,,0,occurred
7249,LPTX,Other,2019-08-06,,0,occurred
7250,VRNA,Phase2,2019-08-05,,0,occurred
7251,LGND,Phase2,2019-08-05,,0,occurred
7252,LLY,Phase3,2019-08-05,,0,occurred
7253,RHHBY,Phase3,2019-08-05,,0,occurred
7254,PFE,Phase3,2019-08-02,,0,occurred
7255,GLYC,Phase3,2019-08-02,,0,occurred
7256,MRK,Other,2019-07-31,,0,occurred
7257,ALKS,Phase3,2019-07-30,,0,occurred
7258,CDTX,Phase2,2019-07-29,,0,occurred
7259,SAGE,Phase2,2019-07-24,,0,occurred
7260,LLY,Other,2019-07-24,,0,occurred
7261,LGND,Phase2,2019-07-23,,0,occurred
7262,MRNS,Phase2,2019-07-23,,0,occurred
7263,PFE,Other,2019-07-23,,0,occurred
7264,ACAD,Phase3,2019-07-22,,0,occurred
7265,AMGN,Other,2019-07-19,,0,occurred
7266,PFE,Other,2019-07-19,,0,occurred
7267,BHVN,Other,2019-07-19,,0,occurred
7268,MRKR,Other,2019-07-19,,0,occurred
7269,MRK,Other,2019-07-17,,0,occurred
7270,NVS,Phase2/3,2019-07-11,,0,occurred
7271,AMGN,Phase2/3,2019-07-11,,0,occurred
7272,SLGL,Phase3,2019-07-08,,0,occurred
7273,BLCM,Other,2019-07-08,,0,occurred
7274,ITCI,Phase3,2019-07-08,,0,occurred
7275,ITCI,Phase3,2019-07-08,,0,occurred
7276,KPTI,Other,2019-07-03,,0,occurred
7277,PFE,Other,2019-06-28,,0,occurred
7278,GMAB,Other,2019-06-28,,0,occurred
7279,TVTX,Other,2019-06-28,,0,occurred
7280,JNJ,Other,2019-06-28,,0,occurred
7281,PFE,Phase3,2019-06-28,,0,occurred
7282,ATOS,Phase2,2019-06-27,,0,occurred
7283,AZN,Other,2019-06-27,,0,occurred
7284,SNY,Other,2019-06-26,,0,occurred
7285,REGN,Other,2019-06-26,,0,occurred
7286,VRCA,Phase2,2019-06-26,,0,occurred
7287,ZVRA,Other,2019-06-25,,0,occurred
7288,ALDX,Phase3,2019-06-25,,0,occurred
7289,BMY,Phase3,2019-06-24,,0,occurred
7290,NERV,Phase2,2019-06-24,,0,occurred
7291,VRTX,Other,2019-06-21,,0,occurred
7292,ABBV,Other,2019-06-21,,0,occurred
7293,OCUL,Other,2019-06-21,,0,occurred
7294,EXEL,Phase3,2019-06-20,,0,occurred
7295,RHHBY,Phase3,2019-06-20,,0,occurred
7296,IRWD,Phase3,2019-06-18,,0,occurred
7297,VBIV,Phase3,2019-06-17,,0,occurred
7298,RHHBY,Phase3,2019-06-13,,0,occurred
7299,AMGN,Other,2019-06-13,,0,occurred
7300,MRK,Other,2019-06-11,,0,occurred
7301,PFE,Other,2019-06-10,,0,occurred
7302,RHHBY,Other,2019-06-10,,0,occurred
7303,PTCT,Other,2019-06-07,,0,occurred
7304,GSK,Other,2019-06-06,,0,occurred
7305,INVA,Phase2,2019-06-06,,0,occurred
7306,IFRX,Phase2,2019-06-05,,0,occurred
7307,RHHBY,Phase3,2019-06-04,,0,occurred
7308,LLY,Other,2019-06-04,,0,occurred
7309,MRK,Other,2019-06-03,,0,occurred
7310,CLDX,Other,2019-06-01,,0,occurred
7311,IOVA,Phase2,2019-05-31,,0,occurred
7312,BMY,Other,2019-05-28,,0,occurred
7313,NVS,Other,2019-05-24,,0,occurred
7314,INCY,Other,2019-05-24,,0,occurred
7315,MRK,Phase3,2019-05-20,,0,occurred
7316,OCUL,Phase3,2019-05-20,,0,occurred
7317,CARA,Phase3,2019-05-19,,0,occurred
7318,ABBV,Phase3,2019-05-17,,0,occurred
7319,RHHBY,Other,2019-05-15,,0,occurred
7320,ABBV,Other,2019-05-15,,0,occurred
7321,MGTX,Other,2019-05-14,,0,occurred
7322,PFE,Other,2019-05-14,,0,occurred
7323,REGN,Other,2019-05-13,,0,occurred
7324,LLY,Other,2019-05-13,,0,occurred
7325,NERV,Phase2,2019-05-13,,0,occurred
7326,CMRX,Phase2,2019-05-09,,0,occurred
7327,SNY,Other,2019-05-08,,0,occurred
7328,RHHBY,Other,2019-05-06,,0,occurred
7329,PFE,Other,2019-05-06,,0,occurred
7330,NVS,Phase3,2019-05-05,,0,occurred
7331,AZN,Other,2019-05-03,,0,occurred
7332,AGIO,Other,2019-05-02,,0,occurred
7333,SNY,Other,2019-05-01,,0,occurred
7334,VRTX,Other,2019-04-30,,0,occurred
7335,SNY,Other,2019-04-26,,0,occurred
7336,REGN,Other,2019-04-26,,0,occurred
7337,BHC,Other,2019-04-25,,0,occurred
7338,GILD,Phase3,2019-04-25,,0,occurred
7339,MRK,Phase3,2019-04-25,,0,occurred
7340,ABBV,Other,2019-04-23,,0,occurred
7341,MRK,Other,2019-04-22,,0,occurred
7342,PFE,Other,2019-04-22,,0,occurred
7343,MBIO,Other,2019-04-17,,0,occurred
7344,FBIO,Other,2019-04-17,,0,occurred
7345,AXSM,Phase2,2019-04-15,,0,occurred
7346,TCON,Phase3,2019-04-12,,0,occurred
7347,JNJ,Other,2019-04-12,,0,occurred
7348,MRK,Other,2019-04-11,,0,occurred
7349,AMGN,Other,2019-04-09,,0,occurred
7350,UTHR,Phase3,2019-04-08,,0,occurred
7351,GSK,Other,2019-04-08,,0,occurred
7352,PFE,Other,2019-04-04,,0,occurred
7353,NVS,Other,2019-03-26,,0,occurred
7354,OPK,Phase2,2019-03-21,,0,occurred
7355,BIIB,Phase3,2019-03-21,,0,occurred
7356,JAZZ,Other,2019-03-20,,0,occurred
7357,LGND,Other,2019-03-19,,0,occurred
7358,ALT,Phase2,2019-03-19,,0,occurred
7359,SAGE,Other,2019-03-19,,0,occurred
7360,RHHBY,Other,2019-03-18,,0,occurred
7361,PFE,Other,2019-03-15,,0,occurred
7362,ALC,Other,2019-03-13,,0,occurred
7363,SNY,Other,2019-03-11,,0,occurred
7364,REGN,Other,2019-03-11,,0,occurred
7365,RHHBY,Other,2019-03-08,,0,occurred
7366,BMY,Other,2019-03-08,,0,occurred
7367,SNDX,Other,2019-03-07,,0,occurred
7368,SNDX,Phase2,2019-03-07,,0,occurred
7369,JNJ,Other,2019-03-05,,0,occurred
7370,NKTR,Other,2019-03-01,,0,occurred
7371,NVAX,Phase3,2019-02-28,,0,occurred
7372,HALO,Other,2019-02-28,,0,occurred
7373,NVS,Other,2019-02-27,,0,occurred
7374,JNJ,Other,2019-02-27,,0,occurred
7375,HRTX,Other,2019-02-26,,0,occurred
7376,BHC,Other,2019-02-25,,0,occurred
7377,INDV,Phase2,2019-02-21,,0,occurred
7378,OPNT,Phase2,2019-02-21,,0,occurred
7379,MRK,Other,2019-02-19,,0,occurred
7380,NVO,Other,2019-02-19,,0,occurred
7381,LLY,Phase3,2019-02-19,,0,occurred
7382,PFE,Phase3,2019-02-19,,0,occurred
7383,MRK,Phase3,2019-02-19,,0,occurred
7384,LSTA,Phase2,2019-02-13,,0,occurred
7385,NVS,Other,2019-02-13,,0,occurred
7386,GILD,Phase3,2019-02-11,,0,occurred
7387,SNY,Other,2019-02-06,,0,occurred
7388,EOLS,Other,2019-02-01,,0,occurred
7389,OPK,Phase2,2019-02-01,,0,occurred
7390,ALKS,Other,2019-02-01,,0,occurred
7391,ACIU,Phase3,2019-01-30,,0,occurred
7392,RHHBY,Phase3,2019-01-30,,0,occurred
7393,ABBV,Other,2019-01-28,,0,occurred
7394,COCP,Phase2,2019-01-22,,0,occurred
7395,EXEL,Other,2019-01-14,,0,occurred
7396,TAK,Other,2019-01-14,,0,occurred
7397,VRNA,Phase2,2019-01-14,,0,occurred
7398,ASLN,Phase2,2019-01-13,,0,occurred
7399,SAGE,Phase3,2019-01-07,,0,occurred
7400,BMY,Other,2019-01-02,,0,occurred
7401,AZN,Other,2018-12-21,,0,occurred
7402,PFE,Phase3,2018-12-21,,0,occurred
7403,AZN,Phase3,2018-12-20,,0,occurred
7404,MRK,Other,2018-12-19,,0,occurred
7405,MRK,Other,2018-12-19,,0,occurred
7406,AZN,Other,2018-12-19,,0,occurred
7407,ITCI,Phase2,2018-12-18,,0,occurred
7408,LLY,Phase3,2018-12-17,,0,occurred
7409,SUPN,Other,2018-12-14,,0,occurred
7410,LPTX,Other,2018-12-14,,0,occurred
7411,TEVA,Other,2018-12-14,,0,occurred
7412,AMGN,Other,2018-12-14,,0,occurred
7413,NBIX,Phase2,2018-12-12,,0,occurred
7414,AZN,Phase3,2018-12-07,,0,occurred
7415,RHHBY,Other,2018-12-06,,0,occurred
7416,OCUL,Other,2018-12-03,,0,occurred
7417,DVAX,Phase2,2018-11-29,,0,occurred
7418,CPRX,Other,2018-11-28,,0,occurred
7419,TEVA,Other,2018-11-28,,0,occurred
7420,LLY,Other,2018-11-26,,0,occurred
7421,BMY,Phase3,2018-11-26,,0,occurred
7422,ABBV,Other,2018-11-21,,0,occurred
7423,RHHBY,Other,2018-11-21,,0,occurred
7424,PFE,Other,2018-11-21,,0,occurred
7425,EBS,Other,2018-11-19,,0,occurred
7426,AQST,Other,2018-11-16,,0,occurred
7427,NVS,Other,2018-11-16,,0,occurred
7428,PFE,Other,2018-11-16,,0,occurred
7429,TAK,Other,2018-11-16,,0,occurred
7430,AZN,Phase3,2018-11-16,,0,occurred
7431,APVO,Phase2,2018-11-14,,0,occurred
7432,MESO,Phase2,2018-11-11,,0,occurred
7433,INFI,Other,2018-11-10,,0,occurred
7434,TBPH,Other,2018-11-09,,0,occurred
7435,MRK,Other,2018-11-09,,0,occurred
7436,CDXS,Other,2018-11-08,,0,occurred
7437,MACK,Phase2,2018-11-07,,0,occurred
7438,BMY,Other,2018-11-06,,0,occurred
7439,PFE,Other,2018-11-02,,0,occurred
7440,TLPH,Other,2018-11-02,,0,occurred
7441,XOMA,Other,2018-11-02,,0,occurred
7442,NVS,Other,2018-10-31,,0,occurred
7443,JNJ,Other,2018-10-30,,0,occurred
7444,MRK,Other,2018-10-30,,0,occurred
7445,TXMD,Other,2018-10-29,,0,occurred
7446,JAZZ,Other,2018-10-26,,0,occurred
7447,RARE,Phase3,2018-10-26,,0,occurred
7448,RHHBY,Other,2018-10-24,,0,occurred
7449,NVS,Phase2,2018-10-21,,0,occurred
7450,GSK,Phase2,2018-10-21,,0,occurred
7451,REGN,Other,2018-10-19,,0,occurred
7452,SNY,Other,2018-10-19,,0,occurred
7453,MACK,Phase2,2018-10-19,,0,occurred
7454,XOMA,Other,2018-10-18,,0,occurred
7455,NVS,Other,2018-10-18,,0,occurred
7456,PFE,Other,2018-10-16,,0,occurred
7457,EIGR,Phase2,2018-10-16,,0,occurred
7458,AMLX,Phase2,2018-10-16,,0,occurred
7459,ALIM,Other,2018-10-15,,0,occurred
7460,EYPT,Other,2018-10-15,,0,occurred
7461,BMY,Phase3,2018-10-12,,0,occurred
7462,MRK,Other,2018-10-09,,0,occurred
7463,XNCR,Phase2,2018-10-08,,0,occurred
7464,BHC,Other,2018-10-08,,0,occurred
7465,CYTK,Phase2,2018-10-05,,0,occurred
7466,IONS,Other,2018-10-05,,0,occurred
7467,RHHBY,Other,2018-10-04,,0,occurred
7468,HALO,Other,2018-10-01,,0,occurred
7469,AMGN,Other,2018-10-01,,0,occurred
7470,LGND,Other,2018-10-01,,0,occurred
7471,BIIB,Phase2,2018-09-30,,0,occurred
7472,LLY,Other,2018-09-28,,0,occurred
7473,SNY,Other,2018-09-28,,0,occurred
7474,PFE,Phase3,2018-09-28,,0,occurred
7475,REGN,Other,2018-09-28,,0,occurred
7476,INSM,Other,2018-09-28,,0,occurred
7477,GERN,Phase2/3,2018-09-27,,0,occurred
7478,FBIO,Other,2018-09-25,,0,occurred
7479,CKPT,Other,2018-09-25,,0,occurred
7480,SNDX,Phase2,2018-09-24,,0,occurred
7481,VSTM,Other,2018-09-24,,0,occurred
7482,GALT,Other,2018-09-20,,0,occurred
7483,TEVA,Other,2018-09-14,,0,occurred
7484,AZN,Other,2018-09-13,,0,occurred
7485,ATOS,Other,2018-09-13,,0,occurred
7486,LNTH,Phase3,2018-09-12,,0,occurred
7487,GSK,Other,2018-09-07,,0,occurred
7488,GLPG,Phase2,2018-09-05,,0,occurred
7489,GILD,Phase2,2018-09-05,,0,occurred
7490,AQST,Other,2018-08-31,,0,occurred
7491,IONS,Other,2018-08-27,,0,occurred
7492,INVA,Other,2018-08-27,,0,occurred
7493,JNJ,Other,2018-08-27,,0,occurred
7494,ABBV,Other,2018-08-27,,0,occurred
7495,BHC,Other,2018-08-24,,0,occurred
7496,NVS,Phase3,2018-08-23,,0,occurred
7497,KALA,Other,2018-08-23,,0,occurred
7498,BMY,Other,2018-08-17,,0,occurred
7499,REGN,Other,2018-08-13,,0,occurred
7500,FOLD,Other,2018-08-10,,0,occurred
7501,SNY,Other,2018-08-10,,0,occurred
7502,TXMD,Other,2018-08-10,,0,occurred
7503,ALNY,Other,2018-08-10,,0,occurred
7504,BLPH,Phase3,2018-08-07,,0,occurred
7505,PTGX,Phase2,2018-08-06,,0,occurred
7506,LNTH,Other,2018-07-30,,0,occurred
7507,DRRX,Other,2018-07-27,,0,occurred
7508,TNXP,Phase3,2018-07-27,,0,occurred
7509,AZN,Phase3,2018-07-26,,0,occurred
7510,ABBV,Other,2018-07-24,,0,occurred
7511,NBIX,Other,2018-07-24,,0,occurred
7512,GSK,Other,2018-07-23,,0,occurred
7513,AGIO,Other,2018-07-20,,0,occurred
7514,MRSN,Other,2018-07-19,,0,occurred
7515,JNJ,Other,2018-07-18,,0,occurred
7516,PFE,Other,2018-07-13,,0,occurred
7517,SIGA,Other,2018-07-13,,0,occurred
7518,BMY,Other,2018-07-11,,0,occurred
7519,ABBV,Phase3,2018-07-11,,0,occurred
7520,JNJ,Phase3,2018-07-11,,0,occurred
7521,ALKS,Other,2018-07-02,,0,occurred
7522,LLY,Other,2018-06-29,,0,occurred
7523,PFE,Other,2018-06-27,,0,occurred
7524,SMMT,Phase2,2018-06-27,,0,occurred
7525,MACK,Phase2,2018-06-25,,0,occurred
7526,HRTX,Phase2,2018-06-21,,0,occurred
7527,TCRT,Other,2018-06-18,,0,occurred
7528,TEVA,Phase3,2018-06-15,,0,occurred
7529,NVS,Phase2,2018-06-15,,0,occurred
7530,MRK,Other,2018-06-13,,0,occurred
7531,RHHBY,Other,2018-06-13,,0,occurred
7532,PLUR,Phase2,2018-06-12,,0,occurred
7533,VTVT,Phase3,2018-06-12,,0,occurred
7534,MRK,Other,2018-06-12,,0,occurred
7535,LLY,Phase3,2018-06-11,,0,occurred
7536,RHHBY,Other,2018-06-11,,0,occurred
7537,AMGN,Other,2018-06-11,,0,occurred
7538,LGND,Other,2018-06-11,,0,occurred
7539,AZN,Phase3,2018-06-11,,0,occurred
7540,ABBV,Other,2018-06-11,,0,occurred
7541,RHHBY,Other,2018-06-07,,0,occurred
7542,MRK,Other,2018-06-05,,0,occurred
7543,LLY,Other,2018-06-05,,0,occurred
7544,MEIP,Other,2018-06-04,,0,occurred
7545,VTRS,Other,2018-06-04,,0,occurred
7546,AGEN,Other,2018-06-04,,0,occurred
7547,VXRT,Phase2,2018-06-04,,0,occurred
7548,INCY,Other,2018-06-01,,0,occurred
7549,AGIO,Other,2018-06-01,,0,occurred
7550,LLY,Other,2018-06-01,,0,occurred
7551,PPBT,Other,2018-05-31,,0,occurred
7552,MEIP,Phase2,2018-05-31,,0,occurred
7553,GLPG,Phase2,2018-05-30,,0,occurred
7554,TXMD,Other,2018-05-30,,0,occurred
7555,GILD,Phase2,2018-05-30,,0,occurred
7556,AZN,Phase3,2018-05-30,,0,occurred
7557,PFE,Other,2018-05-30,,0,occurred
7558,IMMP,Other,2018-05-30,,0,occurred
7559,ORKA,Phase2,2018-05-27,,0,occurred
7560,BMRN,Other,2018-05-24,,0,occurred
7561,AMGN,Other,2018-05-21,,0,occurred
7562,JNJ,Phase2,2018-05-18,,0,occurred
7563,AZN,Other,2018-05-18,,0,occurred
7564,AMGN,Other,2018-05-17,,0,occurred
7565,NVS,Other,2018-05-17,,0,occurred
7566,NVS,Other,2018-05-11,,0,occurred
7567,AZN,Phase3,2018-05-11,,0,occurred
7568,EXEL,Phase3,2018-05-10,,0,occurred
7569,RHHBY,Phase3,2018-05-10,,0,occurred
7570,BHC,Other,2018-05-07,,0,occurred
7571,JNJ,Other,2018-05-07,,0,occurred
7572,NVS,Other,2018-05-02,,0,occurred
7573,NVS,Other,2018-05-01,,0,occurred
7574,NVS,Other,2018-04-30,,0,occurred
7575,PRTA,Phase2,2018-04-23,,0,occurred
7576,NVCR,Phase2,2018-04-17,,0,occurred
7577,RARE,Other,2018-04-17,,0,occurred
7578,RIGL,Other,2018-04-17,,0,occurred
7579,CLDX,Phase2,2018-04-16,,0,occurred
7580,PFE,Phase3,2018-04-10,,0,occurred
7581,PCRX,Other,2018-04-06,,0,occurred
7582,INCY,Phase3,2018-04-06,,0,occurred
7583,MRK,Phase3,2018-04-06,,0,occurred
7584,BMY,Other,2018-04-04,,0,occurred
7585,PFE,Other,2018-04-04,,0,occurred
7586,TAK,Other,2018-04-04,,0,occurred
7587,BIIB,Phase2,2018-04-03,,0,occurred
7588,RIGL,Phase2,2018-04-03,,0,occurred
7589,MDGL,Phase2,2018-04-03,,0,occurred
7590,MNOV,Phase2,2018-04-02,,0,occurred
7591,LLY,Other,2018-03-26,,0,occurred
7592,SVRA,Phase2,2018-03-11,,0,occurred
7593,BIIB,Phase2,2018-03-01,,0,occurred
7594,SRNE,Other,2018-02-28,,0,occurred
7595,OBSV,Phase3,2018-02-26,,0,occurred
7596,ZVRA,Other,2018-02-23,,0,occurred
7597,JNJ,Other,2018-02-14,,0,occurred
7598,GLMD,Phase2,2018-02-14,,0,occurred
7599,JNJ,Other,2018-02-08,,0,occurred
7600,NVS,Other,2018-02-08,,0,occurred
7601,AFMD,Other,2018-02-01,,0,occurred
7602,SAGE,Other,2018-01-31,,0,occurred
7603,NVS,Other,2018-01-26,,0,occurred
7604,CERS,Phase3,2018-01-23,,0,occurred
7605,AMGN,Other,2018-01-17,,0,occurred
7606,LGND,Other,2018-01-17,,0,occurred
7607,EIGR,Phase2,2018-01-16,,0,occurred
7608,TEVA,Other,2018-01-15,,0,occurred
7609,MRK,Other,2018-01-12,,0,occurred
7610,AZN,Other,2018-01-12,,0,occurred
7611,AMGN,Other,2018-01-05,,0,occurred
7612,BHC,Other,2017-12-22,,0,occurred
7613,INVA,Other,2017-12-21,,0,occurred
7614,PFE,Other,2017-12-20,,0,occurred
7615,BMY,Other,2017-12-20,,0,occurred
7616,MRK,Other,2017-12-20,,0,occurred
7617,CSCI,Other,2017-12-20,,0,occurred
7618,PFE,Other,2017-12-19,,0,occurred
7619,EXEL,Other,2017-12-19,,0,occurred
7620,ALC,Other,2017-12-18,,0,occurred
7621,ACRS,Other,2017-12-15,,0,occurred
7622,PFE,Other,2017-12-14,,0,occurred
7623,MRK,Phase3,2017-12-14,,0,occurred
7624,PFE,Other,2017-12-13,,0,occurred
7625,GSK,Other,2017-12-12,,0,occurred
7626,MDT,Other,2017-12-11,,0,occurred
7627,FBIO,Other,2017-12-11,,0,occurred
7628,SNY,Other,2017-12-11,,0,occurred
7629,PFE,Other,2017-12-11,,0,occurred
7630,LLY,Phase3,2017-12-08,,0,occurred
7631,NVO,Other,2017-12-05,,0,occurred
7632,LLY,Other,2017-12-01,,0,occurred
7633,VTRS,Other,2017-12-01,,0,occurred
7634,PFE,Phase3,2017-11-28,,0,occurred
7635,NKTR,Phase3,2017-11-24,,0,occurred
7636,GSK,Other,2017-11-21,,0,occurred
7637,CYTK,Phase3,2017-11-21,,0,occurred
7638,PFE,Other,2017-11-16,,0,occurred
7639,RARE,Other,2017-11-15,,0,occurred
7640,AZN,Other,2017-11-14,,0,occurred
7641,ABBV,Other,2017-11-13,,0,occurred
7642,BMY,Other,2017-11-10,,0,occurred
7643,AZN,Other,2017-11-10,,0,occurred
7644,INO,Other,2017-11-10,,0,occurred
7645,MRK,Other,2017-11-09,,0,occurred
7646,SAGE,Phase3,2017-11-09,,0,occurred
7647,PFE,Other,2017-11-09,,0,occurred
7648,DVAX,Other,2017-11-09,,0,occurred
7649,AKBA,Other,2017-11-07,,0,occurred
7650,COLL,Other,2017-11-07,,0,occurred
7651,BHC,Other,2017-11-02,,0,occurred
7652,KMDA,Phase2,2017-11-01,,0,occurred
7653,AZN,Other,2017-10-31,,0,occurred
7654,BMY,Phase3,2017-10-28,,0,occurred
7655,MNOV,Phase2,2017-10-28,,0,occurred
7656,EGRX,Other,2017-10-27,,0,occurred
7657,GSK,Other,2017-10-26,,0,occurred
7658,PFE,Phase2,2017-10-23,,0,occurred
7659,AZN,Other,2017-10-23,,0,occurred
7660,GSK,Other,2017-10-20,,0,occurred
7661,JNJ,Other,2017-10-20,,0,occurred
7662,JNJ,Other,2017-10-20,,0,occurred
7663,JNJ,Other,2017-10-13,,0,occurred
7664,PFE,Other,2017-10-12,,0,occurred
7665,NBIX,Other,2017-10-05,,0,occurred
7666,VTRS,Other,2017-10-04,,0,occurred
7667,LLY,Other,2017-10-04,,0,occurred
7668,RDHL,Phase2,2017-10-03,,0,occurred
7669,ABBV,Other,2017-10-03,,0,occurred
7670,NVO,Phase3,2017-09-29,,0,occurred
7671,PRTA,Other,2017-09-28,,0,occurred
7672,JNJ,Other,2017-09-22,,0,occurred
7673,BCRX,Other,2017-09-21,,0,occurred
7674,INVA,Other,2017-09-18,,0,occurred
7675,GSK,Other,2017-09-18,,0,occurred
7676,OPTN,Other,2017-09-17,,0,occurred
7677,AYTU,Other,2017-09-15,,0,occurred
7678,AMGN,Other,2017-09-14,,0,occurred
7679,ABBV,Other,2017-09-14,,0,occurred
7680,FOLD,Phase3,2017-09-13,,0,occurred
7681,SAGE,Phase3,2017-09-12,,0,occurred
7682,PFE,Other,2017-09-01,,0,occurred
7683,NVS,Other,2017-08-30,,0,occurred
7684,NVS,Other,2017-08-29,,0,occurred
7685,AZN,Other,2017-08-28,,0,occurred
7686,NVO,Other,2017-08-25,,0,occurred
7687,KMDA,Other,2017-08-25,,0,occurred
7688,RARE,Phase3,2017-08-22,,0,occurred
7689,IRWD,Other,2017-08-21,,0,occurred
7690,PFE,Other,2017-08-17,,0,occurred
7691,AZN,Other,2017-08-17,,0,occurred
7692,ZYNE,Phase2,2017-08-14,,0,occurred
7693,HRMY,Phase2,2017-08-14,,0,occurred
7694,REGN,Phase3,2017-08-14,,0,occurred
7695,ZYNE,Phase2,2017-08-07,,0,occurred
7696,HRMY,Phase2,2017-08-07,,0,occurred
7697,ENTA,Other,2017-08-03,,0,occurred
7698,ABBV,Other,2017-08-03,,0,occurred
7699,TBPH,Phase2,2017-08-02,,0,occurred
7700,JNJ,Other,2017-08-02,,0,occurred
7701,ABBV,Other,2017-08-02,,0,occurred
7702,BMY,Other,2017-08-01,,0,occurred
7703,TLPH,Phase3,2017-08-01,,0,occurred
7704,BMY,Other,2017-08-01,,0,occurred
7705,AGIO,Other,2017-08-01,,0,occurred
7706,MRK,Phase3,2017-07-24,,0,occurred
7707,GSK,Other,2017-07-21,,0,occurred
7708,GILD,Other,2017-07-18,,0,occurred
7709,PBYI,Other,2017-07-17,,0,occurred
7710,JNJ,Other,2017-07-13,,0,occurred
7711,AMGN,Other,2017-07-11,,0,occurred
7712,UTHR,Phase2,2017-07-10,,0,occurred
7713,RCKT,Phase2,2017-07-07,,0,occurred
7714,BMY,Other,2017-07-06,,0,occurred
7715,AMGN,Other,2017-06-29,,0,occurred
7716,XENE,Phase2,2017-06-27,,0,occurred
7717,AZN,Other,2017-06-23,,0,occurred
7718,NVS,Other,2017-06-22,,0,occurred
7719,HALO,Other,2017-06-22,,0,occurred
7720,PFE,Other,2017-06-22,,0,occurred
7721,AYTU,Other,2017-06-19,,0,occurred
7722,PFE,Phase3,2017-06-19,,0,occurred
7723,JNJ,Other,2017-06-16,,0,occurred
7724,GMAB,Other,2017-06-16,,0,occurred
7725,RDHL,Phase3,2017-06-14,,0,occurred
7726,MRK,Phase2,2017-06-12,,0,occurred
7727,ALKS,Other,2017-06-06,,0,occurred
7728,NVO,Other,2017-05-31,,0,occurred
7729,MRK,Other,2017-05-30,,0,occurred
7730,NVS,Other,2017-05-26,,0,occurred
7731,MRK,Other,2017-05-23,,0,occurred
7732,SNY,Other,2017-05-22,,0,occurred
7733,REGN,Other,2017-05-22,,0,occurred
7734,MRK,Other,2017-05-18,,0,occurred
7735,CAPR,Phase2,2017-05-12,,0,occurred
7736,ARDX,Phase3,2017-05-12,,0,occurred
7737,MRK,Other,2017-05-10,,0,occurred
7738,AZN,Phase3,2017-05-10,,0,occurred
7739,PFE,Other,2017-05-09,,0,occurred
7740,CSCI,Phase3,2017-05-01,,0,occurred
7741,NVS,Other,2017-04-28,,0,occurred
7742,BMRN,Other,2017-04-27,,0,occurred
7743,SNY,Other,2017-04-25,,0,occurred
7744,REGN,Other,2017-04-25,,0,occurred
7745,XOMA,Phase2,2017-04-24,,0,occurred
7746,MRK,Other,2017-04-21,,0,occurred
7747,NOVN,Phase2,2017-04-12,,0,occurred
7748,NBIX,Other,2017-04-11,,0,occurred
7749,MRK,Other,2017-04-07,,0,occurred
7750,NKTR,Phase3,2017-04-05,,0,occurred
7751,SUPN,Other,2017-04-05,,0,occurred
7752,AZN,Other,2017-03-31,,0,occurred
7753,PFE,Other,2017-03-31,,0,occurred
7754,SNY,Other,2017-03-28,,0,occurred
7755,REGN,Other,2017-03-28,,0,occurred
7756,GSK,Other,2017-03-27,,0,occurred
7757,XENE,Phase2,2017-03-24,,0,occurred
7758,PFE,Other,2017-03-23,,0,occurred
7759,NVS,Phase3,2017-03-22,,0,occurred
7760,JAZZ,Phase3,2017-03-20,,0,occurred
7761,MRK,Other,2017-03-14,,0,occurred
7762,NVS,Other,2017-03-13,,0,occurred
7763,PTCT,Phase3,2017-03-02,,0,occurred
7764,KPTI,Phase2,2017-03-02,,0,occurred
7765,MRK,Other,2017-03-01,,0,occurred
7766,AZN,Other,2017-02-28,,0,occurred
7767,CMRX,Phase3,2017-02-22,,0,occurred
7768,BMY,Other,2017-02-22,,0,occurred
7769,CDTX,Phase2,2017-02-21,,0,occurred
7770,BHC,Other,2017-02-15,,0,occurred
7771,JNJ,Phase3,2017-02-08,,0,occurred
7772,AMGN,Other,2017-02-07,,0,occurred
7773,JAZZ,Phase2,2017-02-07,,0,occurred
7774,TENX,Phase3,2017-01-31,,0,occurred
7775,NOVN,Phase3,2017-01-27,,0,occurred
7776,IRWD,Other,2017-01-26,,0,occurred
7777,ABBV,Other,2017-01-19,,0,occurred
7778,ABBV,Other,2017-01-19,,0,occurred
7779,NBIX,Phase2,2017-01-18,,0,occurred
7780,OPK,Phase3,2016-12-30,,0,occurred
7781,AMPH,Other,2016-12-27,,0,occurred
7782,IONS,Other,2016-12-23,,0,occurred
7783,MACK,Phase2,2016-12-21,,0,occurred
7784,VTVT,Phase2,2016-12-14,,0,occurred
7785,COLL,Phase2,2016-12-13,,0,occurred
7786,VCEL,Other,2016-12-13,,0,occurred
7787,AVTX,Phase2,2016-11-29,,0,occurred
7788,NOVN,Phase2,2016-11-29,,0,occurred
7789,TENX,Phase2,2016-10-05,,0,occurred
7790,SRPT,Other,2016-09-19,,0,occurred
7791,NVAX,Phase3,2016-09-15,,0,occurred
7792,GSK,Other,2016-09-02,,0,occurred
7793,GSK,Other,2016-09-02,,0,occurred
7794,KMDA,Phase2,2016-08-30,,0,occurred
7795,HRTX,Other,2016-08-10,,0,occurred
7796,LNTH,Other,2016-07-19,,0,occurred
7797,OPK,Other,2016-06-21,,0,occurred
7798,MRNS,Phase3,2016-06-13,,0,occurred
7799,VNDA,Other,2016-05-26,,0,occurred
7800,AVDL,Other,2016-05-02,,0,occurred
7801,ACAD,Other,2016-04-29,,0,occurred
7802,EXEL,Other,2016-04-25,,0,occurred
7803,EGRX,Other,2016-03-18,,0,occurred
7804,ASRT,Other,2016-03-15,,0,occurred
7805,SPPI,Other,2016-03-15,,0,occurred
7806,JAZZ,Phase3,2016-03-14,,0,occurred
7807,VRTX,Other,2016-02-05,,0,occurred
7808,AYTU,Other,2016-01-27,,0,occurred
7809,BMRN,Other,2016-01-14,,0,occurred
7810,CHRS,Phase3,2016-01-11,,0,occurred
7811,EGRX,Other,2015-12-24,,0,occurred
7812,EBS,Other,2015-11-24,,0,occurred
7813,NKTR,Other,2015-11-16,,0,occurred
7814,EXEL,Other,2015-11-10,,0,occurred
7815,COLL,Other,2015-10-26,,0,occurred
7816,ENDP,Other,2015-10-26,,0,occurred
7817,COLL,Other,2015-10-25,,0,occurred
7818,MACK,Other,2015-10-22,,0,occurred
7819,PFE,Other,2015-08-17,,0,occurred
7820,TAK,Other,2015-08-17,,0,occurred
7821,NYMX,Phase3,2015-07-27,,0,occurred
7822,VRTX,Other,2015-07-02,,0,occurred
7823,TBPH,Other,2015-04-30,,0,occurred
7824,NVS,Other,2015-04-30,,0,occurred
7825,JNJ,Other,2015-04-16,,0,occurred
7826,AMGN,Other,2015-04-15,,0,occurred
7827,EBS,PDUFA,2015-03-25,,0,occurred
7828,VRTX,Other,2015-03-17,,0,occurred
7829,NKTR,Phase3,2015-03-17,,0,occurred
7830,ABBV,Other,2015-01-29,,0,occurred
7831,RMTI,Other,2015-01-26,,0,occurred
7832,VRTX,Other,2014-12-29,,0,occurred
7833,BCRX,Other,2014-12-22,,0,occurred
7834,ENTA,Other,2014-12-19,,0,occurred
7835,ABBV,Other,2014-12-19,,0,occurred
7836,INCY,Other,2014-12-04,,0,occurred
7837,LNTH,Other,2014-09-29,,0,occurred
7838,ALIM,Other,2014-09-26,,0,occurred
7839,EYPT,Other,2014-09-26,,0,occurred
7840,NKTR,Other,2014-09-16,,0,occurred
7841,HALO,Other,2014-09-12,,0,occurred
7842,AKBA,Other,2014-09-05,,0,occurred
7843,NVS,Other,2014-08-06,,0,occurred
7844,EGRX,Other,2014-07-23,,0,occurred
7845,ASRT,Other,2014-07-07,,0,occurred
7846,SPPI,Other,2014-07-07,,0,occurred
7847,EGRX,Other,2014-07-02,,0,occurred
7848,AVDL,Other,2014-06-30,,0,occurred
7849,MNKD,Other,2014-06-27,,0,occurred
7850,COLL,Other,2014-06-06,,0,occurred
7851,OMER,Other,2014-06-02,,0,occurred
7852,NVS,Other,2014-04-30,,0,occurred
7853,ENDP,Other,2014-03-06,,0,occurred
7854,BMRN,Other,2014-02-14,,0,occurred
7855,DRRX,Other,2014-02-12,,0,occurred
7856,ABBV,Other,2014-02-12,,0,occurred
7857,ABBV,Other,2013-11-13,,0,occurred
7858,HALO,Other,2013-10-14,,0,occurred
7859,SUPN,Other,2013-08-19,,0,occurred
7860,TBPH,Other,2013-06-21,,0,occurred
7861,AVDL,Other,2013-06-03,,0,occurred
7862,ASRT,Other,2013-05-31,,0,occurred
7863,TAK,Other,2012-11-29,,0,occurred
7864,EXEL,Other,2012-11-29,,0,occurred
7865,SUPN,Other,2012-10-22,,0,occurred
7866,RGEN,Other,2012-06-22,,0,occurred
7867,EBS,Other,2012-05-17,,0,occurred
7868,PLX,Other,2012-05-01,,0,occurred
7869,CORT,Other,2012-02-17,,0,occurred
7870,CRIS,Other,2012-01-30,,0,occurred
7871,HALO,Other,2011-12-08,,0,occurred
7872,INCY,Other,2011-11-16,,0,occurred
7873,PCRX,Other,2011-10-31,,0,occurred
7874,PFE,Other,2011-08-19,,0,occurred
7875,TAK,Other,2011-08-19,,0,occurred
7876,SPPI,Other,2011-04-29,,0,occurred
7877,ASRT,Other,2011-04-29,,0,occurred
7878,ASRT,Other,2011-01-28,,0,occurred
7879,JAZZ,Other,2010-10-11,,0,occurred
7880,SPPI,Other,2009-09-04,,0,occurred
7881,ALKS,Phase2,2026-04-20,Narcolepsy,0,occurred
7882,LXRX,Phase2,2026-04-22,Diabetic peripheral neuropathy; Neuropathy,0,occurred
7883,VTRS,PDUFA,2026-10-17,Presbyopia,0,upcoming
7884,ADAG,Other,,Hepatocellular carcinoma,0,occurred
7885,IMTX,Other,2026-12-31,Ovarian cancer,0,upcoming
7886,IRON,Phase2,2026-12-31,Anemia; Chronic kidney disease; Myelofibrosis,0,upcoming
7887,MRK,PDUFA,2026-08-17,Muscle-invasive bladder cancer,0,upcoming
7888,BDTX,Phase2,2026-05-31,Cancer; Non-small cell lung carcinoma,1,occurred
7889,AGEN,Phase2,2026-05-31,Cutaneous Melanoma; Melanoma,0,occurred
7890,ANRO,Phase2,2027-12-31,Treatment Resistant Depression,1,upcoming
7891,CLRB,Phase2,2026-06-01,Cancer; Lymphoma; Waldenstrom macroglobulinemia,0,occurred
7892,CRVS,Other,2026-05-16,Atopic dermatitis; Skin disease/disorder,0,occurred
7893,IDYA,Phase2/3,2026-06-01,Cancer; Metastatic uveal melanoma; Solid tumor/s,0,occurred
7894,IMNM,Phase3,2026-05-30,Desmoid tumors,0,occurred
7895,IMTX,Other,2026-05-21,Cutaneous Melanoma,0,occurred
7896,KPTI,Phase3,2026-06-14,Myelofibrosis,0,upcoming
7897,MRNA,Phase2,2026-05-31,Cancer; Melanoma,0,occurred
7898,NUVL,Other,2026-05-29,Non-small cell lung carcinoma,1,occurred
7899,NUVL,Other,2026-05-30,Advanced malignancies; Solid tumor/s,0,occurred
7900,PFE,Phase3,2026-05-31,BRAFm Colorectal Cancer; Colorectal cancer ; Metastatic colorectal cancer,0,occurred
7901,PFE,Phase2,2026-06-01,Endometrial cancer,0,occurred
7902,PFE,Phase3,2026-05-30,Prostate cancer,0,occurred
7903,PFE,Other,2026-05-31,Non-small cell lung carcinoma,1,occurred
7904,PFE,Phase2,2026-05-30,Non-small cell lung carcinoma,1,occurred
7905,RHHBY,PDUFA,2026-12-31,Systemic lupus erythematosus,0,upcoming
7906,ZNTL,Other,2026-06-01,Cancer; Ovarian cancer; Platinum-resistant ovarian cancer,0,occurred
7907,PFE,Other,2026-05-30,Melanoma,0,occurred
7908,RHHBY,Other,,Autoimmune disease; Multiple sclerosis,1,occurred
7909,XENE,Phase2,2026-04-22,Epilepsy; Focal Onset Seizures,1,occurred
7910,DTIL,Other,2026-05-27,Chronic hepatitis B; Liver disease; Viral infection,0,occurred
7911,JAZZ,Other,2026-05-31,Relapsed/refractory Ewing sarcoma; Solid tumor/s,0,occurred
7912,AAPG,Phase3,2026-05-30,Blood cancer; Hematologic malignancies; Leukemia,0,occurred
7913,AAPG,Phase3,2026-06-01,Cancer; Gastrointestinal stromal tumors; Solid tumor/s,0,occurred
7914,ADXN,Other,2026-06-30,Schizophrenia,1,upcoming
7915,PFE,Phase3,2026-06-01,Breast cancer; Cancer; Solid tumor/s,0,occurred
7916,JAZZ,PDUFA,2026-08-25,Cancer; Gastroesophageal adenocarcinomas; HER2-expressing cancers,0,upcoming
7917,ABBV,PDUFA,2026-12-31,Crohns disease,0,upcoming
7918,CABA,Other,2026-12-31,Mucosal Pemphigus Vulgaris,0,upcoming
7919,CRDF,Other,2026-04-30,Chronic myelomonocytic leukemia,0,occurred
7920,IONS,PDUFA,2026-10-26,Hepatitis B,0,upcoming
7921,JANX,Other,,Cancer; Solid tumor/s,0,occurred
7922,MANE,Phase3,2026-12-31,Androgenetic alopecia,0,upcoming
7923,REPL,Other,2026-05-31,Solid tumor/s,0,occurred
7924,TARA,Other,2026-12-31,Bladder cancer; Non-muscle invasive bladder cancer,0,upcoming
7925,BNTC,Other,2026-05-15,Oculopharyngeal Muscular Dystrophy,0,occurred
7926,CYTK,Phase3,2026-05-10,Heart disease; Heart failure; Pancreatic cancer,0,occurred
7927,GILD,PDUFA,2026-08-27,Human immunodeficiency virus,0,upcoming
7928,GPCR,Phase2,2026-06-05,Obesity; Type 2 diabetes,0,occurred
7929,RHHBY,Phase2,2026-05-05,Eye disease ; Macular edema,0,occurred
7930,MPLT,Phase2,2026-08-15,Schizophrenia,1,upcoming
7931,SGMO,Other,2026-05-12,Idiopathic small fiber neuropathy,1,occurred
7932,TEVA,Phase2,2026-12-31,Multiple System Atrophy,0,upcoming
7933,INO,PDUFA,2026-10-30,Lung disease; Recurrent respiratory papillomatosis; Respiratory conditions,0,upcoming
7934,AGIO,Other,,Myelodysplastic syndrome,0,occurred
7935,CORT,Other,2027-12-31,Solid tumor/s,0,upcoming
7967,NVCR,PDUFA,2026-12-31,Brain metastases,0,upcoming
7968,PCRX,Phase3,2026-12-31,Osteoarthritis; Osteoarthritis pain; Shoulder condition,0,upcoming
7969,SNDX,Other,2026-12-31,Relapsed/refractory acute myeloid leukemia,0,upcoming
7970,SNDX,Other,2026-06-12,Blood cancer; Cancer; Leukemia; Relapsed/refractory acute myeloid leukemia,0,upcoming
7971,SNDX,Other,2026-06-02,Bone marrow transplantation; Leukemia,0,occurred
7972,FATE,Other,2026-05-30,Advanced malignancies; Solid tumor/s,0,occurred
7973,IDYA,Phase2,2026-12-31,Cancer; Cutaneous Melanoma; Metastatic uveal melanoma; Solid tumor/s,0,upcoming
7974,NBIX,Other,2027-12-31,Obesity,0,upcoming
7975,PVLA,Phase2,2027-12-31,Angiokeratomas,0,upcoming
8006,QURE,Other,2026-06-18,Epilepsy; Mesial temporal lobe epilepsy,1,upcoming
8007,CTNM,Phase2,2026-06-30,Major depressive disorder,0,upcoming
8008,IMCR,Other,2026-05-31,Cancer; Melanoma,0,occurred
8009,OGEN,Phase2,2026-12-31,Traumatic brain injury,0,upcoming
8010,RLMD,Other,2026-08-15,Non-muscle invasive bladder cancer,0,upcoming
8011,TVTX,Phase3,2027-12-31,Homocystinuria,0,upcoming
8012,ZNTL,Phase2,2026-12-31,Cancer; Ovarian cancer; Platinum-resistant ovarian cancer,0,upcoming
8013,APVO,Other,2026-12-31,Acute myeloid leukemia; Cancer; Myelodysplastic syndrome,0,upcoming
8014,BMEA,Other,2026-06-05,Type 2 diabetes,0,occurred
8015,CLYM,Other,2026-06-13,Primary immune thrombocytopenia,0,upcoming
8016,CLYM,Other,2026-12-31,Systemic lupus erythematosus,0,upcoming
8017,IFRX,Other,2027-12-31,IgA nephropathy,0,upcoming
8018,JAGX,Phase2,2026-06-30,Microvillus inclusion disease; Short bowel syndrome,0,upcoming
8019,MBX,Phase2,2026-06-12,Hypoparathyroidism,0,upcoming
8020,MIRM,PDUFA,2026-09-26,Fibrodysplasia ossificans progressiva,0,upcoming
8021,OKUR,Other,2026-12-31,Breast cancer; Cancer,0,upcoming
8022,ONC,PDUFA,2026-12-31,Gastroesophageal adenocarcinomas; HER2-expressing cancers,0,upcoming
8023,RAPP,Phase2,2026-12-31,Bipolar Mania,1,upcoming
8024,RAPP,Other,2027-12-31,Epilepsy,1,upcoming
8025,SRRK,PDUFA,2026-09-30,Genetic disorder; Spinal muscular atrophy ,1,upcoming
8046,ACAD,Phase2,2026-08-31,Alzheimer's disease,1,upcoming
8047,IRWD,PDUFA,2026-05-24,Constipation,0,occurred
8048,PRTA,Phase3,2029-12-31,Rare diseases; Transthyretin amyloidosis,0,upcoming
8049,XENE,Other,2027-12-31,Epilepsy; Focal Onset Seizures,1,upcoming
8050,ANTX,Other,2026-06-30,Chagas disease,0,upcoming
8051,CRBU,Other,2026-06-12,Blood cancer; Cancer; Non-Hodgkin lymphoma,0,upcoming
8052,FBRX,Other,2026-12-31,Graft-versus-host disease ,0,upcoming
8053,KURA,Other,2026-06-14,Acute myeloid leukemia; Blood cancer; Cancer,0,upcoming
8054,SEPN,Other,2026-12-31,Hypoparathyroidism,0,upcoming
8055,SNDX,Other,2026-06-12,Blood cancer; Cancer; Leukemia,0,upcoming
8083,AAPG,Phase2,2026-06-13,Leukemia,0,upcoming
8084,CRIS,Other,2026-05-21,Pancreatic ductal adenocarcinoma ,0,occurred
8085,CRIS,Phase2,2026-12-31,Chronic lymphocytic leukemia,0,upcoming
8086,INCY,Other,2026-06-12,Myelofibrosis,0,upcoming
8087,MAZE,Phase2,2026-12-31,APOL1-Mediated Kidney Disease,0,upcoming
8088,MRK,Phase3,2026-05-29,Lung cancer; Non-small cell lung carcinoma,1,occurred
8089,MRK,Phase2/3,2026-05-29,Cancer; Platinum-resistant ovarian cancer,0,occurred
8090,NRIX,Other,2026-06-11,B-cell malignancies; Cancer,0,upcoming
8091,SNDX,Other,2026-06-13,Relapsed/refractory acute myeloid leukemia,0,upcoming
8092,ZBIO,Other,2026-12-31,Arthritis; Skin disease/disorder,0,upcoming
8093,GILD,Other,,Hepatitis Delta Virus,0,occurred
8094,HUMA,Phase3,2026-06-11,Dialysis access (AV access),0,upcoming
8126,KURA,Other,2026-12-31,Renal cell carcinoma,0,upcoming
8127,APTOF,Other,2026-06-14,Acute myeloid leukemia; Cancer; Leukemia,0,upcoming
8128,LONA,Phase3,2027-12-31,Breast cancer; Metastatic breast cancer,0,upcoming
8129,CMMB,Phase2,2026-05-30,Primary sclerosing cholangitis,0,occurred
8130,CUE,Phase2,2026-12-31,Chronic spontaneous urticaria,0,upcoming
8131,IMA,Phase2,2027-12-31,Atopic dermatitis,0,upcoming
8132,TAK,PDUFA,2026-12-31,Polycythemia vera,0,upcoming
8133,DTIL,Other,2026-05-14,,0,occurred
8134,CELC,PDUFA,2026-05-14,,0,occurred
8135,EYPT,Phase3,2026-05-14,,0,occurred
8136,IONS,Phase2,2026-05-14,,0,occurred
8137,AZN,Phase3,2026-05-14,,0,occurred
8138,RGNX,Phase3,2026-05-14,,0,occurred
8139,EDIT,Other,2026-05-14,,0,occurred
8140,TLSA,Phase2,2026-05-14,,0,occurred
8141,BIIB,Phase2,2026-05-14,,0,occurred
8142,GNPX,Other,2026-05-14,,0,occurred
8143,MIRA,Other,2026-05-14,,0,occurred
8144,CAMP,Other,2026-05-14,,0,occurred
8145,INAB,Phase2,2026-05-14,,0,occurred
8146,INKT,Phase2,2026-05-14,,0,occurred
8147,SNTI,Other,2026-05-14,,0,occurred
8148,INMB,Other,2026-05-14,,0,occurred
8149,CRVS,Other,2026-05-14,,0,occurred
8150,CABA,Other,2026-05-14,,0,occurred
8151,AZN,Phase3,2026-05-14,,0,occurred
8152,CABA,Other,2026-05-14,,0,occurred
8153,IXHL,Phase2,2026-05-14,,0,occurred
8154,ESPR,Phase2,2026-05-13,,0,occurred
8155,MBRX,Phase2/3,2026-05-13,,0,occurred
8156,ONC,Other,2026-05-13,,0,occurred
8157,DTIL,Other,2026-05-13,,0,occurred
8158,ESPR,Phase3,2026-05-13,,0,occurred
8159,VYGR,Other,2026-05-13,,0,occurred
8160,APVO,Other,2026-05-13,,0,occurred
8161,ZBIO,Other,2026-05-13,,0,occurred
8162,URGN,Phase3,2026-05-13,,0,occurred
8163,INKT,Other,2026-05-12,,0,occurred
8164,NGNE,Other,2026-05-12,,0,occurred
8165,AGIO,Other,2026-05-12,,0,occurred
8166,GYRE,Other,2026-05-12,,0,occurred
8167,ALKS,Phase3,2026-05-12,,0,occurred
8168,MBRX,Other,2026-05-12,,0,occurred
8169,DARE,Phase3,2026-05-12,,0,occurred
8170,BBIO,Other,2026-05-12,,0,occurred
8171,LLY,Phase3,2026-05-12,,0,occurred
8172,VTGN,Phase3,2026-05-12,,0,occurred
8173,LLY,Phase3,2026-05-12,,0,occurred
8174,COYA,Phase2,2026-05-12,,0,occurred
8175,PFE,PDUFA,2026-05-12,,0,occurred
8176,PFE,Other,2026-05-12,,0,occurred
8177,VKTX,Phase3,2026-05-12,,0,occurred
8178,INKT,Other,2026-05-12,,0,occurred
8179,ABCL,Phase2,2026-05-11,,0,occurred
8180,GUTS,Other,2026-05-11,,0,occurred
8181,CYTK,Other,2026-05-11,,0,occurred
8182,ALNY,Other,2026-05-11,,0,occurred
8183,BBIO,Phase3,2026-05-11,,0,occurred
8184,MBX,Phase2,2026-05-11,,0,occurred
8185,ZLAB,Other,2026-05-11,,0,occurred
8186,ZLAB,Other,2026-05-11,,0,occurred
8187,ALNY,Other,2026-05-11,,0,occurred
8188,MBX,Other,2026-05-11,,0,occurred
8189,ANIX,Other,2026-05-11,,0,occurred
8190,FATE,Other,2026-05-11,,0,occurred
8191,LGVN,Phase2,2026-05-11,,0,occurred
8192,ALNY,Phase3,2026-05-11,,0,occurred
8193,FATE,Other,2026-05-11,,0,occurred
8194,ACTU,Other,2026-05-11,,0,occurred
8195,INBX,Phase2,2026-05-11,,0,occurred
8196,FATE,Other,2026-05-11,,0,occurred
8197,ARTV,Phase2,2026-05-08,,0,occurred
8198,ARTV,Phase2,2026-05-08,,0,occurred
8199,ARGX,Other,2026-05-08,,0,occurred
8200,ARTV,Phase2,2026-05-08,,0,occurred
8201,ARGX,Other,2026-05-08,,0,occurred
8202,ARDX,Other,2026-05-07,,0,occurred
8203,SLDB,Phase3,2026-05-07,,0,occurred
8204,AVBP,Other,2026-05-07,,0,occurred
8205,ATRA,Other,2026-05-07,,0,occurred
8206,ENGN,Phase2,2026-05-07,,0,occurred
8207,BMY,Other,2026-05-07,,0,occurred
8208,ALXO,Other,2026-05-07,,0,occurred
8209,NRXP,Phase2/3,2026-05-07,,0,occurred
8210,DCTH,Other,2026-05-07,,0,occurred
8211,ARMP,Other,2026-05-07,,0,occurred
8212,INCY,Other,2026-05-07,,0,occurred
8213,BBIO,Other,2026-05-06,,0,occurred
8214,ASND,Phase3,2026-05-06,,0,occurred
8215,APVO,Other,2026-05-06,,0,occurred
8216,MRNA,PDUFA,2026-05-06,,0,occurred
8217,NUVB,PDUFA,2026-05-06,,0,occurred
8218,ABBV,Phase3,2026-05-05,,0,occurred
8219,JNJ,Other,2026-05-05,,0,occurred
8220,JNJ,Phase2,2026-05-05,,0,occurred
8221,CLYM,Phase2,2026-05-05,,0,occurred
8222,CLRB,Phase2,2026-05-05,,0,occurred
8223,JNJ,Other,2026-05-05,,0,occurred
8224,VRDN,PDUFA,2026-05-05,,0,occurred
8225,VRDN,Phase3,2026-05-05,,0,occurred
8226,CLYM,Other,2026-05-05,,0,occurred
8227,ABBV,Other,2026-05-05,,0,occurred
8228,ABBV,Other,2026-05-05,,0,occurred
8229,CYTK,Phase3,2026-05-05,,0,occurred
8230,JNJ,Phase2,2026-05-05,,0,occurred
8231,JNJ,Other,2026-05-05,,0,occurred
8232,JNJ,Phase2,2026-05-05,,0,occurred
8233,PALI,Other,2026-05-05,,0,occurred
8234,REGN,Other,2026-05-05,,0,occurred
8235,JNJ,Phase2,2026-05-05,,0,occurred
8236,AVTX,Phase2,2026-05-05,,0,occurred
8237,JNJ,Phase3,2026-05-05,,0,occurred
8238,ANRO,Phase2,2026-05-04,,0,occurred
8239,TAK,Phase2/3,2026-05-04,,0,occurred
8240,NBIX,Other,2026-05-04,,0,occurred
8241,LCTX,Other,2026-05-04,,0,occurred
8242,NXTC,Other,2026-05-04,,0,occurred
8243,ATOS,Other,2026-05-04,,0,occurred
8244,XNCR,Other,2026-05-04,,0,occurred
8245,RYTM,Phase3,2026-05-04,,0,occurred
8246,ACXP,Other,2026-05-04,,0,occurred
8247,MIRM,Phase2,2026-05-04,,0,occurred
8248,MCRB,Other,2026-05-04,,0,occurred
8249,ADMA,Other,2026-05-04,,0,occurred
8250,ONCY,Other,2026-05-04,,0,occurred
8251,PVLA,Phase2,2026-05-04,,0,occurred
8252,INCY,Other,2026-05-03,,0,occurred
8253,BMRN,Phase2,2026-05-02,,0,occurred
8254,BMRN,Other,2026-05-02,,0,occurred
8255,ARWR,Other,2026-05-01,,0,occurred
8256,NBIX,Phase3,2026-05-01,,0,occurred
8257,CELC,PDUFA,2026-05-01,,0,occurred
8258,CELC,Phase3,2026-05-01,,0,occurred
8259,VTRS,PDUFA,2026-05-01,,0,occurred
8260,KOD,Phase3,2026-05-01,,0,occurred
8261,RZLT,Phase3,2026-05-01,,0,occurred
8262,MPLT,Phase2,2026-05-01,,0,occurred
8263,INCY,Other,2026-05-01,,0,occurred
8264,RYTM,Other,2026-05-01,,0,occurred
8265,ARVN,Other,2026-05-01,,0,occurred
8266,VNDA,Other,2026-05-01,,0,occurred
8267,MPLT,Phase2,2026-05-01,,0,occurred
8268,TELO,Other,2026-04-30,,0,occurred
8269,AZN,Other,2026-04-30,,0,occurred
8270,CORT,Phase2,2026-04-30,,0,occurred
8271,OSTX,Phase2,2026-04-30,,0,occurred
8272,COCP,Other,2026-04-30,,0,occurred
8273,FATE,Other,2026-04-30,,0,occurred
8274,AXSM,Other,2026-04-30,,0,occurred
8275,IDYA,Phase2/3,2026-04-30,,0,occurred
8276,CTNM,Other,2026-04-30,,0,occurred
8277,XFOR,Other,2026-04-29,,0,occurred
8278,ADXN,Other,2026-04-29,,0,occurred
8279,TNXP,Other,2026-04-29,,0,occurred
8280,HCM,Other,2026-04-29,,0,occurred
8281,IMNM,Other,2026-04-29,,0,occurred
8282,HCM,Other,2026-04-29,,0,occurred
8283,JAGX,Phase3,2026-04-29,,0,occurred
8284,ONC,PDUFA,2026-04-29,,0,occurred
8285,PFE,Phase3,2026-04-29,,0,occurred
8286,RNTX,Phase2,2026-04-29,,0,occurred
8287,PTCT,Phase3,2026-04-28,,0,occurred
8288,ABBV,Other,2026-04-28,,0,occurred
8289,SLDB,Phase3,2026-04-28,,0,occurred
8290,PTCT,Other,2026-04-28,,0,occurred
8291,ACRS,Other,2026-04-28,,0,occurred
8292,AZN,Other,2026-04-28,,0,occurred
8293,ABBV,Phase3,2026-04-28,,0,occurred
8294,CMPX,Phase2/3,2026-04-27,,0,occurred
8295,ERAS,Other,2026-04-27,,0,occurred
8296,JANX,Other,2026-04-27,,0,occurred
8297,PPBT,Other,2026-04-27,,0,occurred
8298,TERN,Other,2026-04-27,,0,occurred
8299,GILD,PDUFA,2026-04-27,,0,occurred
8300,JNJ,PDUFA,2026-04-27,,0,occurred
8301,RLAY,Other,2026-04-27,,0,occurred
8302,CYDY,Other,2026-04-27,,0,occurred
8303,ERAS,Other,2026-04-27,,0,occurred
8304,ARQT,Other,2026-04-27,,0,occurred
8305,MIRM,Phase2,2026-04-27,,0,occurred
8306,SGMT,Phase3,2026-04-27,,0,occurred
8307,HCWB,Other,2026-04-27,,0,occurred
8308,JAZZ,PDUFA,2026-04-27,,0,occurred
8309,ONCY,Phase3,2026-04-27,,0,occurred
8310,CRNX,Other,2026-04-27,,0,occurred
8311,PRTA,Phase3,2026-04-27,,0,occurred
8312,ERAS,Other,2026-04-27,,0,occurred
8313,ERAS,Other,2026-04-27,,0,occurred
8314,CGEM,PDUFA,2026-04-27,,0,occurred
8315,ABBV,Other,2026-04-27,,0,occurred
8316,NTLA,Other,2026-04-27,,0,occurred
8317,IONS,PDUFA,2026-04-27,,0,occurred
8318,ORKA,Phase2,2026-04-27,,0,occurred
8319,SGMT,Phase2,2026-04-27,,0,occurred
8320,CRMD,Phase3,2026-04-27,,0,occurred
8321,NTLA,Other,2026-04-27,,0,occurred
8322,ADIL,Other,2026-04-27,,0,occurred
8323,MANE,Phase2/3,2026-04-27,,0,occurred
8324,ETON,Other,2026-04-27,,0,occurred
8325,SION,Phase2,2026-04-27,,0,occurred
8326,ERAS,Other,2026-04-27,,0,occurred
8327,ORKA,Phase2,2026-04-27,,0,occurred
8328,ONCY,Phase3,2026-04-27,,0,occurred
8329,JANX,Other,2026-04-27,,0,occurred
8330,ERAS,Other,2026-04-27,,0,occurred
8331,CMPS,Other,2026-04-24,,0,occurred
8332,GRCE,Other,2026-04-23,,0,occurred
8333,GLSI,Phase3,2026-04-23,,0,occurred
8334,REGN,Other,2026-04-23,,0,occurred
8335,ARWR,Other,2026-04-23,,0,occurred
8336,ENLV,Phase2,2026-04-23,,0,occurred
8337,CNTB,Phase2,2026-04-23,,0,occurred
8338,ABBV,Other,2026-04-23,,0,occurred
8339,TMDX,Phase3,2026-04-23,,0,occurred
8340,TMDX,Phase3,2026-04-23,,0,occurred
8341,ATNM,Other,2026-04-22,,0,occurred
8342,BYSI,Other,2026-04-22,,0,occurred
8343,ATAI,Phase2,2026-04-22,,0,occurred
8344,NBIX,Phase3,2026-04-22,,0,occurred
8345,SABS,Other,2026-04-22,,0,occurred
8346,VTGN,Phase2,2026-04-22,,0,occurred
8347,TGTX,Other,2026-04-22,,0,occurred
8348,REGN,Other,2026-04-22,,0,occurred
8349,CYDY,Phase2,2026-04-22,,0,occurred
8350,ATNM,Other,2026-04-22,,0,occurred
8351,IPSEY,Other,2026-04-22,,0,occurred
8352,JNJ,Phase3,2026-04-22,,0,occurred
8353,MRK,PDUFA,2026-04-21,,0,occurred
8354,ANRO,Phase2,2026-04-21,,0,occurred
8355,BLTE,Other,2026-04-21,,0,occurred
8356,ALLO,Phase2,2026-04-21,,0,occurred
8357,NUVB,Other,2026-04-21,,0,occurred
8358,MRK,Other,2026-04-21,,0,occurred
8359,MRNA,Other,2026-04-21,,0,occurred
8360,IONS,PDUFA,2026-04-21,,0,occurred
8361,COGT,Other,2026-04-21,,0,occurred
8362,ZYME,Other,2026-04-21,,0,occurred
8363,MRK,Phase3,2026-04-21,,0,occurred
8364,RHHBY,Phase3,2026-04-21,,0,occurred
8365,KYTX,Phase2,2026-04-21,,0,occurred
8366,INBX,Other,2026-04-21,,0,occurred
8367,HUMA,Other,2026-04-21,,0,occurred
8368,ENLV,Phase2,2026-04-21,,0,occurred
8369,INCY,Phase3,2026-04-21,,0,occurred
8370,KYTX,Phase2,2026-04-21,,0,occurred
8371,MRK,Phase3,2026-04-21,,0,occurred
8372,INBX,Other,2026-04-21,,0,occurred
8373,MDNAF,Other,2026-04-21,,0,occurred
8374,RAPP,Phase2,2026-04-21,,0,occurred
8375,ZYME,Other,2026-04-21,,0,occurred
8376,BIOA,Other,2026-04-21,,0,occurred
8377,REGN,Other,2026-04-21,,0,occurred
8378,KYTX,Phase2,2026-04-20,,0,occurred
8379,BCYC,Phase2,2026-04-20,,0,occurred
8380,MCRB,Other,2026-04-20,,0,occurred
8381,CYDY,Other,2026-04-20,,0,occurred
8382,NKTR,Phase2,2026-04-20,,0,occurred
8383,BCYC,Other,2026-04-20,,0,occurred
8384,UTHR,Other,2026-04-20,,0,occurred
8385,PFE,PDUFA,2026-04-20,,0,occurred
8386,PHVS,Phase3,2026-04-20,,0,occurred
8387,RHHBY,Phase3,2026-04-20,,0,occurred
8388,KTTA,Other,2026-04-20,,0,occurred
8389,CATX,Other,2026-04-20,,0,occurred
8390,PASG,Other,2026-04-20,,0,occurred
8391,PASG,Other,2026-04-20,,0,occurred
8392,BCYC,Other,2026-04-20,,0,occurred
8393,LTRN,Phase2,2026-04-20,,0,occurred
8394,OGEN,Phase2,2026-04-20,,0,occurred
8395,BCYC,Other,2026-04-20,,0,occurred
8396,GLSI,Phase3,2026-04-20,,0,occurred
8397,AZN,Phase3,2026-04-20,,0,occurred
8398,RVMD,Other,2026-04-19,,0,occurred
8399,MNPR,Phase3,2026-04-19,,0,occurred
8400,IMCR,Phase3,2026-04-19,,0,occurred
8401,XENE,Phase3,2026-04-19,,0,occurred
8402,ARGX,Other,2026-04-18,,0,occurred
8403,ARGX,Phase2,2026-04-18,,0,occurred
8404,PLRX,Other,2026-04-18,,0,occurred
8405,ARGX,Other,2026-04-18,,0,occurred
8406,ARGX,PDUFA,2026-04-18,,0,occurred
8407,ARGX,Phase3,2026-04-18,,0,occurred
8408,ADAG,Other,2026-04-17,,0,occurred
8409,KURA,Other,2026-04-17,,0,occurred
8410,MRNA,Other,2026-04-17,,0,occurred
8411,EVAX,Phase2,2026-04-17,,0,occurred
8412,INKT,Phase2,2026-04-17,,0,occurred
8413,ADAG,Other,2026-04-17,,0,occurred
8414,MRNA,Phase2,2026-04-17,,0,occurred
8415,AGEN,Phase2,2026-04-17,,0,occurred
8416,ZLAB,Other,2026-04-17,,0,occurred
8417,ZLAB,Other,2026-04-17,,0,occurred
8418,ENSC,Other,2026-04-16,,0,occurred
8419,MRK,Other,2026-04-16,,0,occurred
8420,CPIX,Other,2026-04-16,,0,occurred
8421,MAIA,Phase2,2026-04-16,,0,occurred
8422,ALKS,Phase2,2026-04-16,,0,occurred
8423,MGTX,Other,2026-04-16,,0,occurred
8424,SVRA,PDUFA,2026-04-15,,0,occurred
8425,NKTX,Other,2026-04-15,,0,occurred
8426,IMMP,Other,2026-03-19,,0,occurred
8427,EDSA,Phase3,2026-02-24,,0,occurred
8428,PFE,Other,2026-02-24,,0,occurred
8429,JNJ,Phase3,2026-01-14,,0,occurred
8430,CNTA,Other,2026-01-14,,0,occurred
8431,ACIU,Phase2,2025-12-11,,0,occurred
8432,BMY,PDUFA,2025-12-11,,0,occurred
8433,KALV,Other,2025-10-06,,0,occurred
8434,BMY,Phase3,2025-07-21,,0,occurred
8435,TNXP,Phase2,2025-05-21,,0,occurred
8436,ERNA,Other,2025-01-14,,0,occurred
8437,BTAI,PDUFA,2026-11-14,Agitation; Bipolar depression; Bipolar disease; Mental health; Schizophrenia,1,upcoming
8438,ETON,Other,2026-12-31,,0,upcoming
8439,SMMT,PDUFA,2026-11-14,Cancer; Non-small cell lung carcinoma,1,upcoming
8440,SNSE,Other,2027-12-31,Breast cancer; HR+/HER2− breast cancer,0,upcoming
8441,BMRN,Phase3,,ENPP1 deficiency,0,occurred
8442,BYSI,Phase2,2026-05-31,Non-small cell lung carcinoma,1,occurred
8443,DARE,Phase2,2027-12-31,Human papillomavirus,0,upcoming
8444,IBRX,Other,2026-05-20,Fungal infections,0,occurred
8445,BLRX,Other,2026-12-31,Glioblastoma; Solid tumor/s,0,upcoming
8446,MLYS,Phase3,2026-05-30,Chronic kidney disease; Hypertension,0,occurred
8447,RHHBY,Phase3,2026-06-01,Blood cancer; Cancer; Diffuse large B cell lymphoma,0,occurred
8448,ZBIO,PDUFA,,IgG4-related disease,0,occurred
8449,LNTH,Other,2026-06-01,Osteosarcoma,0,occurred
8450,RHHBY,PDUFA,2026-10-09,Colorectal cancer ,0,upcoming
8451,RHHBY,Other,2026-06-01,Breast cancer; HER2-expressing cancers; Metastatic breast cancer,0,occurred
8452,RHHBY,Phase3,2026-05-31,Small cell lung cancer,1,occurred
8453,RHHBY,Other,2026-05-30,Non-small cell lung carcinoma,1,occurred
8454,RHHBY,Phase2,2026-05-30,Mantle cell lymphoma,0,occurred
8487,ARTV,Phase2,2026-06-03,Sjögren’s Disease ,0,occurred
8488,FATE,Other,,Systemic lupus erythematosus,0,occurred
8489,MDGL,Phase3,2026-05-27,Fatty liver disease; Liver disease,0,occurred
8490,CATX,Other,2026-05-31,MC1R-Positive Metastatic Melanoma,0,occurred
8491,ELDN,Phase2,2026-06-20,Kidney transplantation,0,upcoming
8492,LNTH,Phase2,2026-06-02,Thrombosis; Venous thromboembolism,0,occurred
8493,AAPG,Other,2026-05-30,Acute lymphoblastic leukemia; B-cell acute lymphoblastic leukemia; Leukemia,0,occurred
8494,ABBV,Other,2026-06-01,,0,occurred
8495,ABBV,Other,2026-05-29,Multiple myeloma,0,occurred
8496,ABBV,Other,2026-05-31,Castration-resistant prostate cancer,0,occurred
8497,ABBV,Other,2026-05-30,Platinum-resistant ovarian cancer,0,occurred
8498,AZN,Phase3,2026-06-01,Cancer; Liver cancer,0,occurred
8499,AZN,Phase3,2026-05-29,Amyloid light chain amyloidosis,0,occurred
8500,AZN,Phase3,2026-06-02,HR+/HER2− breast cancer,0,occurred
8501,AZN,Phase2,2026-05-30,Head and neck squamous cell carcinoma,0,occurred
8502,AZN,Other,2026-05-31,Advanced malignancies; Solid tumor/s,0,occurred
8503,AZN,Other,2026-05-30,Endometrial cancer; Ovarian cancer,0,occurred
8504,AZN,Other,2026-05-30,Hodgkin Lymphoma; Relapsed/ refractory lymphoma,0,occurred
8505,AZN,Phase2,2026-06-01,Gastric cancer; Gastroesophageal adenocarcinomas; Gastroesophageal junction tumors,0,occurred
8506,BMY,Other,2026-05-29,Blood cancer; Non-Hodgkin lymphoma,0,occurred
8507,BMY,Phase2/3,2026-05-30,Lung cancer; Non-small cell lung carcinoma,1,occurred
8508,BMY,Phase3,,Breast cancer; Metastatic breast cancer; Triple-negative breast cancer ,0,occurred
8509,BMY,Phase3,,Multiple myeloma,0,occurred
8510,BMY,Phase3,2026-06-01,Esophageal Squamous Cell Carcinoma,0,occurred
8511,BNTX,Phase2,2026-05-30,Platinum-resistant ovarian cancer,0,occurred
8512,CGEM,Other,2026-06-10,Autoimmune disease; Chronic Autoimmune and Inflammatory Diseases,0,occurred
8513,GILD,Other,,Triple-negative breast cancer ,0,occurred
8514,GILD,Phase3,2026-12-31,Metastatic breast cancer,0,upcoming
8515,GILD,Other,2026-06-13,B-cell lymphoma; Relapsed/ refractory lymphoma,0,upcoming
8516,GMAB,Phase3,2026-06-12,Diffuse large B cell lymphoma,0,upcoming
8517,GMAB,Other,2026-06-01,Diffuse large B cell lymphoma; Follicular lymphoma,0,occurred
8518,GMAB,Phase2,2026-06-13,Diffuse large B cell lymphoma,0,upcoming
8519,GMAB,Phase2,2026-05-30,Diffuse large B cell lymphoma,0,occurred
8520,MBRX,Other,2026-05-30,Cancer; Lung Metastases; Sarcoma; Soft tissue sarcoma; Solid tumor/s,0,occurred
8521,ONCY,Other,2026-05-30,Cancer; Pancreatic cancer,0,occurred
8522,REGN,Other,2026-05-29,Amyloid light chain amyloidosis,0,occurred
8523,CLYM,Other,2026-06-05,IgA nephropathy,0,occurred
8524,CTXR,Other,2026-05-30,Solid tumor/s,0,occurred
8525,GMAB,Phase3,2026-06-01,Endometrial cancer,0,occurred
8526,IMMP,Phase2/3,2026-05-30,Cancer; Metastatic breast cancer; Metastatic breast cancer to brain,0,occurred
8527,JBIO,Other,2027-12-31,Rheumatoid arthritis,0,upcoming
8528,KLRA,Phase2,2026-06-05,Obesity,0,occurred
8529,KLRA,Phase3,2026-12-31,Obesity,0,upcoming
8530,KLRA,Phase2,2027-12-31,Obesity,0,upcoming
8531,LLY,Phase3,2026-06-06,Obesity,0,occurred
8532,LLY,Phase3,2026-06-05,Cardiovascular risk reduction,0,occurred
8533,PSNL,Phase3,2026-05-31,Lung cancer,0,occurred
8534,BBIO,PDUFA,2026-11-27,Limb-Girdle Muscular Dystrophy,0,upcoming
8535,ABBV,Phase3,2026-06-12,Diffuse large B cell lymphoma; Relapsed/ refractory lymphoma,0,upcoming
8536,ALVO,PDUFA,2026-12-31,Eye disease ,0,upcoming
8537,AVLN,Phase2,2027-12-31,Idiopathic pulmonary fibrosis,0,upcoming
8538,BMY,PDUFA,2026-09-30,Hypertrophic cardiomyopathies ,0,upcoming
8539,CABA,Other,,Lupus nephritis; Systemic lupus erythematosus,0,occurred
8540,CRNX,Phase2,2026-06-14,Congenital adrenal hyperplasia,0,upcoming
8541,CRNX,Phase3,2026-06-14,Congenital adrenal hyperplasia,0,upcoming
8542,EXEL,PDUFA,2026-12-03,Cancer; Metastatic colorectal cancer; Solid tumor/s,0,upcoming
8543,IBIO,Other,2027-12-31,Cardiovascular disease ; Metabolic disorder,0,upcoming
8544,IMTX,Other,2027-12-31,Lung cancer; Non-small cell lung carcinoma; Squamous cancers,1,upcoming
8545,INCY,PDUFA,2026-09-26,Fibrodysplasia ossificans progressiva,0,upcoming
8546,INMB,Phase2,2026-07-12,Alzheimer's disease,1,upcoming
8547,LEGN,Other,2026-06-14,B-cell lymphoma; Non-Hodgkin lymphoma; Relapsed/ refractory lymphoma,0,upcoming
8548,LLY,Phase3,2026-06-12,Blood cancer; Cancer; Chronic lymphocytic leukemia; Lymphoma,0,upcoming
8549,LYEL,Phase3,2026-12-31,B-cell lymphoma; Blood cancer; Cancer,0,upcoming
8550,MDNAF,Other,2026-12-31,Cancer; Cold tumors,0,upcoming
8551,MNKD,Other,2026-09-30,Idiopathic pulmonary fibrosis; Lung disease,0,upcoming
8552,NAMS,Phase3,2026-06-12,Atherosclerotic cardiovascular disease ; Heterozygous familial hypercholesterolemia,0,upcoming
8553,OTLK,PDUFA,2026-07-31,Eye disease ; Wet age-related macular degeneration ,0,upcoming
8554,PCVX,Other,2027-12-31,Bacterial infection; Infectious disease,0,upcoming
8555,RHHBY,PDUFA,2026-11-30,Breast cancer; ER+/HER2- breast cancer,0,upcoming
8556,ABBV,Other,2026-06-12,relapsed or refractory light chain amyloidosis,0,upcoming
8557,SPTX,Other,2026-12-31,,0,upcoming
8558,AGMB,Phase2,2026-12-31,Crohns disease,0,upcoming
8559,AGMB,Other,2026-12-31,Idiopathic pulmonary fibrosis,0,upcoming
8560,AKTS,Other,2027-12-31,Cancer; Prostate cancer,0,upcoming
8561,CCCC,Other,2026-06-12,Blood cancer; Blood disorder; Hematologic malignancies; Multiple myeloma; Non-Hodgkin lymphoma,0,upcoming
8562,COAG,Other,2026-12-31,Von Willebrand disease,0,upcoming
8563,COAG,Phase2,2026-12-31,Factor VII deficiency,0,upcoming
8564,EIKN,Phase2/3,2026-12-31,Cancer; Melanoma,0,upcoming
8565,PBLS,Other,2026-12-31,Familial Adenomatous Polyposis,0,upcoming
